TITLE = "cavity_20000"
VARIABLES = "X", "Y", "nrho", "U", "V","Temperature"
ZONE T="cavity", I=72, J=72, K=1, F=POINT
-1.6963e-05,-1.6963e-05,2.6826e+25,0.15136,0.023149,273.07
-1.6963e-05,-1.6485e-05,2.6811e+25,-0.32605,0.069891,272.58
-1.6963e-05,-1.6007e-05,2.6893e+25,-0.030985,0.39867,272.54
-1.6963e-05,-1.553e-05,2.6932e+25,-0.10441,0.38458,272.53
-1.6963e-05,-1.5052e-05,2.689e+25,0.25905,0.3531,272.99
-1.6963e-05,-1.4574e-05,2.6963e+25,0.1067,0.0059464,272.25
-1.6963e-05,-1.4096e-05,2.6889e+25,-0.033478,-0.25218,272.82
-1.6963e-05,-1.3618e-05,2.6829e+25,-0.206,-0.08394,273.21
-1.6963e-05,-1.314e-05,2.6901e+25,0.43765,-0.26502,272.75
-1.6963e-05,-1.2663e-05,2.6828e+25,0.46278,-1.252,272.74
-1.6963e-05,-1.2185e-05,2.6879e+25,-0.26681,-1.5879,272.54
-1.6963e-05,-1.1707e-05,2.6897e+25,-0.0076284,-1.4023,272.17
-1.6963e-05,-1.1229e-05,2.6817e+25,0.015709,-1.2789,272.94
-1.6963e-05,-1.0751e-05,2.6902e+25,-0.88229,-0.22438,271.72
-1.6963e-05,-1.0273e-05,2.691e+25,-0.25321,0.94415,272.15
-1.6963e-05,-9.7956e-06,2.6938e+25,0.39776,0.87697,272.2
-1.6963e-05,-9.3178e-06,2.692e+25,0.058641,0.29485,272.83
-1.6963e-05,-8.8399e-06,2.6858e+25,-0.0026677,0.29217,272.85
-1.6963e-05,-8.3621e-06,2.6886e+25,0.18175,0.07085,272.59
-1.6963e-05,-7.8842e-06,2.6833e+25,0.21447,0.00016092,272.34
-1.6963e-05,-7.4064e-06,2.6821e+25,-0.39952,0.088422,272.19
-1.6963e-05,-6.9286e-06,2.6803e+25,-0.027454,0.42884,272.97
-1.6963e-05,-6.4508e-06,2.6796e+25,-0.05032,0.73711,273.35
-1.6963e-05,-5.9729e-06,2.6765e+25,0.036407,0.89928,273.54
-1.6963e-05,-5.4951e-06,2.6722e+25,0.19612,0.58535,273.06
-1.6963e-05,-5.0173e-06,2.6656e+25,0.040576,0.25363,273.44
-1.6963e-05,-4.5394e-06,2.6844e+25,-0.073056,0.2034,272.67
-1.6963e-05,-4.0616e-06,2.6942e+25,-0.21008,0.39207,271.92
-1.6963e-05,-3.5838e-06,2.6834e+25,0.021427,0.80225,271.79
-1.6963e-05,-3.1059e-06,2.6896e+25,-0.18759,1.1286,272.31
-1.6963e-05,-2.6281e-06,2.6919e+25,0.47845,0.90399,272.63
-1.6963e-05,-2.1502e-06,2.6781e+25,0.37557,0.2449,272.66
-1.6963e-05,-1.6724e-06,2.6852e+25,-0.31749,0.16175,273.37
-1.6963e-05,-1.1946e-06,2.6719e+25,-0.071344,0.78477,273.87
-1.6963e-05,-7.1675e-07,2.6875e+25,0.0071248,0.40155,273.24
-1.6963e-05,-2.3892e-07,2.683e+25,-0.27555,0.76048,272.69
-1.6963e-05,2.3892e-07,2.6832e+25,0.033932,0.81973,272.94
-1.6963e-05,7.1675e-07,2.6849e+25,0.02059,0.91154,272.86
-1.6963e-05,1.1946e-06,2.6915e+25,-0.10927,0.9974,272.5
-1.6963e-05,1.6724e-06,2.6829e+25,-0.20004,1.2634,272.74
-1.6963e-05,2.1502e-06,2.6865e+25,0.34405,1.0899,272.02
-1.6963e-05,2.6281e-06,2.6863e+25,0.32494,0.62542,272.09
-1.6963e-05,3.1059e-06,2.6818e+25,-0.39878,0.74067,272.58
-1.6963e-05,3.5838e-06,2.6826e+25,-0.035292,1.1052,272.54
-1.6963e-05,4.0616e-06,2.6856e+25,-0.058723,1.2872,272.58
-1.6963e-05,4.5394e-06,2.6824e+25,0.32047,0.83846,272.64
-1.6963e-05,5.0173e-06,2.6741e+25,0.072346,0.31083,272.96
-1.6963e-05,5.4951e-06,2.698e+25,-0.16038,0.48891,271.94
-1.6963e-05,5.9729e-06,2.6888e+25,-0.080967,0.50352,271.82
-1.6963e-05,6.4508e-06,2.6793e+25,0.045027,0.37816,272.83
-1.6963e-05,6.9286e-06,2.6779e+25,0.045121,0.35133,273.11
-1.6963e-05,7.4064e-06,2.6894e+25,0.053783,0.25899,272.81
-1.6963e-05,7.8842e-06,2.6862e+25,0.23014,0.19436,271.68
-1.6963e-05,8.3621e-06,2.6859e+25,0.016249,-0.1128,272.75
-1.6963e-05,8.8399e-06,2.6831e+25,-0.042769,-0.075237,272.51
-1.6963e-05,9.3178e-06,2.6701e+25,-0.4018,0.36538,273.33
-1.6963e-05,9.7956e-06,2.6755e+25,-0.29075,1.0394,273.26
-1.6963e-05,1.0273e-05,2.6699e+25,0.24052,1.0901,273.23
-1.6963e-05,1.0751e-05,2.6613e+25,-0.12373,1.2951,274.02
-1.6963e-05,1.1229e-05,2.6712e+25,-0.15679,1.8178,273.2
-1.6963e-05,1.1707e-05,2.6746e+25,-0.0030351,1.5712,272.49
-1.6963e-05,1.2185e-05,2.6713e+25,-0.055297,2.0954,273.13
-1.6963e-05,1.2663e-05,2.6847e+25,-0.24327,2.1712,272.92
-1.6963e-05,1.314e-05,2.6732e+25,0.046038,2.3379,272.94
-1.6963e-05,1.3618e-05,2.6702e+25,-0.0082592,2.4401,273.1
-1.6963e-05,1.4096e-05,2.6639e+25,-0.12197,2.769,273.56
-1.6963e-05,1.4574e-05,2.6785e+25,-0.22961,3.1856,272.52
-1.6963e-05,1.5052e-05,2.6732e+25,-0.48267,3.666,272.8
-1.6963e-05,1.553e-05,2.6581e+25,-0.7857,5.2998,272.63
-1.6963e-05,1.6007e-05,2.6467e+25,-0.82562,7.1596,272.96
-1.6963e-05,1.6485e-05,2.6317e+25,-0.31117,8.6439,272.77
-1.6963e-05,1.6963e-05,2.5509e+25,4.0404,6.1735,273.18
-1.6485e-05,-1.6963e-05,2.6929e+25,0.2843,-0.076442,272.53
-1.6485e-05,-1.6485e-05,2.6885e+25,-0.60834,-0.058046,272.5
-1.6485e-05,-1.6007e-05,2.689e+25,-0.039206,-0.078421,272.81
-1.6485e-05,-1.553e-05,2.6897e+25,0.10905,-0.16931,272.6
-1.6485e-05,-1.5052e-05,2.6815e+25,0.18011,-0.36487,273.19
-1.6485e-05,-1.4574e-05,2.6874e+25,0.12514,-0.11368,272.57
-1.6485e-05,-1.4096e-05,2.6842e+25,0.054942,0.16213,272.93
-1.6485e-05,-1.3618e-05,2.6781e+25,0.21851,-0.12328,273.06
-1.6485e-05,-1.314e-05,2.688e+25,0.91581,-0.93077,272.18
-1.6485e-05,-1.2663e-05,2.6896e+25,1.5179,-1.5682,272.22
-1.6485e-05,-1.2185e-05,2.6961e+25,-0.020009,-2.0797,271.9
-1.6485e-05,-1.1707e-05,2.6948e+25,-0.33215,-2.2163,271.28
-1.6485e-05,-1.1229e-05,2.6975e+25,-0.76322,-1.6376,271.7
-1.6485e-05,-1.0751e-05,2.6957e+25,-1.8022,-1.0345,271.49
-1.6485e-05,-1.0273e-05,2.696e+25,-1.193,-0.27979,271.95
-1.6485e-05,-9.7956e-06,2.6934e+25,0.70622,0.23174,272.17
-1.6485e-05,-9.3178e-06,2.6907e+25,0.28741,0.18388,272.44
-1.6485e-05,-8.8399e-06,2.6802e+25,-0.1804,0.16827,272.74
-1.6485e-05,-8.3621e-06,2.6813e+25,0.27168,0.45102,273.04
-1.6485e-05,-7.8842e-06,2.6752e+25,0.11484,0.16659,273.18
-1.6485e-05,-7.4064e-06,2.6858e+25,-0.4964,0.41332,272.52
-1.6485e-05,-6.9286e-06,2.6865e+25,-0.15285,0.21085,272.88
-1.6485e-05,-6.4508e-06,2.6856e+25,-0.35945,-0.052577,272.95
-1.6485e-05,-5.9729e-06,2.6876e+25,-0.23061,0.48539,272.31
-1.6485e-05,-5.4951e-06,2.6676e+25,0.42201,0.84938,273.73
-1.6485e-05,-5.0173e-06,2.675e+25,0.21845,0.72579,273.22
-1.6485e-05,-4.5394e-06,2.6816e+25,-0.064584,0.5182,272.54
-1.6485e-05,-4.0616e-06,2.6827e+25,-0.15304,0.56825,272.44
-1.6485e-05,-3.5838e-06,2.6815e+25,-0.58601,0.60416,272.23
-1.6485e-05,-3.1059e-06,2.6808e+25,0.01293,0.61566,272.77
-1.6485e-05,-2.6281e-06,2.6803e+25,-0.078325,1.0842,272.98
-1.6485e-05,-2.1502e-06,2.6818e+25,0.38314,2.3761,272.67
-1.6485e-05,-1.6724e-06,2.6814e+25,-0.30388,2.6202,273.06
-1.6485e-05,-1.1946e-06,2.6733e+25,0.15103,1.3123,273.1
-1.6485e-05,-7.1675e-07,2.6821e+25,-0.089062,1.8543,272.52
-1.6485e-05,-2.3892e-07,2.6808e+25,-0.47578,1.8622,272.69
-1.6485e-05,2.3892e-07,2.6883e+25,0.37678,1.5635,271.54
-1.6485e-05,7.1675e-07,2.6883e+25,-0.023468,1.115,271.77
-1.6485e-05,1.1946e-06,2.6918e+25,0.10652,1.0402,271.5
-1.6485e-05,1.6724e-06,2.6882e+25,-0.47682,0.6724,271.71
-1.6485e-05,2.1502e-06,2.6941e+25,0.44648,0.96324,271.3
-1.6485e-05,2.6281e-06,2.6848e+25,0.09322,1.3609,271.74
-1.6485e-05,3.1059e-06,2.6813e+25,-0.72851,1.9453,272.82
-1.6485e-05,3.5838e-06,2.6929e+25,-0.093493,1.9758,272.15
-1.6485e-05,4.0616e-06,2.6905e+25,0.23523,1.4184,271.9
-1.6485e-05,4.5394e-06,2.6909e+25,0.71488,1.4623,271.85
-1.6485e-05,5.0173e-06,2.7009e+25,0.2588,1.3587,271.67
-1.6485e-05,5.4951e-06,2.698e+25,0.063006,0.82264,271.1
-1.6485e-05,5.9729e-06,2.6925e+25,0.020039,0.65185,271.38
-1.6485e-05,6.4508e-06,2.6934e+25,0.019131,0.66961,272.2
-1.6485e-05,6.9286e-06,2.6874e+25,0.44992,0.34771,272.1
-1.6485e-05,7.4064e-06,2.6807e+25,0.12488,-0.16954,272.53
-1.6485e-05,7.8842e-06,2.6857e+25,0.16797,-0.16116,271.88
-1.6485e-05,8.3621e-06,2.6805e+25,0.14032,0.15794,272.86
-1.6485e-05,8.8399e-06,2.6761e+25,-0.2412,0.12684,272.64
-1.6485e-05,9.3178e-06,2.6745e+25,-1.4268,1.2989,272.51
-1.6485e-05,9.7956e-06,2.6698e+25,-0.68509,1.8076,273.26
-1.6485e-05,1.0273e-05,2.6737e+25,-0.33024,2.3671,272.83
-1.6485e-05,1.0751e-05,2.6746e+25,-0.784,3.4224,273.39
-1.6485e-05,1.1229e-05,2.6742e+25,-0.41793,3.6131,272.91
-1.6485e-05,1.1707e-05,2.6877e+25,-0.40727,4.4768,272.25
-1.6485e-05,1.2185e-05,2.6711e+25,-0.2638,4.6176,272.68
-1.6485e-05,1.2663e-05,2.674e+25,-0.20524,4.8858,272.47
-1.6485e-05,1.314e-05,2.6756e+25,-0.37522,5.2931,272.77
-1.6485e-05,1.3618e-05,2.6671e+25,-0.86832,6.3763,273.34
-1.6485e-05,1.4096e-05,2.6778e+25,-0.44689,6.801,272.29
-1.6485e-05,1.4574e-05,2.6746e+25,-0.50496,7.2277,272.13
-1.6485e-05,1.5052e-05,2.6621e+25,-1.6624,8.3038,272.02
-1.6485e-05,1.553e-05,2.6658e+25,-2.6795,9.3741,272.1
-1.6485e-05,1.6007e-05,2.6635e+25,-1.7764,10.197,272.13
-1.6485e-05,1.6485e-05,2.6461e+25,0.77463,8.9039,272.56
-1.6485e-05,1.6963e-05,2.613e+25,12.315,3.3015,273.97
-1.6007e-05,-1.6963e-05,2.6814e+25,0.18607,0.050968,272.92
-1.6007e-05,-1.6485e-05,2.6901e+25,-0.40024,-0.19157,271.83
-1.6007e-05,-1.6007e-05,2.7013e+25,-0.14376,-0.022445,271.74
-1.6007e-05,-1.553e-05,2.692e+25,0.57263,-0.40928,272.3
-1.6007e-05,-1.5052e-05,2.6937e+25,0.30389,-0.54811,271.92
-1.6007e-05,-1.4574e-05,2.6905e+25,-0.016345,-0.7692,271.87
-1.6007e-05,-1.4096e-05,2.6851e+25,-0.12704,-0.83466,272.49
-1.6007e-05,-1.3618e-05,2.687e+25,0.93189,-1.002,272.54
-1.6007e-05,-1.314e-05,2.6911e+25,1.3539,-1.432,272.03
-1.6007e-05,-1.2663e-05,2.6934e+25,1.4137,-1.0088,272.02
-1.6007e-05,-1.2185e-05,2.7021e+25,0.066234,-0.45248,271.35
-1.6007e-05,-1.1707e-05,2.7047e+25,-0.31931,-0.36288,270.75
-1.6007e-05,-1.1229e-05,2.6986e+25,-0.75387,-1.0272,270.92
-1.6007e-05,-1.0751e-05,2.7008e+25,-2.0962,-1.233,271.23
-1.6007e-05,-1.0273e-05,2.6895e+25,-1.7846,-0.99864,271.53
-1.6007e-05,-9.7956e-06,2.6876e+25,-0.1575,-0.23363,271.76
-1.6007e-05,-9.3178e-06,2.6899e+25,0.20225,0.75816,272.44
-1.6007e-05,-8.8399e-06,2.6806e+25,-0.17278,0.79384,273.03
-1.6007e-05,-8.3621e-06,2.6869e+25,0.38624,0.47173,272.65
-1.6007e-05,-7.8842e-06,2.6891e+25,0.49411,0.1908,272.38
-1.6007e-05,-7.4064e-06,2.6844e+25,-0.44825,-0.5965,272.24
-1.6007e-05,-6.9286e-06,2.692e+25,-0.15939,-0.24479,272.63
-1.6007e-05,-6.4508e-06,2.6977e+25,-0.39964,0.17108,271.24
-1.6007e-05,-5.9729e-06,2.6825e+25,-0.66307,0.026627,272.27
-1.6007e-05,-5.4951e-06,2.6771e+25,0.057532,0.59428,273.41
-1.6007e-05,-5.0173e-06,2.6762e+25,-0.062878,1.2639,273.25
-1.6007e-05,-4.5394e-06,2.6782e+25,0.15226,1.4742,273.46
-1.6007e-05,-4.0616e-06,2.6861e+25,-0.28147,1.1661,272.35
-1.6007e-05,-3.5838e-06,2.6867e+25,-0.15718,0.96934,272.3
-1.6007e-05,-3.1059e-06,2.69e+25,-0.26362,0.88543,272.65
-1.6007e-05,-2.6281e-06,2.691e+25,-1.2951,1.6352,272.31
-1.6007e-05,-2.1502e-06,2.6924e+25,-0.97589,2.7271,271.76
-1.6007e-05,-1.6724e-06,2.6965e+25,0.48606,2.8127,271.17
-1.6007e-05,-1.1946e-06,2.6784e+25,0.81808,2.7418,272.22
-1.6007e-05,-7.1675e-07,2.6876e+25,-0.59471,2.7374,272.25
-1.6007e-05,-2.3892e-07,2.6848e+25,0.2709,2.4202,272.11
-1.6007e-05,2.3892e-07,2.6789e+25,0.32361,1.9372,272.33
-1.6007e-05,7.1675e-07,2.6868e+25,0.36514,1.6705,271.93
-1.6007e-05,1.1946e-06,2.6941e+25,0.093005,1.4936,271.03
-1.6007e-05,1.6724e-06,2.6735e+25,0.15354,1.2355,272.16
-1.6007e-05,2.1502e-06,2.6879e+25,-0.27189,1.2464,272.09
-1.6007e-05,2.6281e-06,2.6796e+25,-0.26508,1.8526,272.55
-1.6007e-05,3.1059e-06,2.6908e+25,-0.81111,1.7839,271.71
-1.6007e-05,3.5838e-06,2.6857e+25,0.1484,1.4904,271.81
-1.6007e-05,4.0616e-06,2.6936e+25,0.77334,1.3492,271.58
-1.6007e-05,4.5394e-06,2.6869e+25,0.20039,1.1927,271.61
-1.6007e-05,5.0173e-06,2.6929e+25,0.7044,1.2386,271.38
-1.6007e-05,5.4951e-06,2.6864e+25,-0.014224,1.4729,272.2
-1.6007e-05,5.9729e-06,2.6857e+25,0.28999,1.8346,272.25
-1.6007e-05,6.4508e-06,2.6882e+25,0.16309,1.3497,272.14
-1.6007e-05,6.9286e-06,2.6935e+25,0.56173,1.5586,271.51
-1.6007e-05,7.4064e-06,2.6813e+25,0.75193,1.0997,272.31
-1.6007e-05,7.8842e-06,2.6766e+25,0.10567,0.31576,272.58
-1.6007e-05,8.3621e-06,2.6814e+25,-0.59895,0.82976,272.73
-1.6007e-05,8.8399e-06,2.6753e+25,-0.79221,1.8357,272.99
-1.6007e-05,9.3178e-06,2.6843e+25,-2.1516,2.2538,272.6
-1.6007e-05,9.7956e-06,2.6797e+25,-0.98209,2.8803,273.09
-1.6007e-05,1.0273e-05,2.6903e+25,-1.2255,3.5257,272.03
-1.6007e-05,1.0751e-05,2.6844e+25,-1.2518,3.7826,271.96
-1.6007e-05,1.1229e-05,2.6836e+25,-0.87228,4.5335,272.23
-1.6007e-05,1.1707e-05,2.6761e+25,-0.84814,4.7278,272.61
-1.6007e-05,1.2185e-05,2.6823e+25,-0.69183,5.5312,272.15
-1.6007e-05,1.2663e-05,2.6804e+25,-0.51892,5.8006,272.08
-1.6007e-05,1.314e-05,2.6872e+25,-1.2266,6.3663,272.12
-1.6007e-05,1.3618e-05,2.6763e+25,-1.8363,7.0472,272.65
-1.6007e-05,1.4096e-05,2.6901e+25,-0.81624,7.6785,271.47
-1.6007e-05,1.4574e-05,2.6808e+25,-1.2331,8.4908,271.57
-1.6007e-05,1.5052e-05,2.6757e+25,-2.6046,9.1397,271.29
-1.6007e-05,1.553e-05,2.6747e+25,-3.262,9.6612,271.91
-1.6007e-05,1.6007e-05,2.6645e+25,-1.2655,9.4196,272.46
-1.6007e-05,1.6485e-05,2.6633e+25,4.2969,7.1394,272.94
-1.6007e-05,1.6963e-05,2.6422e+25,18.46,2.4163,274
-1.553e-05,-1.6963e-05,2.6765e+25,0.1541,-0.10305,273.12
-1.553e-05,-1.6485e-05,2.6979e+25,-0.096567,-0.080562,271.58
-1.553e-05,-1.6007e-05,2.6857e+25,-0.036873,-0.55738,271.96
-1.553e-05,-1.553e-05,2.6886e+25,0.74528,-0.45482,271.97
-1.553e-05,-1.5052e-05,2.6951e+25,-0.006976,-0.13415,272.18
-1.553e-05,-1.4574e-05,2.696e+25,0.39306,-0.16718,271.59
-1.553e-05,-1.4096e-05,2.6949e+25,0.32507,-0.80466,272
-1.553e-05,-1.3618e-05,2.687e+25,0.42795,-0.60026,272.21
-1.553e-05,-1.314e-05,2.6888e+25,1.368,0.083903,271.98
-1.553e-05,-1.2663e-05,2.6904e+25,0.60076,0.40033,272.22
-1.553e-05,-1.2185e-05,2.707e+25,0.11643,0.47528,270.75
-1.553e-05,-1.1707e-05,2.7036e+25,0.069103,0.065504,270.63
-1.553e-05,-1.1229e-05,2.7017e+25,-0.41485,0.20087,270.2
-1.553e-05,-1.0751e-05,2.7043e+25,-2.0758,-0.18973,270.79
-1.553e-05,-1.0273e-05,2.6977e+25,-1.4769,-0.75241,271.09
-1.553e-05,-9.7956e-06,2.6851e+25,-1.283,-0.60136,271.81
-1.553e-05,-9.3178e-06,2.6803e+25,-0.49449,0.25077,272.95
-1.553e-05,-8.8399e-06,2.6766e+25,0.13912,0.44694,273.9
-1.553e-05,-8.3621e-06,2.6701e+25,0.62381,0.60015,273.31
-1.553e-05,-7.8842e-06,2.6815e+25,0.81434,0.48451,272.94
-1.553e-05,-7.4064e-06,2.6845e+25,0.20296,0.18645,272.69
-1.553e-05,-6.9286e-06,2.6916e+25,-0.92938,0.077419,271.64
-1.553e-05,-6.4508e-06,2.7029e+25,-0.35664,0.43432,270.9
-1.553e-05,-5.9729e-06,2.684e+25,-0.44447,0.37491,271.77
-1.553e-05,-5.4951e-06,2.6833e+25,-0.76585,0.46752,273.02
-1.553e-05,-5.0173e-06,2.6795e+25,-0.17704,0.92724,272.74
-1.553e-05,-4.5394e-06,2.6853e+25,-0.064013,1.1067,272.63
-1.553e-05,-4.0616e-06,2.6865e+25,0.024326,1.1986,272.32
-1.553e-05,-3.5838e-06,2.6858e+25,-0.43205,1.5321,272.16
-1.553e-05,-3.1059e-06,2.6955e+25,-0.60076,1.7077,272.19
-1.553e-05,-2.6281e-06,2.6828e+25,-1.5697,1.8683,272.01
-1.553e-05,-2.1502e-06,2.6972e+25,-1.3545,1.7874,271.62
-1.553e-05,-1.6724e-06,2.7003e+25,0.026877,2.5384,271.3
-1.553e-05,-1.1946e-06,2.683e+25,0.3553,3.0878,271.35
-1.553e-05,-7.1675e-07,2.705e+25,-0.65724,3.2714,270.58
-1.553e-05,-2.3892e-07,2.6973e+25,0.47918,3.5398,271.73
-1.553e-05,2.3892e-07,2.6872e+25,1.2853,2.7097,271.76
-1.553e-05,7.1675e-07,2.6987e+25,0.75001,2.0196,271.59
-1.553e-05,1.1946e-06,2.6976e+25,-0.010298,1.939,271.13
-1.553e-05,1.6724e-06,2.6843e+25,0.44755,1.8695,272.06
-1.553e-05,2.1502e-06,2.6746e+25,-0.53854,1.7242,273.39
-1.553e-05,2.6281e-06,2.6828e+25,-0.82028,2.2567,272.7
-1.553e-05,3.1059e-06,2.6931e+25,-0.6738,2.6734,271.83
-1.553e-05,3.5838e-06,2.6914e+25,0.67984,2.3618,271.56
-1.553e-05,4.0616e-06,2.6889e+25,0.927,1.8482,271.33
-1.553e-05,4.5394e-06,2.694e+25,0.15455,1.9701,271.37
-1.553e-05,5.0173e-06,2.6925e+25,0.31497,2.4444,271.44
-1.553e-05,5.4951e-06,2.6738e+25,-0.48219,2.8723,272.67
-1.553e-05,5.9729e-06,2.6865e+25,-0.0037006,3.2438,272.44
-1.553e-05,6.4508e-06,2.6772e+25,0.15058,3.6229,272.57
-1.553e-05,6.9286e-06,2.6882e+25,1.1806,3.0636,272.26
-1.553e-05,7.4064e-06,2.6902e+25,1.5741,2.3672,272.24
-1.553e-05,7.8842e-06,2.683e+25,0.11628,2.7221,272.43
-1.553e-05,8.3621e-06,2.6848e+25,-1.2889,2.7205,272.7
-1.553e-05,8.8399e-06,2.6728e+25,-1.5729,3.461,272.36
-1.553e-05,9.3178e-06,2.683e+25,-2.3349,3.6645,272.08
-1.553e-05,9.7956e-06,2.6881e+25,-1.6423,3.7802,271.88
-1.553e-05,1.0273e-05,2.6866e+25,-1.1528,4.1231,271.87
-1.553e-05,1.0751e-05,2.6927e+25,-1.8099,3.9952,271.65
-1.553e-05,1.1229e-05,2.6974e+25,-1.6227,4.3893,271.02
-1.553e-05,1.1707e-05,2.6881e+25,-1.3165,5.2097,271.5
-1.553e-05,1.2185e-05,2.6799e+25,-1.5354,5.8833,271.77
-1.553e-05,1.2663e-05,2.6852e+25,-1.1984,6.7395,271.68
-1.553e-05,1.314e-05,2.6857e+25,-1.4191,7.3379,271.93
-1.553e-05,1.3618e-05,2.6911e+25,-2.3448,7.5736,271.31
-1.553e-05,1.4096e-05,2.6861e+25,-2.0355,8.9068,272.3
-1.553e-05,1.4574e-05,2.6822e+25,-1.9486,9.8634,271.84
-1.553e-05,1.5052e-05,2.6747e+25,-2.7461,10.192,272.38
-1.553e-05,1.553e-05,2.66e+25,-2.8411,9.502,273.09
-1.553e-05,1.6007e-05,2.6641e+25,0.50181,7.8009,272.8
-1.553e-05,1.6485e-05,2.6673e+25,7.9458,4.8458,272.63
-1.553e-05,1.6963e-05,2.6688e+25,21.942,1.3487,273.27
-1.5052e-05,-1.6963e-05,2.6853e+25,0.18943,-0.034048,272.87
-1.5052e-05,-1.6485e-05,2.6941e+25,0.13843,-0.12426,271.75
-1.5052e-05,-1.6007e-05,2.6934e+25,-0.0548,0.096554,272.31
-1.5052e-05,-1.553e-05,2.6851e+25,0.47043,0.013449,272.73
-1.5052e-05,-1.5052e-05,2.6881e+25,-0.042519,0.21465,272.5
-1.5052e-05,-1.4574e-05,2.6958e+25,0.8755,-0.024543,271.97
-1.5052e-05,-1.4096e-05,2.6789e+25,0.39608,-0.37337,272.6
-1.5052e-05,-1.3618e-05,2.6962e+25,-0.19745,0.20375,271.55
-1.5052e-05,-1.314e-05,2.6997e+25,1.0981,0.50969,271.52
-1.5052e-05,-1.2663e-05,2.698e+25,0.20784,0.68068,271.49
-1.5052e-05,-1.2185e-05,2.7041e+25,0.29734,0.7229,270.5
-1.5052e-05,-1.1707e-05,2.7154e+25,0.24993,0.63826,269.87
-1.5052e-05,-1.1229e-05,2.7095e+25,-0.23824,0.21361,270.29
-1.5052e-05,-1.0751e-05,2.6976e+25,-1.4469,0.052772,271.02
-1.5052e-05,-1.0273e-05,2.7022e+25,-1.3155,-0.62126,270.51
-1.5052e-05,-9.7956e-06,2.7005e+25,-1.5164,-0.38294,271.28
-1.5052e-05,-9.3178e-06,2.6795e+25,-1.2144,0.4136,273.1
-1.5052e-05,-8.8399e-06,2.6838e+25,-0.26576,1.0175,273.61
-1.5052e-05,-8.3621e-06,2.6854e+25,0.51527,0.98823,272.99
-1.5052e-05,-7.8842e-06,2.6864e+25,0.79737,1.1762,272.94
-1.5052e-05,-7.4064e-06,2.6835e+25,0.51963,1.1192,272.36
-1.5052e-05,-6.9286e-06,2.6934e+25,-0.69243,0.82189,271.02
-1.5052e-05,-6.4508e-06,2.7005e+25,-0.69702,0.68459,271.21
-1.5052e-05,-5.9729e-06,2.6893e+25,-0.93287,1.2255,271.54
-1.5052e-05,-5.4951e-06,2.6813e+25,-0.99533,1.5843,273.06
-1.5052e-05,-5.0173e-06,2.684e+25,-0.65862,1.8964,272.71
-1.5052e-05,-4.5394e-06,2.6859e+25,-0.43591,2.5269,273
-1.5052e-05,-4.0616e-06,2.687e+25,-0.2532,2.6221,272.54
-1.5052e-05,-3.5838e-06,2.6825e+25,-0.29534,2.4385,272.62
-1.5052e-05,-3.1059e-06,2.6903e+25,-1.0133,2.7808,272.1
-1.5052e-05,-2.6281e-06,2.6903e+25,-1.4514,2.9616,272.1
-1.5052e-05,-2.1502e-06,2.6984e+25,-1.7136,2.9925,270.96
-1.5052e-05,-1.6724e-06,2.7136e+25,-0.21933,3.0691,270.1
-1.5052e-05,-1.1946e-06,2.7043e+25,0.060103,3.3889,270.87
-1.5052e-05,-7.1675e-07,2.6953e+25,-0.48121,3.4098,271.41
-1.5052e-05,-2.3892e-07,2.6946e+25,0.58578,2.8418,271.65
-1.5052e-05,2.3892e-07,2.7001e+25,1.8225,3.0503,270.92
-1.5052e-05,7.1675e-07,2.6979e+25,0.80033,3.137,271.61
-1.5052e-05,1.1946e-06,2.6837e+25,0.28025,2.9719,272.52
-1.5052e-05,1.6724e-06,2.6856e+25,0.29052,2.9453,271.93
-1.5052e-05,2.1502e-06,2.6871e+25,-0.29075,3.1549,272.08
-1.5052e-05,2.6281e-06,2.6882e+25,-1.5269,3.0965,271.9
-1.5052e-05,3.1059e-06,2.6911e+25,-0.9409,3.1872,271.7
-1.5052e-05,3.5838e-06,2.688e+25,0.91237,3.4858,271.46
-1.5052e-05,4.0616e-06,2.6953e+25,0.76112,3.7243,270.9
-1.5052e-05,4.5394e-06,2.6967e+25,0.11199,3.5546,271.23
-1.5052e-05,5.0173e-06,2.6971e+25,-0.26546,4.1188,271.03
-1.5052e-05,5.4951e-06,2.6884e+25,-0.90277,4.7803,271.42
-1.5052e-05,5.9729e-06,2.6865e+25,-0.080913,4.8504,271.51
-1.5052e-05,6.4508e-06,2.6802e+25,0.64075,4.5,272.76
-1.5052e-05,6.9286e-06,2.6812e+25,1.4001,4.3019,271.99
-1.5052e-05,7.4064e-06,2.6937e+25,1.3343,4.4552,272.11
-1.5052e-05,7.8842e-06,2.6815e+25,-0.24596,5.0531,272.65
-1.5052e-05,8.3621e-06,2.6738e+25,-1.1636,4.818,272.94
-1.5052e-05,8.8399e-06,2.6895e+25,-1.8323,4.7682,271.86
-1.5052e-05,9.3178e-06,2.6863e+25,-2.2924,4.333,271.27
-1.5052e-05,9.7956e-06,2.6818e+25,-1.6522,4.5568,271.78
-1.5052e-05,1.0273e-05,2.6818e+25,-1.8922,4.9441,271.73
-1.5052e-05,1.0751e-05,2.6906e+25,-1.7897,5.7821,271.94
-1.5052e-05,1.1229e-05,2.6905e+25,-2.4453,6.5688,271.71
-1.5052e-05,1.1707e-05,2.6909e+25,-1.2945,6.6902,271.5
-1.5052e-05,1.2185e-05,2.6928e+25,-2.19,6.2771,271.35
-1.5052e-05,1.2663e-05,2.6875e+25,-1.7634,6.8329,272.09
-1.5052e-05,1.314e-05,2.6774e+25,-1.8826,7.3921,272.04
-1.5052e-05,1.3618e-05,2.6912e+25,-3.3283,8.0532,271.28
-1.5052e-05,1.4096e-05,2.6785e+25,-3.0588,8.6403,272.3
-1.5052e-05,1.4574e-05,2.6825e+25,-2.3077,9.3445,272.46
-1.5052e-05,1.5052e-05,2.6759e+25,-2.9478,9.6459,272.99
-1.5052e-05,1.553e-05,2.6684e+25,-1.3149,9.2668,273.35
-1.5052e-05,1.6007e-05,2.6675e+25,2.7635,7.1572,272.97
-1.5052e-05,1.6485e-05,2.6781e+25,11.401,4.1381,272.1
-1.5052e-05,1.6963e-05,2.6763e+25,24.626,1.121,273.09
-1.4574e-05,-1.6963e-05,2.686e+25,0.45543,0.023885,272.5
-1.4574e-05,-1.6485e-05,2.6896e+25,-0.39642,0.2576,272.81
-1.4574e-05,-1.6007e-05,2.6854e+25,0.0072258,0.27569,272.66
-1.4574e-05,-1.553e-05,2.6752e+25,0.28952,0.48302,273.26
-1.4574e-05,-1.5052e-05,2.6763e+25,-0.13454,0.68019,273.41
-1.4574e-05,-1.4574e-05,2.6907e+25,0.97414,0.80529,272.2
-1.4574e-05,-1.4096e-05,2.6914e+25,0.48783,1.0343,271.78
-1.4574e-05,-1.3618e-05,2.696e+25,-0.69494,0.93716,271.86
-1.4574e-05,-1.314e-05,2.701e+25,0.63179,1.4552,270.52
-1.4574e-05,-1.2663e-05,2.714e+25,0.62474,1.2221,269.8
-1.4574e-05,-1.2185e-05,2.7074e+25,0.46912,1.0239,270.49
-1.4574e-05,-1.1707e-05,2.707e+25,0.16162,1.0611,270.25
-1.4574e-05,-1.1229e-05,2.7044e+25,0.14375,0.89543,270.95
-1.4574e-05,-1.0751e-05,2.7065e+25,-1.1327,0.4698,270.6
-1.4574e-05,-1.0273e-05,2.6908e+25,-1.4399,1.1039,271.17
-1.4574e-05,-9.7956e-06,2.7021e+25,-2.3044,1.9848,270.85
-1.4574e-05,-9.3178e-06,2.6966e+25,-1.7017,2.1119,271.55
-1.4574e-05,-8.8399e-06,2.681e+25,-0.22262,2.1766,273.23
-1.4574e-05,-8.3621e-06,2.6763e+25,0.55747,2.0625,273.79
-1.4574e-05,-7.8842e-06,2.6776e+25,0.72928,2.1045,273.38
-1.4574e-05,-7.4064e-06,2.681e+25,0.5901,1.7393,273.42
-1.4574e-05,-6.9286e-06,2.6892e+25,-0.49679,1.7437,272.01
-1.4574e-05,-6.4508e-06,2.7056e+25,-0.77452,1.8153,271.06
-1.4574e-05,-5.9729e-06,2.6897e+25,-1.256,1.8029,271.96
-1.4574e-05,-5.4951e-06,2.6727e+25,-1.4475,2.7459,273.39
-1.4574e-05,-5.0173e-06,2.6702e+25,-1.1699,3.2766,273.44
-1.4574e-05,-4.5394e-06,2.6812e+25,-0.42645,3.331,273.41
-1.4574e-05,-4.0616e-06,2.6837e+25,0.1106,3.0448,272.8
-1.4574e-05,-3.5838e-06,2.6849e+25,-0.58058,2.9458,272.25
-1.4574e-05,-3.1059e-06,2.6887e+25,-1.1125,3.0144,271.99
-1.4574e-05,-2.6281e-06,2.6949e+25,-1.6588,2.9394,271.13
-1.4574e-05,-2.1502e-06,2.7052e+25,-1.3272,2.8636,270.34
-1.4574e-05,-1.6724e-06,2.7098e+25,-0.57116,2.4967,270.15
-1.4574e-05,-1.1946e-06,2.7027e+25,-0.043738,2.3939,270.74
-1.4574e-05,-7.1675e-07,2.6921e+25,0.17883,2.0737,271.08
-1.4574e-05,-2.3892e-07,2.6913e+25,0.31805,2.3495,271.76
-1.4574e-05,2.3892e-07,2.6887e+25,1.1668,2.7619,271.89
-1.4574e-05,7.1675e-07,2.6953e+25,0.75336,3.5251,271.42
-1.4574e-05,1.1946e-06,2.6915e+25,0.48327,3.8914,272.3
-1.4574e-05,1.6724e-06,2.6836e+25,0.22494,3.5461,272.57
-1.4574e-05,2.1502e-06,2.6964e+25,-0.48279,3.4376,271.8
-1.4574e-05,2.6281e-06,2.6958e+25,-1.4052,3.4701,271.08
-1.4574e-05,3.1059e-06,2.6867e+25,-0.71863,3.0486,271.71
-1.4574e-05,3.5838e-06,2.6941e+25,0.33608,3.176,271.34
-1.4574e-05,4.0616e-06,2.6822e+25,1.0112,3.4435,271.86
-1.4574e-05,4.5394e-06,2.6912e+25,-0.033194,3.2479,271.95
-1.4574e-05,5.0173e-06,2.6991e+25,-0.87882,3.6013,271.54
-1.4574e-05,5.4951e-06,2.6901e+25,-1.4647,4.0698,271.72
-1.4574e-05,5.9729e-06,2.692e+25,-0.21872,4.4232,271.85
-1.4574e-05,6.4508e-06,2.6799e+25,0.76763,4.9327,272.52
-1.4574e-05,6.9286e-06,2.6721e+25,1.3081,4.9608,272.97
-1.4574e-05,7.4064e-06,2.6846e+25,0.68632,5.7428,272.64
-1.4574e-05,7.8842e-06,2.691e+25,-0.4026,5.92,272.21
-1.4574e-05,8.3621e-06,2.6753e+25,-0.88029,6.0805,272.86
-1.4574e-05,8.8399e-06,2.6929e+25,-1.3306,5.4758,271.5
-1.4574e-05,9.3178e-06,2.6884e+25,-2.1767,5.2275,271.33
-1.4574e-05,9.7956e-06,2.6929e+25,-2.0024,5.1654,271.71
-1.4574e-05,1.0273e-05,2.6919e+25,-2.5694,5.609,271.92
-1.4574e-05,1.0751e-05,2.6947e+25,-3.2079,6.5412,271.84
-1.4574e-05,1.1229e-05,2.6964e+25,-2.5278,6.9611,271.2
-1.4574e-05,1.1707e-05,2.6898e+25,-1.1603,7.1386,271.78
-1.4574e-05,1.2185e-05,2.6869e+25,-2.1037,7.5049,271.54
-1.4574e-05,1.2663e-05,2.681e+25,-2.384,7.4949,272.63
-1.4574e-05,1.314e-05,2.6747e+25,-2.0819,7.6556,273.04
-1.4574e-05,1.3618e-05,2.6722e+25,-3.653,7.7913,272.78
-1.4574e-05,1.4096e-05,2.6835e+25,-3.2959,7.7166,271.93
-1.4574e-05,1.4574e-05,2.676e+25,-3.4318,8.087,272.81
-1.4574e-05,1.5052e-05,2.6669e+25,-2.8302,8.7087,272.98
-1.4574e-05,1.553e-05,2.6647e+25,0.1721,7.8714,273.05
-1.4574e-05,1.6007e-05,2.6726e+25,5.4735,5.6009,273.13
-1.4574e-05,1.6485e-05,2.6751e+25,14.581,2.456,273.14
-1.4574e-05,1.6963e-05,2.6732e+25,26.588,0.60087,273.66
-1.4096e-05,-1.6963e-05,2.6755e+25,0.22077,0.19024,273.37
-1.4096e-05,-1.6485e-05,2.6848e+25,-0.36994,0.038894,272.75
-1.4096e-05,-1.6007e-05,2.6766e+25,0.20202,0.089331,273.19
-1.4096e-05,-1.553e-05,2.6654e+25,-0.23809,-0.1077,274.41
-1.4096e-05,-1.5052e-05,2.6808e+25,-0.31614,0.13487,273.11
-1.4096e-05,-1.4574e-05,2.6923e+25,0.30682,0.75226,272.18
-1.4096e-05,-1.4096e-05,2.6806e+25,0.045898,1.6797,272.48
-1.4096e-05,-1.3618e-05,2.6969e+25,-0.64468,1.9025,271.44
-1.4096e-05,-1.314e-05,2.7173e+25,0.86154,1.457,269.41
-1.4096e-05,-1.2663e-05,2.7156e+25,0.87766,1.572,269.47
-1.4096e-05,-1.2185e-05,2.7034e+25,-0.031435,1.5646,270.66
-1.4096e-05,-1.1707e-05,2.7016e+25,0.3868,1.4532,270.89
-1.4096e-05,-1.1229e-05,2.6956e+25,0.074258,2.0349,271.18
-1.4096e-05,-1.0751e-05,2.6907e+25,-1.2849,2.1288,272.16
-1.4096e-05,-1.0273e-05,2.6915e+25,-2.209,2.2592,272.05
-1.4096e-05,-9.7956e-06,2.6838e+25,-2.5303,2.4135,272.43
-1.4096e-05,-9.3178e-06,2.6855e+25,-2.2033,3.0051,272.63
-1.4096e-05,-8.8399e-06,2.6765e+25,-0.051626,3.4401,273.03
-1.4096e-05,-8.3621e-06,2.6726e+25,0.28682,3.3182,273.75
-1.4096e-05,-7.8842e-06,2.6752e+25,1.4701,3.181,273.62
-1.4096e-05,-7.4064e-06,2.6788e+25,0.81797,2.6979,273.62
-1.4096e-05,-6.9286e-06,2.6805e+25,-0.54478,2.5848,272.61
-1.4096e-05,-6.4508e-06,2.6956e+25,-0.78164,2.6228,271.71
-1.4096e-05,-5.9729e-06,2.6941e+25,-1.8041,2.7487,272.21
-1.4096e-05,-5.4951e-06,2.6871e+25,-1.8332,2.7718,272.83
-1.4096e-05,-5.0173e-06,2.6851e+25,-1.5714,2.6025,272.51
-1.4096e-05,-4.5394e-06,2.6926e+25,-0.3627,3.1879,272.53
-1.4096e-05,-4.0616e-06,2.6861e+25,-0.081118,3.6469,272.39
-1.4096e-05,-3.5838e-06,2.6889e+25,-0.19015,3.3981,271.68
-1.4096e-05,-3.1059e-06,2.6913e+25,-1.099,3.1093,271.62
-1.4096e-05,-2.6281e-06,2.6921e+25,-1.4037,3.0604,271.87
-1.4096e-05,-2.1502e-06,2.7046e+25,-0.90393,2.5294,270.89
-1.4096e-05,-1.6724e-06,2.7081e+25,-0.17488,1.9105,270.17
-1.4096e-05,-1.1946e-06,2.7042e+25,0.18236,1.6056,270.53
-1.4096e-05,-7.1675e-07,2.6921e+25,0.1005,2.0804,271.57
-1.4096e-05,-2.3892e-07,2.6947e+25,-0.010911,1.8041,271.72
-1.4096e-05,2.3892e-07,2.6867e+25,0.50625,2.5627,271.97
-1.4096e-05,7.1675e-07,2.6958e+25,0.20126,2.9643,271.48
-1.4096e-05,1.1946e-06,2.6856e+25,0.036319,3.5449,272.08
-1.4096e-05,1.6724e-06,2.6925e+25,0.75134,3.4647,271.84
-1.4096e-05,2.1502e-06,2.7062e+25,-0.41432,3.4389,271.3
-1.4096e-05,2.6281e-06,2.7088e+25,-0.97326,3.1568,270.71
-1.4096e-05,3.1059e-06,2.7033e+25,-0.51691,3.0414,270.47
-1.4096e-05,3.5838e-06,2.6942e+25,0.44403,2.7435,271.8
-1.4096e-05,4.0616e-06,2.689e+25,0.76477,2.6017,272.41
-1.4096e-05,4.5394e-06,2.6753e+25,-0.12851,2.9539,272.36
-1.4096e-05,5.0173e-06,2.692e+25,-1.2166,3.0806,271.73
-1.4096e-05,5.4951e-06,2.6918e+25,-1.8665,3.337,271.71
-1.4096e-05,5.9729e-06,2.6819e+25,-0.60663,4.0319,272.97
-1.4096e-05,6.4508e-06,2.6809e+25,0.69158,3.9865,273.04
-1.4096e-05,6.9286e-06,2.688e+25,0.3952,4.7833,272.41
-1.4096e-05,7.4064e-06,2.6944e+25,-0.21376,5.9487,271.68
-1.4096e-05,7.8842e-06,2.6948e+25,-0.10828,6.2274,271.44
-1.4096e-05,8.3621e-06,2.686e+25,-0.81182,5.8277,271.73
-1.4096e-05,8.8399e-06,2.6911e+25,-1.4459,6.2585,271.14
-1.4096e-05,9.3178e-06,2.696e+25,-1.9234,6.51,271.33
-1.4096e-05,9.7956e-06,2.7026e+25,-2.088,6.5103,270.63
-1.4096e-05,1.0273e-05,2.6887e+25,-2.959,6.5165,271.61
-1.4096e-05,1.0751e-05,2.6855e+25,-3.3942,5.9477,272.14
-1.4096e-05,1.1229e-05,2.6835e+25,-2.8908,6.506,271.7
-1.4096e-05,1.1707e-05,2.6779e+25,-2.2168,7.5285,271.84
-1.4096e-05,1.2185e-05,2.6848e+25,-2.2535,8.3115,272.17
-1.4096e-05,1.2663e-05,2.6703e+25,-2.2567,8.4212,272.86
-1.4096e-05,1.314e-05,2.6828e+25,-2.282,8.4367,272.01
-1.4096e-05,1.3618e-05,2.6746e+25,-3.0023,7.6623,272.41
-1.4096e-05,1.4096e-05,2.6876e+25,-3.2048,7.1555,271.66
-1.4096e-05,1.4574e-05,2.6771e+25,-3.569,7.1041,272.37
-1.4096e-05,1.5052e-05,2.6765e+25,-2.4868,6.2766,272.36
-1.4096e-05,1.553e-05,2.6763e+25,2.0689,4.5088,272.39
-1.4096e-05,1.6007e-05,2.6746e+25,7.8361,2.8208,272.43
-1.4096e-05,1.6485e-05,2.6699e+25,16.701,1.0911,272.84
-1.4096e-05,1.6963e-05,2.6705e+25,27.402,0.16339,273.5
-1.3618e-05,-1.6963e-05,2.6725e+25,-0.38255,0.44807,273.43
-1.3618e-05,-1.6485e-05,2.6953e+25,-0.32828,0.86944,272.56
-1.3618e-05,-1.6007e-05,2.6867e+25,-0.020674,1.0605,272.33
-1.3618e-05,-1.553e-05,2.671e+25,-0.012598,1.2722,273.77
-1.3618e-05,-1.5052e-05,2.6806e+25,-0.17114,1.0535,273.05
-1.3618e-05,-1.4574e-05,2.6894e+25,-0.35113,1.0543,272.41
-1.3618e-05,-1.4096e-05,2.6846e+25,-0.73999,1.6316,272.23
-1.3618e-05,-1.3618e-05,2.6982e+25,-0.39795,2.2462,270.97
-1.3618e-05,-1.314e-05,2.6925e+25,0.94303,2.2132,271.36
-1.3618e-05,-1.2663e-05,2.6977e+25,0.58712,2.013,271.28
-1.3618e-05,-1.2185e-05,2.7032e+25,0.45676,1.9944,270.99
-1.3618e-05,-1.1707e-05,2.6877e+25,0.23981,1.6381,271.66
-1.3618e-05,-1.1229e-05,2.6899e+25,-0.41488,1.8827,271.89
-1.3618e-05,-1.0751e-05,2.6985e+25,-1.1878,2.107,271.84
-1.3618e-05,-1.0273e-05,2.6919e+25,-2.1044,1.8527,272.32
-1.3618e-05,-9.7956e-06,2.678e+25,-2.9111,1.9782,273.67
-1.3618e-05,-9.3178e-06,2.6788e+25,-2.6111,2.332,273.16
-1.3618e-05,-8.8399e-06,2.6846e+25,-0.58452,2.8406,272.96
-1.3618e-05,-8.3621e-06,2.6766e+25,0.3629,3.2899,273.54
-1.3618e-05,-7.8842e-06,2.6891e+25,1.4839,3.0836,272.2
-1.3618e-05,-7.4064e-06,2.6814e+25,1.2285,3.0543,272.98
-1.3618e-05,-6.9286e-06,2.6848e+25,-0.67612,2.7749,272.07
-1.3618e-05,-6.4508e-06,2.7051e+25,-1.1412,2.9654,271.06
-1.3618e-05,-5.9729e-06,2.702e+25,-1.4843,2.9539,271.29
-1.3618e-05,-5.4951e-06,2.6845e+25,-1.6704,2.8299,271.79
-1.3618e-05,-5.0173e-06,2.687e+25,-1.5824,2.6437,272.07
-1.3618e-05,-4.5394e-06,2.6857e+25,-1.2696,2.8618,272.42
-1.3618e-05,-4.0616e-06,2.6883e+25,-0.14318,3.4503,272.27
-1.3618e-05,-3.5838e-06,2.6862e+25,-0.14246,3.6834,271.99
-1.3618e-05,-3.1059e-06,2.6802e+25,-0.80549,3.7497,272.47
-1.3618e-05,-2.6281e-06,2.6851e+25,-1.0204,3.122,272.14
-1.3618e-05,-2.1502e-06,2.6936e+25,-0.067487,2.5417,271.02
-1.3618e-05,-1.6724e-06,2.6997e+25,0.23541,1.8176,270.46
-1.3618e-05,-1.1946e-06,2.692e+25,-0.11476,1.9786,270.88
-1.3618e-05,-7.1675e-07,2.6858e+25,0.11824,1.783,272.25
-1.3618e-05,-2.3892e-07,2.7012e+25,-0.049918,1.954,271.74
-1.3618e-05,2.3892e-07,2.6892e+25,-0.35462,2.2034,271.02
-1.3618e-05,7.1675e-07,2.6932e+25,-0.28662,3.0282,271.42
-1.3618e-05,1.1946e-06,2.6915e+25,-0.011205,3.1951,271.59
-1.3618e-05,1.6724e-06,2.693e+25,0.5985,3.4656,271.56
-1.3618e-05,2.1502e-06,2.6946e+25,-0.66062,3.8965,271.52
-1.3618e-05,2.6281e-06,2.6965e+25,-0.60825,3.7519,270.8
-1.3618e-05,3.1059e-06,2.695e+25,-0.19103,3.358,271.3
-1.3618e-05,3.5838e-06,2.6975e+25,0.26001,3.4912,271.4
-1.3618e-05,4.0616e-06,2.6863e+25,0.89932,3.4733,272.37
-1.3618e-05,4.5394e-06,2.6901e+25,-0.23557,3.1426,271.79
-1.3618e-05,5.0173e-06,2.6885e+25,-1.4945,3.3403,271.91
-1.3618e-05,5.4951e-06,2.6902e+25,-2.3052,3.7997,271.52
-1.3618e-05,5.9729e-06,2.6922e+25,-0.8917,3.7536,272.21
-1.3618e-05,6.4508e-06,2.6858e+25,0.010762,4.5669,272.61
-1.3618e-05,6.9286e-06,2.6868e+25,-0.57271,5.0885,272.3
-1.3618e-05,7.4064e-06,2.6953e+25,-0.76122,5.3449,271.6
-1.3618e-05,7.8842e-06,2.6895e+25,-0.34598,5.8268,271.83
-1.3618e-05,8.3621e-06,2.6926e+25,-0.94767,6.7053,271.35
-1.3618e-05,8.8399e-06,2.6944e+25,-2.1923,7.2714,271.27
-1.3618e-05,9.3178e-06,2.6969e+25,-1.859,7.8238,271.24
-1.3618e-05,9.7956e-06,2.6952e+25,-2.1413,7.7345,271.22
-1.3618e-05,1.0273e-05,2.6863e+25,-2.3293,7.6454,271.75
-1.3618e-05,1.0751e-05,2.6906e+25,-3.1633,7.2257,272.23
-1.3618e-05,1.1229e-05,2.6831e+25,-3.6154,7.1752,272.47
-1.3618e-05,1.1707e-05,2.6717e+25,-3.2716,7.7223,273.38
-1.3618e-05,1.2185e-05,2.6837e+25,-2.5355,8.4847,272.62
-1.3618e-05,1.2663e-05,2.6786e+25,-2.0464,8.5805,272.18
-1.3618e-05,1.314e-05,2.6852e+25,-2.3584,8.2769,271.75
-1.3618e-05,1.3618e-05,2.6734e+25,-2.0492,8.339,272.66
-1.3618e-05,1.4096e-05,2.6904e+25,-2.659,7.2059,271.32
-1.3618e-05,1.4574e-05,2.6891e+25,-2.7409,5.9939,271.4
-1.3618e-05,1.5052e-05,2.6895e+25,-0.62693,4.7901,271.41
-1.3618e-05,1.553e-05,2.6857e+25,3.3837,3.544,271.46
-1.3618e-05,1.6007e-05,2.6853e+25,9.544,1.8593,271.92
-1.3618e-05,1.6485e-05,2.6757e+25,17.716,0.74226,272.39
-1.3618e-05,1.6963e-05,2.6754e+25,27.75,0.11381,272.94
-1.314e-05,-1.6963e-05,2.6827e+25,-0.45307,-0.2956,273.08
-1.314e-05,-1.6485e-05,2.6843e+25,-0.68152,-0.074751,272.27
-1.314e-05,-1.6007e-05,2.6984e+25,-0.23893,0.16831,271.78
-1.314e-05,-1.553e-05,2.6941e+25,-0.34533,0.47287,271.85
-1.314e-05,-1.5052e-05,2.6854e+25,-0.26987,1.1736,272.26
-1.314e-05,-1.4574e-05,2.6827e+25,-0.90899,1.3105,272.83
-1.314e-05,-1.4096e-05,2.6895e+25,-1.16,1.7007,272.56
-1.314e-05,-1.3618e-05,2.695e+25,-0.613,1.2521,271.84
-1.314e-05,-1.314e-05,2.6937e+25,0.87031,1.5734,271.57
-1.314e-05,-1.2663e-05,2.6937e+25,0.29393,2.0357,271.86
-1.314e-05,-1.2185e-05,2.6974e+25,0.58399,2.3091,271.73
-1.314e-05,-1.1707e-05,2.6887e+25,0.26449,2.6346,271.79
-1.314e-05,-1.1229e-05,2.6835e+25,-0.7816,2.6033,272.36
-1.314e-05,-1.0751e-05,2.6853e+25,-0.9968,2.8229,272.21
-1.314e-05,-1.0273e-05,2.6871e+25,-1.7452,2.3809,273.06
-1.314e-05,-9.7956e-06,2.6772e+25,-2.7261,1.8722,273.48
-1.314e-05,-9.3178e-06,2.6831e+25,-2.82,1.254,273.03
-1.314e-05,-8.8399e-06,2.6766e+25,-1.0462,1.3182,273.04
-1.314e-05,-8.3621e-06,2.6787e+25,0.20368,1.9506,273.16
-1.314e-05,-7.8842e-06,2.6942e+25,1.4442,2.3294,272.13
-1.314e-05,-7.4064e-06,2.6926e+25,1.485,2.1587,272.33
-1.314e-05,-6.9286e-06,2.6906e+25,-0.4467,1.9848,271.92
-1.314e-05,-6.4508e-06,2.6915e+25,-1.1038,1.7806,271.57
-1.314e-05,-5.9729e-06,2.6832e+25,-1.8276,2.0422,272.2
-1.314e-05,-5.4951e-06,2.6844e+25,-1.6045,2.3018,272.21
-1.314e-05,-5.0173e-06,2.6939e+25,-1.6354,2.7985,271.87
-1.314e-05,-4.5394e-06,2.6848e+25,-1.64,3.1602,272.41
-1.314e-05,-4.0616e-06,2.6879e+25,-0.6132,3.108,272.28
-1.314e-05,-3.5838e-06,2.6849e+25,-0.33684,3.4678,273.14
-1.314e-05,-3.1059e-06,2.6907e+25,-0.47732,3.2337,272.76
-1.314e-05,-2.6281e-06,2.6882e+25,-0.38829,3.085,272.43
-1.314e-05,-2.1502e-06,2.6888e+25,0.45453,2.4965,272.22
-1.314e-05,-1.6724e-06,2.6981e+25,0.033778,2.761,271.7
-1.314e-05,-1.1946e-06,2.6897e+25,0.28447,2.5955,271.38
-1.314e-05,-7.1675e-07,2.693e+25,0.13315,2.565,271.63
-1.314e-05,-2.3892e-07,2.6961e+25,-0.022472,2.6252,270.72
-1.314e-05,2.3892e-07,2.6939e+25,-0.75904,2.6655,270.81
-1.314e-05,7.1675e-07,2.6967e+25,-1.5835,3.5379,271.04
-1.314e-05,1.1946e-06,2.7059e+25,-0.15391,4.2653,270.86
-1.314e-05,1.6724e-06,2.697e+25,-0.13577,4.8615,271.16
-1.314e-05,2.1502e-06,2.7073e+25,-0.58482,5.1485,270.22
-1.314e-05,2.6281e-06,2.7059e+25,-0.16491,4.6791,270.67
-1.314e-05,3.1059e-06,2.7031e+25,-0.04911,4.4329,270.22
-1.314e-05,3.5838e-06,2.6987e+25,0.21915,4.3641,270.91
-1.314e-05,4.0616e-06,2.696e+25,0.98752,4.724,271.17
-1.314e-05,4.5394e-06,2.6968e+25,-0.15597,4.7031,270.71
-1.314e-05,5.0173e-06,2.6866e+25,-1.4161,4.287,271.62
-1.314e-05,5.4951e-06,2.6844e+25,-1.9234,3.5483,271.91
-1.314e-05,5.9729e-06,2.6976e+25,-1.1161,3.1462,270.99
-1.314e-05,6.4508e-06,2.6989e+25,-0.84493,3.5417,271.3
-1.314e-05,6.9286e-06,2.6866e+25,-0.69335,4.2934,271.48
-1.314e-05,7.4064e-06,2.7068e+25,-0.95187,4.3719,271.39
-1.314e-05,7.8842e-06,2.6904e+25,-1.3443,5.2361,271.51
-1.314e-05,8.3621e-06,2.6978e+25,-1.8687,6.1024,271.52
-1.314e-05,8.8399e-06,2.6841e+25,-2.5353,6.5139,271.73
-1.314e-05,9.3178e-06,2.698e+25,-2.299,6.7723,271.36
-1.314e-05,9.7956e-06,2.6872e+25,-2.2392,7.1462,271.88
-1.314e-05,1.0273e-05,2.6856e+25,-2.4246,7.3434,272.12
-1.314e-05,1.0751e-05,2.6852e+25,-2.7163,7.556,272.13
-1.314e-05,1.1229e-05,2.6814e+25,-3.7784,7.3383,272.85
-1.314e-05,1.1707e-05,2.6822e+25,-3.7513,7.4994,272.87
-1.314e-05,1.2185e-05,2.6804e+25,-2.7392,7.1304,272.54
-1.314e-05,1.2663e-05,2.6888e+25,-2.0984,7.2039,271.73
-1.314e-05,1.314e-05,2.6823e+25,-2.2575,7.519,271.71
-1.314e-05,1.3618e-05,2.6827e+25,-1.4277,6.8758,272.61
-1.314e-05,1.4096e-05,2.6853e+25,-1.6794,6.3501,272.06
-1.314e-05,1.4574e-05,2.6862e+25,-1.5401,5.3127,271.56
-1.314e-05,1.5052e-05,2.7016e+25,0.54486,4.1975,271.16
-1.314e-05,1.553e-05,2.6892e+25,4.6942,2.8789,271.35
-1.314e-05,1.6007e-05,2.6845e+25,10.935,1.6849,271.85
-1.314e-05,1.6485e-05,2.6819e+25,18.526,0.46309,272.17
-1.314e-05,1.6963e-05,2.6794e+25,27.941,0.087036,272.72
-1.2663e-05,-1.6963e-05,2.6857e+25,-0.36035,-0.01297,272.88
-1.2663e-05,-1.6485e-05,2.6843e+25,-0.82477,-0.12861,272.51
-1.2663e-05,-1.6007e-05,2.6995e+25,-0.74396,0.4077,270.76
-1.2663e-05,-1.553e-05,2.6937e+25,-0.81919,1.0078,271.21
-1.2663e-05,-1.5052e-05,2.681e+25,-0.60374,1.0297,272.4
-1.2663e-05,-1.4574e-05,2.6741e+25,-0.98139,1.2285,273.19
-1.2663e-05,-1.4096e-05,2.6783e+25,-0.90583,0.89397,273.66
-1.2663e-05,-1.3618e-05,2.6894e+25,-0.70336,1.0666,272.61
-1.2663e-05,-1.314e-05,2.6826e+25,0.66111,1.2532,273.15
-1.2663e-05,-1.2663e-05,2.6826e+25,-0.074206,1.2226,272.65
-1.2663e-05,-1.2185e-05,2.6877e+25,0.17884,1.671,272.1
-1.2663e-05,-1.1707e-05,2.6848e+25,0.036486,2.0964,272.58
-1.2663e-05,-1.1229e-05,2.682e+25,-0.78592,2.1282,272.94
-1.2663e-05,-1.0751e-05,2.6774e+25,-1.2271,2.3658,273.3
-1.2663e-05,-1.0273e-05,2.6839e+25,-1.7586,3.0967,272.42
-1.2663e-05,-9.7956e-06,2.6868e+25,-1.799,2.7405,272.51
-1.2663e-05,-9.3178e-06,2.6798e+25,-2.2748,1.8292,272.61
-1.2663e-05,-8.8399e-06,2.6894e+25,-1.0875,1.376,272.53
-1.2663e-05,-8.3621e-06,2.6885e+25,-0.65207,1.4136,272.33
-1.2663e-05,-7.8842e-06,2.6959e+25,1.2411,1.8238,271.04
-1.2663e-05,-7.4064e-06,2.6876e+25,1.5965,2.1953,271.9
-1.2663e-05,-6.9286e-06,2.6769e+25,-0.58845,2.2793,272.93
-1.2663e-05,-6.4508e-06,2.6864e+25,-1.0897,2.3006,272.09
-1.2663e-05,-5.9729e-06,2.7002e+25,-1.6166,2.1454,271.7
-1.2663e-05,-5.4951e-06,2.6919e+25,-1.9307,1.8502,272.38
-1.2663e-05,-5.0173e-06,2.681e+25,-2.4456,2.4043,272.69
-1.2663e-05,-4.5394e-06,2.6848e+25,-1.3866,2.6403,272.54
-1.2663e-05,-4.0616e-06,2.6729e+25,-0.55389,2.4277,273.26
-1.2663e-05,-3.5838e-06,2.6776e+25,-0.26208,2.4101,273.1
-1.2663e-05,-3.1059e-06,2.7098e+25,-0.73291,2.2376,270.7
-1.2663e-05,-2.6281e-06,2.71e+25,-0.10353,2.6874,270.77
-1.2663e-05,-2.1502e-06,2.7048e+25,0.52554,2.8552,270.85
-1.2663e-05,-1.6724e-06,2.6982e+25,0.16931,2.2624,271.39
-1.2663e-05,-1.1946e-06,2.6994e+25,0.28047,1.9757,271.52
-1.2663e-05,-7.1675e-07,2.7017e+25,-0.51524,2.4988,271.21
-1.2663e-05,-2.3892e-07,2.6946e+25,-0.33845,3.5543,271.52
-1.2663e-05,2.3892e-07,2.705e+25,-1.1259,4.0789,271.14
-1.2663e-05,7.1675e-07,2.6978e+25,-1.9753,4.1101,271.14
-1.2663e-05,1.1946e-06,2.6952e+25,-1.2109,5.042,271.19
-1.2663e-05,1.6724e-06,2.6966e+25,-0.25928,5.7956,270.83
-1.2663e-05,2.1502e-06,2.7084e+25,0.18821,5.1754,270.09
-1.2663e-05,2.6281e-06,2.7104e+25,-0.45068,5.1812,269.88
-1.2663e-05,3.1059e-06,2.7103e+25,-0.37685,5.6913,269.76
-1.2663e-05,3.5838e-06,2.6985e+25,0.39065,6.1169,271.4
-1.2663e-05,4.0616e-06,2.7006e+25,0.27463,6.3838,271.08
-1.2663e-05,4.5394e-06,2.6972e+25,0.21978,6.5062,271.21
-1.2663e-05,5.0173e-06,2.6929e+25,-0.46057,5.5161,271.13
-1.2663e-05,5.4951e-06,2.6938e+25,-1.24,4.4469,271.55
-1.2663e-05,5.9729e-06,2.697e+25,-1.1824,4.3407,271.39
-1.2663e-05,6.4508e-06,2.6989e+25,-1.3852,4.5442,270.92
-1.2663e-05,6.9286e-06,2.6876e+25,-1.1467,4.9098,271.5
-1.2663e-05,7.4064e-06,2.6957e+25,-1.593,5.7684,271.19
-1.2663e-05,7.8842e-06,2.6977e+25,-1.8514,5.8758,271.69
-1.2663e-05,8.3621e-06,2.698e+25,-2.1445,6.1179,270.98
-1.2663e-05,8.8399e-06,2.6988e+25,-2.7057,6.3581,270.98
-1.2663e-05,9.3178e-06,2.6994e+25,-2.717,6.3371,271.34
-1.2663e-05,9.7956e-06,2.6829e+25,-2.7115,6.9,272.03
-1.2663e-05,1.0273e-05,2.7007e+25,-2.706,7.2261,271.38
-1.2663e-05,1.0751e-05,2.6982e+25,-3.0093,7.5743,271.24
-1.2663e-05,1.1229e-05,2.6902e+25,-3.5383,7.7388,272.23
-1.2663e-05,1.1707e-05,2.684e+25,-3.2709,7.3417,272.24
-1.2663e-05,1.2185e-05,2.6856e+25,-2.2901,6.786,272.14
-1.2663e-05,1.2663e-05,2.68e+25,-2.2329,6.3932,272.91
-1.2663e-05,1.314e-05,2.6764e+25,-1.5684,6.1185,272.9
-1.2663e-05,1.3618e-05,2.6821e+25,-1.6511,5.7481,272.6
-1.2663e-05,1.4096e-05,2.6882e+25,-0.92456,5.6021,272.07
-1.2663e-05,1.4574e-05,2.6858e+25,-0.54972,4.7607,271.89
-1.2663e-05,1.5052e-05,2.6911e+25,1.2334,4.202,271.55
-1.2663e-05,1.553e-05,2.6813e+25,5.9895,3.5952,272.74
-1.2663e-05,1.6007e-05,2.6815e+25,12.347,2.1474,272.41
-1.2663e-05,1.6485e-05,2.6806e+25,19.636,0.7498,272.69
-1.2663e-05,1.6963e-05,2.6844e+25,27.933,-0.19617,272.37
-1.2185e-05,-1.6963e-05,2.6826e+25,-0.21891,-0.096047,272.17
-1.2185e-05,-1.6485e-05,2.6851e+25,-0.85825,-0.18234,272.19
-1.2185e-05,-1.6007e-05,2.7022e+25,-1.2001,-0.21084,271.28
-1.2185e-05,-1.553e-05,2.6923e+25,-1.3045,0.23054,272.1
-1.2185e-05,-1.5052e-05,2.687e+25,-0.57149,0.38573,272.3
-1.2185e-05,-1.4574e-05,2.6778e+25,-0.77013,0.42372,273.56
-1.2185e-05,-1.4096e-05,2.687e+25,-0.62164,-0.047013,273.1
-1.2185e-05,-1.3618e-05,2.6905e+25,-0.88422,-0.36012,272.43
-1.2185e-05,-1.314e-05,2.6727e+25,0.23333,0.18066,273.18
-1.2185e-05,-1.2663e-05,2.6748e+25,-0.1484,0.55724,273.65
-1.2185e-05,-1.2185e-05,2.6893e+25,-0.38994,0.89147,272.61
-1.2185e-05,-1.1707e-05,2.6889e+25,-0.12188,1.0202,272.97
-1.2185e-05,-1.1229e-05,2.6824e+25,-1.1264,1.5993,273.42
-1.2185e-05,-1.0751e-05,2.6786e+25,-1.652,1.8787,273.08
-1.2185e-05,-1.0273e-05,2.677e+25,-2.4507,2.2158,272.99
-1.2185e-05,-9.7956e-06,2.6845e+25,-1.357,2.7433,272.54
-1.2185e-05,-9.3178e-06,2.69e+25,-1.5671,2.5121,271.85
-1.2185e-05,-8.8399e-06,2.6887e+25,-0.45706,1.9021,271.75
-1.2185e-05,-8.3621e-06,2.6865e+25,-0.80262,1.6788,271.9
-1.2185e-05,-7.8842e-06,2.6953e+25,1.1334,1.7704,271.2
-1.2185e-05,-7.4064e-06,2.6825e+25,1.2912,1.5306,272.25
-1.2185e-05,-6.9286e-06,2.686e+25,-0.35082,1.7501,272.49
-1.2185e-05,-6.4508e-06,2.691e+25,-1.4051,1.7823,272.1
-1.2185e-05,-5.9729e-06,2.6987e+25,-1.2135,1.6542,271.53
-1.2185e-05,-5.4951e-06,2.6832e+25,-2.3751,1.8303,272.02
-1.2185e-05,-5.0173e-06,2.6819e+25,-2.6503,2.393,273.24
-1.2185e-05,-4.5394e-06,2.6873e+25,-1.6786,2.6873,272.55
-1.2185e-05,-4.0616e-06,2.6778e+25,-0.54198,2.9581,272.57
-1.2185e-05,-3.5838e-06,2.6801e+25,-0.11576,2.6952,271.77
-1.2185e-05,-3.1059e-06,2.7036e+25,-0.89584,2.9449,270.52
-1.2185e-05,-2.6281e-06,2.7092e+25,-0.72871,3.0578,270.62
-1.2185e-05,-2.1502e-06,2.697e+25,0.77061,3.4373,271.61
-1.2185e-05,-1.6724e-06,2.6903e+25,0.55562,4.0365,272.13
-1.2185e-05,-1.1946e-06,2.6914e+25,-0.25782,4.3909,271.3
-1.2185e-05,-7.1675e-07,2.6967e+25,-0.87992,4.6361,271.34
-1.2185e-05,-2.3892e-07,2.6971e+25,-1.112,4.7793,270.97
-1.2185e-05,2.3892e-07,2.6881e+25,-1.555,5.2662,270.97
-1.2185e-05,7.1675e-07,2.691e+25,-2.2633,5.5537,271.24
-1.2185e-05,1.1946e-06,2.6959e+25,-1.5327,5.5196,271.37
-1.2185e-05,1.6724e-06,2.6983e+25,-0.46204,5.4158,271.43
-1.2185e-05,2.1502e-06,2.7053e+25,0.16895,5.9212,270.78
-1.2185e-05,2.6281e-06,2.6959e+25,-0.58272,5.9285,270.75
-1.2185e-05,3.1059e-06,2.7033e+25,-0.7541,5.9635,270.93
-1.2185e-05,3.5838e-06,2.698e+25,-0.35278,6.5392,271.27
-1.2185e-05,4.0616e-06,2.691e+25,0.39557,6.9068,271.33
-1.2185e-05,4.5394e-06,2.6958e+25,0.6788,6.5711,271.47
-1.2185e-05,5.0173e-06,2.6925e+25,0.90158,5.9496,271.7
-1.2185e-05,5.4951e-06,2.694e+25,-0.58606,5.0829,270.89
-1.2185e-05,5.9729e-06,2.6925e+25,-1.5618,4.9325,271.27
-1.2185e-05,6.4508e-06,2.6918e+25,-1.5587,5.2754,271.58
-1.2185e-05,6.9286e-06,2.6828e+25,-1.8312,5.6958,271.99
-1.2185e-05,7.4064e-06,2.6893e+25,-1.9952,6.0428,271.6
-1.2185e-05,7.8842e-06,2.695e+25,-1.86,6.063,271.45
-1.2185e-05,8.3621e-06,2.7061e+25,-2.5066,6.0451,270.32
-1.2185e-05,8.8399e-06,2.7015e+25,-3.0531,6.4488,270
-1.2185e-05,9.3178e-06,2.7003e+25,-2.7429,6.8311,270.93
-1.2185e-05,9.7956e-06,2.7009e+25,-2.8262,6.8735,271.06
-1.2185e-05,1.0273e-05,2.6974e+25,-3.5347,7.3764,271.33
-1.2185e-05,1.0751e-05,2.6905e+25,-3.078,7.8295,271.34
-1.2185e-05,1.1229e-05,2.6892e+25,-3.0199,7.5112,271.63
-1.2185e-05,1.1707e-05,2.6907e+25,-2.9202,6.561,271.66
-1.2185e-05,1.2185e-05,2.6887e+25,-1.7082,6.3846,271.73
-1.2185e-05,1.2663e-05,2.6791e+25,-1.971,5.7194,272.86
-1.2185e-05,1.314e-05,2.6805e+25,-1.0377,5.2817,272.24
-1.2185e-05,1.3618e-05,2.6761e+25,-1.2123,4.8624,272.67
-1.2185e-05,1.4096e-05,2.6837e+25,-0.91633,4.8682,271.65
-1.2185e-05,1.4574e-05,2.6782e+25,-0.54233,5.4108,271.79
-1.2185e-05,1.5052e-05,2.6776e+25,2.4144,4.8814,272.49
-1.2185e-05,1.553e-05,2.6789e+25,6.7637,3.3057,272.97
-1.2185e-05,1.6007e-05,2.6738e+25,13.793,2.9135,273.32
-1.2185e-05,1.6485e-05,2.6814e+25,20.998,1.4837,273.48
-1.2185e-05,1.6963e-05,2.6773e+25,28.454,0.44462,272.9
-1.1707e-05,-1.6963e-05,2.6882e+25,-0.03582,-0.13301,272.57
-1.1707e-05,-1.6485e-05,2.6789e+25,-0.96654,0.12612,272.53
-1.1707e-05,-1.6007e-05,2.688e+25,-1.6562,0.14232,272.6
-1.1707e-05,-1.553e-05,2.6875e+25,-1.1341,-0.062018,272.72
-1.1707e-05,-1.5052e-05,2.6875e+25,-0.83757,0.11328,272.26
-1.1707e-05,-1.4574e-05,2.6955e+25,-0.52051,-0.27746,272.68
-1.1707e-05,-1.4096e-05,2.6849e+25,-0.14328,-0.62542,272.55
-1.1707e-05,-1.3618e-05,2.6816e+25,-0.77238,-0.96884,273.09
-1.1707e-05,-1.314e-05,2.6744e+25,-0.57961,-0.57538,273.31
-1.1707e-05,-1.2663e-05,2.6699e+25,-0.096884,-0.030819,273.52
-1.1707e-05,-1.2185e-05,2.673e+25,-0.63158,-0.26896,273.26
-1.1707e-05,-1.1707e-05,2.6728e+25,-0.61983,0.3259,273.86
-1.1707e-05,-1.1229e-05,2.6737e+25,-1.5871,0.5971,273.39
-1.1707e-05,-1.0751e-05,2.6771e+25,-1.8044,1.2349,272.67
-1.1707e-05,-1.0273e-05,2.6824e+25,-2.6972,1.2635,272.99
-1.1707e-05,-9.7956e-06,2.6828e+25,-1.7266,0.86923,272.74
-1.1707e-05,-9.3178e-06,2.6921e+25,-1.0324,1.1188,272.18
-1.1707e-05,-8.8399e-06,2.7061e+25,-0.30325,0.75044,271.91
-1.1707e-05,-8.3621e-06,2.6916e+25,-0.56659,0.57858,272.68
-1.1707e-05,-7.8842e-06,2.6888e+25,0.82361,0.6102,272.75
-1.1707e-05,-7.4064e-06,2.6783e+25,1.0367,1.3368,273.11
-1.1707e-05,-6.9286e-06,2.6812e+25,-0.64987,1.9521,272.61
-1.1707e-05,-6.4508e-06,2.6788e+25,-0.77933,1.5925,272.8
-1.1707e-05,-5.9729e-06,2.6769e+25,-1.7527,1.7075,272.78
-1.1707e-05,-5.4951e-06,2.6776e+25,-2.9625,2.4766,273.2
-1.1707e-05,-5.0173e-06,2.6753e+25,-3.1601,3.0997,273.45
-1.1707e-05,-4.5394e-06,2.6777e+25,-1.6821,3.0517,272.78
-1.1707e-05,-4.0616e-06,2.6881e+25,-0.86968,3.465,272.19
-1.1707e-05,-3.5838e-06,2.688e+25,0.064857,3.382,271.7
-1.1707e-05,-3.1059e-06,2.696e+25,-0.71794,3.3492,271.45
-1.1707e-05,-2.6281e-06,2.6883e+25,-0.57796,2.9217,271.84
-1.1707e-05,-2.1502e-06,2.6929e+25,-0.36095,3.0175,271.93
-1.1707e-05,-1.6724e-06,2.6972e+25,-0.048834,3.9668,271.3
-1.1707e-05,-1.1946e-06,2.6993e+25,-0.52082,4.2184,271.39
-1.1707e-05,-7.1675e-07,2.7061e+25,-0.92268,4.7613,270.4
-1.1707e-05,-2.3892e-07,2.7079e+25,-1.9686,5.4084,270.66
-1.1707e-05,2.3892e-07,2.7068e+25,-1.5511,5.7302,270.39
-1.1707e-05,7.1675e-07,2.7025e+25,-2.1882,5.6538,270.88
-1.1707e-05,1.1946e-06,2.6994e+25,-1.0284,4.7236,271.29
-1.1707e-05,1.6724e-06,2.6943e+25,-0.76505,4.7531,272.07
-1.1707e-05,2.1502e-06,2.6957e+25,-0.561,5.1765,270.88
-1.1707e-05,2.6281e-06,2.7029e+25,-0.62887,5.9788,270.04
-1.1707e-05,3.1059e-06,2.7011e+25,-1.0165,6.4052,271.34
-1.1707e-05,3.5838e-06,2.6839e+25,-0.18974,5.8951,272.56
-1.1707e-05,4.0616e-06,2.6761e+25,0.45747,5.6136,272.63
-1.1707e-05,4.5394e-06,2.6922e+25,0.60061,5.7048,272.48
-1.1707e-05,5.0173e-06,2.702e+25,1.0971,6.1825,271.02
-1.1707e-05,5.4951e-06,2.6953e+25,-0.23075,6.3873,271.22
-1.1707e-05,5.9729e-06,2.6933e+25,-1.663,6.2307,271.51
-1.1707e-05,6.4508e-06,2.6851e+25,-1.9697,6.4779,271.55
-1.1707e-05,6.9286e-06,2.6814e+25,-1.9517,6.5063,272.35
-1.1707e-05,7.4064e-06,2.6903e+25,-1.6758,6.0389,271.56
-1.1707e-05,7.8842e-06,2.6867e+25,-1.7067,5.564,271.73
-1.1707e-05,8.3621e-06,2.6972e+25,-2.8058,5.5952,270.58
-1.1707e-05,8.8399e-06,2.7084e+25,-3.0983,5.9095,270.21
-1.1707e-05,9.3178e-06,2.705e+25,-2.9306,5.7587,271
-1.1707e-05,9.7956e-06,2.6904e+25,-3.201,6.1336,271.51
-1.1707e-05,1.0273e-05,2.6864e+25,-3.909,6.5228,271.47
-1.1707e-05,1.0751e-05,2.6911e+25,-3.2973,6.7956,271.09
-1.1707e-05,1.1229e-05,2.7002e+25,-2.5627,7.1226,270.89
-1.1707e-05,1.1707e-05,2.6911e+25,-2.0309,6.6057,271.99
-1.1707e-05,1.2185e-05,2.6844e+25,-1.255,6.0151,272.12
-1.1707e-05,1.2663e-05,2.6804e+25,-1.3782,5.638,273.03
-1.1707e-05,1.314e-05,2.6793e+25,-1.0527,5.2415,272.86
-1.1707e-05,1.3618e-05,2.6769e+25,-0.73928,5.1693,273.09
-1.1707e-05,1.4096e-05,2.6749e+25,-1.4095,5.1639,273.47
-1.1707e-05,1.4574e-05,2.6724e+25,-0.5903,5.4444,273.69
-1.1707e-05,1.5052e-05,2.6782e+25,3.8801,4.5748,273.31
-1.1707e-05,1.553e-05,2.677e+25,8.0931,2.9295,273.5
-1.1707e-05,1.6007e-05,2.6862e+25,14.218,1.6906,272.9
-1.1707e-05,1.6485e-05,2.6758e+25,22.025,1.0975,272.89
-1.1707e-05,1.6963e-05,2.686e+25,29.451,0.34038,272.85
-1.1229e-05,-1.6963e-05,2.6789e+25,-0.1695,0.24232,272.82
-1.1229e-05,-1.6485e-05,2.6835e+25,-1.1008,0.1256,272.59
-1.1229e-05,-1.6007e-05,2.6925e+25,-1.2609,-0.10267,271.62
-1.1229e-05,-1.553e-05,2.6929e+25,-1.0001,-0.40164,271.9
-1.1229e-05,-1.5052e-05,2.6894e+25,-0.65906,-0.60818,272.37
-1.1229e-05,-1.4574e-05,2.6741e+25,-0.028973,-0.75714,273.31
-1.1229e-05,-1.4096e-05,2.685e+25,-0.10059,-0.7297,272.34
-1.1229e-05,-1.3618e-05,2.6797e+25,-0.72003,-0.53222,272.77
-1.1229e-05,-1.314e-05,2.6738e+25,-1.1124,-0.37956,273.26
-1.1229e-05,-1.2663e-05,2.6625e+25,-0.26226,-0.43932,274.23
-1.1229e-05,-1.2185e-05,2.6705e+25,-1.0464,0.41472,273.27
-1.1229e-05,-1.1707e-05,2.676e+25,-0.76916,0.50989,273.48
-1.1229e-05,-1.1229e-05,2.6837e+25,-2.0305,0.62908,272.94
-1.1229e-05,-1.0751e-05,2.6863e+25,-2.0553,0.75395,272.39
-1.1229e-05,-1.0273e-05,2.6856e+25,-2.4092,0.97876,272.63
-1.1229e-05,-9.7956e-06,2.6885e+25,-1.7681,1.1071,272.68
-1.1229e-05,-9.3178e-06,2.6847e+25,-0.69097,0.73423,272.28
-1.1229e-05,-8.8399e-06,2.697e+25,-0.20234,0.73924,272
-1.1229e-05,-8.3621e-06,2.6862e+25,-0.28215,0.28596,272.37
-1.1229e-05,-7.8842e-06,2.6761e+25,0.22557,0.39424,273.47
-1.1229e-05,-7.4064e-06,2.67e+25,0.049982,1.1768,273.26
-1.1229e-05,-6.9286e-06,2.6869e+25,-0.85541,1.8765,272.36
-1.1229e-05,-6.4508e-06,2.6847e+25,-0.49921,1.632,272.6
-1.1229e-05,-5.9729e-06,2.6849e+25,-2.5967,2.2624,272.58
-1.1229e-05,-5.4951e-06,2.6868e+25,-3.4254,2.7975,272.53
-1.1229e-05,-5.0173e-06,2.6863e+25,-3.46,2.93,272.72
-1.1229e-05,-4.5394e-06,2.6896e+25,-1.8441,3.1224,272.14
-1.1229e-05,-4.0616e-06,2.6928e+25,-1.1487,3.1244,272.01
-1.1229e-05,-3.5838e-06,2.6961e+25,0.19311,3.4528,271.43
-1.1229e-05,-3.1059e-06,2.6921e+25,-0.69473,3.2466,271.39
-1.1229e-05,-2.6281e-06,2.6895e+25,0.19889,2.9473,271.39
-1.1229e-05,-2.1502e-06,2.7033e+25,-0.79151,2.4379,270.91
-1.1229e-05,-1.6724e-06,2.7033e+25,-0.51012,2.7489,271.07
-1.1229e-05,-1.1946e-06,2.7012e+25,-1.148,3.619,270.77
-1.1229e-05,-7.1675e-07,2.7079e+25,-1.8532,4.4093,269.9
-1.1229e-05,-2.3892e-07,2.7069e+25,-2.2762,5.0238,270.3
-1.1229e-05,2.3892e-07,2.7007e+25,-1.4157,4.7129,270.91
-1.1229e-05,7.1675e-07,2.7079e+25,-1.544,4.1471,270.92
-1.1229e-05,1.1946e-06,2.6998e+25,-1.0955,4.4171,271.11
-1.1229e-05,1.6724e-06,2.6989e+25,-1.1024,4.9948,271.12
-1.1229e-05,2.1502e-06,2.7009e+25,-0.85383,5.4314,270.52
-1.1229e-05,2.6281e-06,2.7179e+25,-1.2798,5.5645,270.04
-1.1229e-05,3.1059e-06,2.6933e+25,-0.9459,5.3935,271.76
-1.1229e-05,3.5838e-06,2.6791e+25,0.25464,5.4528,272.91
-1.1229e-05,4.0616e-06,2.6838e+25,0.18669,5.9013,272.75
-1.1229e-05,4.5394e-06,2.6844e+25,0.32457,6.0575,272.01
-1.1229e-05,5.0173e-06,2.6957e+25,0.74202,6.2523,271.55
-1.1229e-05,5.4951e-06,2.6822e+25,-0.16149,6.523,271.84
-1.1229e-05,5.9729e-06,2.6943e+25,-1.6161,6.3483,271.59
-1.1229e-05,6.4508e-06,2.6878e+25,-2.1885,6.214,272.22
-1.1229e-05,6.9286e-06,2.688e+25,-1.5344,6.0311,271.81
-1.1229e-05,7.4064e-06,2.6956e+25,-1.4289,6.1048,271.4
-1.1229e-05,7.8842e-06,2.7e+25,-1.3635,5.6396,271.27
-1.1229e-05,8.3621e-06,2.6948e+25,-2.6108,5.2996,271.03
-1.1229e-05,8.8399e-06,2.7001e+25,-2.8223,4.9358,270.74
-1.1229e-05,9.3178e-06,2.6896e+25,-2.834,4.21,270.75
-1.1229e-05,9.7956e-06,2.6958e+25,-3.8357,4.5885,271.83
-1.1229e-05,1.0273e-05,2.683e+25,-4.0897,4.9181,271.91
-1.1229e-05,1.0751e-05,2.693e+25,-3.5012,4.9825,271.18
-1.1229e-05,1.1229e-05,2.7028e+25,-2.9682,5.4692,270.68
-1.1229e-05,1.1707e-05,2.6881e+25,-1.8021,5.87,271.85
-1.1229e-05,1.2185e-05,2.6797e+25,-1.0876,6.1616,272.04
-1.1229e-05,1.2663e-05,2.6838e+25,-1.2637,6.2483,272.23
-1.1229e-05,1.314e-05,2.6779e+25,-0.97893,6.5443,272.57
-1.1229e-05,1.3618e-05,2.6809e+25,-0.73318,6.3827,272.66
-1.1229e-05,1.4096e-05,2.6844e+25,-1.0164,6.1048,272.92
-1.1229e-05,1.4574e-05,2.6754e+25,0.60362,4.1769,273.16
-1.1229e-05,1.5052e-05,2.6856e+25,4.5795,2.6879,272.64
-1.1229e-05,1.553e-05,2.6756e+25,9.4,2.0639,273.31
-1.1229e-05,1.6007e-05,2.6752e+25,15.596,0.93904,273.29
-1.1229e-05,1.6485e-05,2.6789e+25,22.391,-0.11713,272.9
-1.1229e-05,1.6963e-05,2.6773e+25,29.753,0.042448,273.13
-1.0751e-05,-1.6963e-05,2.6767e+25,-0.32229,0.18734,273.33
-1.0751e-05,-1.6485e-05,2.686e+25,-0.93776,0.028513,272.3
-1.0751e-05,-1.6007e-05,2.685e+25,-0.85689,-0.37649,272.21
-1.0751e-05,-1.553e-05,2.7022e+25,-0.85706,-0.38086,270.91
-1.0751e-05,-1.5052e-05,2.6885e+25,-0.48781,-0.57843,271.83
-1.0751e-05,-1.4574e-05,2.6813e+25,-0.13858,-0.55406,272.75
-1.0751e-05,-1.4096e-05,2.6812e+25,-0.40924,-0.18811,272.8
-1.0751e-05,-1.3618e-05,2.6781e+25,-0.81202,0.2015,273.03
-1.0751e-05,-1.314e-05,2.6732e+25,-0.85513,-0.34424,273.44
-1.0751e-05,-1.2663e-05,2.676e+25,-1.0748,0.21167,273.97
-1.0751e-05,-1.2185e-05,2.679e+25,-0.99826,0.083297,273.35
-1.0751e-05,-1.1707e-05,2.6802e+25,-1.352,0.70319,273.33
-1.0751e-05,-1.1229e-05,2.688e+25,-1.9531,1.3025,272.2
-1.0751e-05,-1.0751e-05,2.6821e+25,-2.2164,1.0983,272.92
-1.0751e-05,-1.0273e-05,2.6895e+25,-2.2193,0.13602,272.3
-1.0751e-05,-9.7956e-06,2.6791e+25,-1.8562,0.20023,273.27
-1.0751e-05,-9.3178e-06,2.6849e+25,-0.84214,0.65395,272.63
-1.0751e-05,-8.8399e-06,2.6905e+25,-0.47799,1.118,272.15
-1.0751e-05,-8.3621e-06,2.6821e+25,0.16729,1.1979,272.87
-1.0751e-05,-7.8842e-06,2.6784e+25,-0.14428,1.2958,272.73
-1.0751e-05,-7.4064e-06,2.681e+25,-0.73838,1.9584,272.75
-1.0751e-05,-6.9286e-06,2.6924e+25,-0.54244,1.8487,272.36
-1.0751e-05,-6.4508e-06,2.6959e+25,-1.0428,2.1519,271.77
-1.0751e-05,-5.9729e-06,2.7004e+25,-3.0207,2.4198,271.41
-1.0751e-05,-5.4951e-06,2.7026e+25,-3.6356,2.3861,271.07
-1.0751e-05,-5.0173e-06,2.6989e+25,-3.1677,2.3985,271.56
-1.0751e-05,-4.5394e-06,2.6858e+25,-2.0523,2.4458,272.18
-1.0751e-05,-4.0616e-06,2.6881e+25,-0.93833,2.2761,272.28
-1.0751e-05,-3.5838e-06,2.6839e+25,-0.45104,2.6403,271.95
-1.0751e-05,-3.1059e-06,2.7055e+25,-0.77204,3.3313,271.27
-1.0751e-05,-2.6281e-06,2.6988e+25,0.30307,3.6018,271.04
-1.0751e-05,-2.1502e-06,2.6971e+25,-0.64085,3.7365,270.7
-1.0751e-05,-1.6724e-06,2.7028e+25,-1.2912,3.8994,270.33
-1.0751e-05,-1.1946e-06,2.7089e+25,-2.0018,4.2099,269.88
-1.0751e-05,-7.1675e-07,2.714e+25,-2.1576,4.5342,269.7
-1.0751e-05,-2.3892e-07,2.7106e+25,-2.1443,4.5443,270.07
-1.0751e-05,2.3892e-07,2.6981e+25,-1.7203,4.8258,270.81
-1.0751e-05,7.1675e-07,2.6964e+25,-1.3171,5.1081,270.8
-1.0751e-05,1.1946e-06,2.6986e+25,-1.6972,5.4783,270.67
-1.0751e-05,1.6724e-06,2.7066e+25,-1.4052,5.6783,270.51
-1.0751e-05,2.1502e-06,2.7042e+25,-1.1185,5.694,270.16
-1.0751e-05,2.6281e-06,2.7121e+25,-0.84746,5.3373,269.72
-1.0751e-05,3.1059e-06,2.6978e+25,-0.61197,4.7936,271.02
-1.0751e-05,3.5838e-06,2.6948e+25,-0.36517,4.9105,271.88
-1.0751e-05,4.0616e-06,2.6956e+25,-0.22885,5.2806,271.2
-1.0751e-05,4.5394e-06,2.6964e+25,0.50841,5.6258,271.13
-1.0751e-05,5.0173e-06,2.6882e+25,0.35326,5.5792,272.13
-1.0751e-05,5.4951e-06,2.6742e+25,-0.10002,5.9146,272.71
-1.0751e-05,5.9729e-06,2.686e+25,-1.4776,5.5201,272.25
-1.0751e-05,6.4508e-06,2.688e+25,-1.8601,5.351,271.91
-1.0751e-05,6.9286e-06,2.689e+25,-1.7142,5.2526,271.9
-1.0751e-05,7.4064e-06,2.69e+25,-0.97337,5.0095,271.92
-1.0751e-05,7.8842e-06,2.6874e+25,-0.96478,4.6259,271.46
-1.0751e-05,8.3621e-06,2.6913e+25,-2.4563,4.708,272.24
-1.0751e-05,8.8399e-06,2.6978e+25,-3.0993,4.4466,270.93
-1.0751e-05,9.3178e-06,2.6917e+25,-2.4891,4.9173,271.05
-1.0751e-05,9.7956e-06,2.695e+25,-4.0184,4.633,271.2
-1.0751e-05,1.0273e-05,2.6985e+25,-3.8927,4.4367,271.05
-1.0751e-05,1.0751e-05,2.6961e+25,-4.0612,4.8358,271.25
-1.0751e-05,1.1229e-05,2.6936e+25,-3.3901,5.0485,271.6
-1.0751e-05,1.1707e-05,2.6984e+25,-2.4233,5.6883,272.04
-1.0751e-05,1.2185e-05,2.6814e+25,-1.4209,6.0247,271.8
-1.0751e-05,1.2663e-05,2.6805e+25,-1.9653,6.8557,272.21
-1.0751e-05,1.314e-05,2.6813e+25,-0.79285,6.9939,272.43
-1.0751e-05,1.3618e-05,2.685e+25,-0.41963,6.58,272.85
-1.0751e-05,1.4096e-05,2.6854e+25,0.58254,5.2323,273.41
-1.0751e-05,1.4574e-05,2.6728e+25,2.3834,3.8482,273.9
-1.0751e-05,1.5052e-05,2.68e+25,5.9291,2.6991,273.35
-1.0751e-05,1.553e-05,2.6787e+25,10.088,1.72,273.48
-1.0751e-05,1.6007e-05,2.6765e+25,16.336,1.0696,273.2
-1.0751e-05,1.6485e-05,2.6849e+25,22.843,0.73545,272.83
-1.0751e-05,1.6963e-05,2.6822e+25,29.819,0.083551,273.51
-1.0273e-05,-1.6963e-05,2.6772e+25,-0.18009,-0.22794,273.18
-1.0273e-05,-1.6485e-05,2.6852e+25,-0.59453,-0.26015,272.54
-1.0273e-05,-1.6007e-05,2.6769e+25,-0.6548,-0.65921,272.58
-1.0273e-05,-1.553e-05,2.7056e+25,-0.72335,-0.80795,271.45
-1.0273e-05,-1.5052e-05,2.6928e+25,-0.85452,-0.66371,271.82
-1.0273e-05,-1.4574e-05,2.6954e+25,-0.55001,0.237,271.51
-1.0273e-05,-1.4096e-05,2.6882e+25,-0.75009,0.61281,272.32
-1.0273e-05,-1.3618e-05,2.696e+25,-0.98063,0.67294,271.49
-1.0273e-05,-1.314e-05,2.6906e+25,-0.81158,0.76979,271.75
-1.0273e-05,-1.2663e-05,2.6792e+25,-1.407,0.72169,272.8
-1.0273e-05,-1.2185e-05,2.6862e+25,-1.0693,1.2847,272.37
-1.0273e-05,-1.1707e-05,2.6866e+25,-2.0307,1.4147,272.74
-1.0273e-05,-1.1229e-05,2.6855e+25,-1.8604,1.3528,272.67
-1.0273e-05,-1.0751e-05,2.6818e+25,-1.4794,1.098,272.93
-1.0273e-05,-1.0273e-05,2.6821e+25,-2.1458,1.2864,273.12
-1.0273e-05,-9.7956e-06,2.6928e+25,-1.6158,1.1461,272.75
-1.0273e-05,-9.3178e-06,2.6735e+25,-1.3671,0.97531,273.77
-1.0273e-05,-8.8399e-06,2.6766e+25,-0.51275,1.1064,273.65
-1.0273e-05,-8.3621e-06,2.6761e+25,0.059467,1.0356,273.18
-1.0273e-05,-7.8842e-06,2.6872e+25,-0.60183,1.0251,272.99
-1.0273e-05,-7.4064e-06,2.685e+25,-1.2245,1.685,272.06
-1.0273e-05,-6.9286e-06,2.6986e+25,-0.28824,1.7356,271.62
-1.0273e-05,-6.4508e-06,2.6943e+25,-1.4584,1.6481,271.48
-1.0273e-05,-5.9729e-06,2.7e+25,-2.9578,2.0389,270.77
-1.0273e-05,-5.4951e-06,2.6933e+25,-3.5454,1.92,271.22
-1.0273e-05,-5.0173e-06,2.7049e+25,-3.1044,1.4111,270.9
-1.0273e-05,-4.5394e-06,2.6962e+25,-2.1544,1.4439,271.39
-1.0273e-05,-4.0616e-06,2.6968e+25,-1.0073,1.8576,271.35
-1.0273e-05,-3.5838e-06,2.6864e+25,-1.3155,2.339,272.22
-1.0273e-05,-3.1059e-06,2.6957e+25,-1.1314,3.1143,270.98
-1.0273e-05,-2.6281e-06,2.7049e+25,-0.24899,3.7529,270.75
-1.0273e-05,-2.1502e-06,2.7048e+25,-0.759,4.2064,270.62
-1.0273e-05,-1.6724e-06,2.7056e+25,-1.3371,4.4032,270.96
-1.0273e-05,-1.1946e-06,2.7055e+25,-2.1385,4.7928,270.35
-1.0273e-05,-7.1675e-07,2.7169e+25,-2.585,4.9156,269.6
-1.0273e-05,-2.3892e-07,2.6927e+25,-2.2805,5.3937,271.39
-1.0273e-05,2.3892e-07,2.6897e+25,-2.0473,5.6862,271.65
-1.0273e-05,7.1675e-07,2.6951e+25,-1.5352,6.0495,271.78
-1.0273e-05,1.1946e-06,2.6917e+25,-1.7793,5.8434,271.08
-1.0273e-05,1.6724e-06,2.6974e+25,-1.1519,5.6255,271.07
-1.0273e-05,2.1502e-06,2.6996e+25,-1.0372,5.2984,271.16
-1.0273e-05,2.6281e-06,2.7009e+25,-0.6677,5.4982,270.85
-1.0273e-05,3.1059e-06,2.6914e+25,-0.36501,5.2998,270.96
-1.0273e-05,3.5838e-06,2.7059e+25,-0.66844,5.4983,270.72
-1.0273e-05,4.0616e-06,2.7044e+25,-0.073952,5.3623,270.39
-1.0273e-05,4.5394e-06,2.6956e+25,0.50457,4.804,270.55
-1.0273e-05,5.0173e-06,2.6883e+25,-0.38167,5.2321,271.75
-1.0273e-05,5.4951e-06,2.6816e+25,-0.28516,5.8843,272.07
-1.0273e-05,5.9729e-06,2.6899e+25,-0.86934,5.609,272.18
-1.0273e-05,6.4508e-06,2.6898e+25,-1.7074,4.6647,271.8
-1.0273e-05,6.9286e-06,2.6908e+25,-1.5065,4.8398,271.55
-1.0273e-05,7.4064e-06,2.691e+25,-0.96068,4.9771,271.71
-1.0273e-05,7.8842e-06,2.6981e+25,-0.5978,5.1158,271.25
-1.0273e-05,8.3621e-06,2.6916e+25,-2.2961,4.6585,271.7
-1.0273e-05,8.8399e-06,2.6908e+25,-2.8304,4.0751,271.4
-1.0273e-05,9.3178e-06,2.7001e+25,-2.9467,4.1302,271.33
-1.0273e-05,9.7956e-06,2.6912e+25,-3.7684,4.7946,271.21
-1.0273e-05,1.0273e-05,2.6963e+25,-4.2156,4.824,271
-1.0273e-05,1.0751e-05,2.6935e+25,-4.5201,5.1117,271
-1.0273e-05,1.1229e-05,2.6886e+25,-3.5537,5.5235,271.83
-1.0273e-05,1.1707e-05,2.6928e+25,-2.8861,5.7921,271.2
-1.0273e-05,1.2185e-05,2.684e+25,-1.7079,6.1026,272.38
-1.0273e-05,1.2663e-05,2.6807e+25,-2.1235,5.6611,272.65
-1.0273e-05,1.314e-05,2.6804e+25,-0.39776,5.5358,272.26
-1.0273e-05,1.3618e-05,2.6788e+25,0.21275,5.1652,272.93
-1.0273e-05,1.4096e-05,2.6753e+25,1.3443,4.664,273.39
-1.0273e-05,1.4574e-05,2.6768e+25,3.3876,4.0323,273.12
-1.0273e-05,1.5052e-05,2.6741e+25,6.6857,3.5372,272.92
-1.0273e-05,1.553e-05,2.686e+25,10.958,2.843,272.49
-1.0273e-05,1.6007e-05,2.6832e+25,16.993,1.7838,272.62
-1.0273e-05,1.6485e-05,2.6822e+25,23.403,0.93349,272.54
-1.0273e-05,1.6963e-05,2.6686e+25,30.45,0.2712,273.52
-9.7956e-06,-1.6963e-05,2.6767e+25,-0.14479,0.043734,273.08
-9.7956e-06,-1.6485e-05,2.6864e+25,-0.78122,0.22455,272.75
-9.7956e-06,-1.6007e-05,2.6788e+25,-0.46111,0.4529,273.26
-9.7956e-06,-1.553e-05,2.6814e+25,-0.82226,0.62695,273.23
-9.7956e-06,-1.5052e-05,2.6919e+25,-0.92642,0.63988,271.64
-9.7956e-06,-1.4574e-05,2.7011e+25,-0.93323,0.19992,271.21
-9.7956e-06,-1.4096e-05,2.6927e+25,-1.1702,0.42185,271.62
-9.7956e-06,-1.3618e-05,2.6924e+25,-0.71177,0.34133,271.74
-9.7956e-06,-1.314e-05,2.6875e+25,-1.0878,0.6236,272.11
-9.7956e-06,-1.2663e-05,2.6854e+25,-1.5647,0.88403,272.25
-9.7956e-06,-1.2185e-05,2.6884e+25,-1.3857,0.76609,272.51
-9.7956e-06,-1.1707e-05,2.6886e+25,-2.1797,0.67683,272.33
-9.7956e-06,-1.1229e-05,2.6905e+25,-2.1468,1.1616,272.61
-9.7956e-06,-1.0751e-05,2.6761e+25,-1.6737,1.5446,272.83
-9.7956e-06,-1.0273e-05,2.6755e+25,-1.9598,1.5507,273.28
-9.7956e-06,-9.7956e-06,2.6776e+25,-1.6637,1.2748,273.39
-9.7956e-06,-9.3178e-06,2.6777e+25,-1.5311,1.5367,273.08
-9.7956e-06,-8.8399e-06,2.6664e+25,-0.33591,1.6353,274.11
-9.7956e-06,-8.3621e-06,2.6831e+25,0.13475,1.7332,273.15
-9.7956e-06,-7.8842e-06,2.6827e+25,-1.0069,1.8998,272.7
-9.7956e-06,-7.4064e-06,2.6861e+25,-1.2948,1.8586,272.05
-9.7956e-06,-6.9286e-06,2.6894e+25,-0.49594,2.203,271.25
-9.7956e-06,-6.4508e-06,2.6983e+25,-1.4187,2.4758,271.7
-9.7956e-06,-5.9729e-06,2.6934e+25,-3.0884,2.2551,271.71
-9.7956e-06,-5.4951e-06,2.6876e+25,-2.8898,1.9123,271.53
-9.7956e-06,-5.0173e-06,2.7037e+25,-2.7556,1.5182,270.5
-9.7956e-06,-4.5394e-06,2.6993e+25,-2.4358,1.3251,270.81
-9.7956e-06,-4.0616e-06,2.7044e+25,-1.7283,2.2045,270.52
-9.7956e-06,-3.5838e-06,2.702e+25,-2.2397,3.1678,270.24
-9.7956e-06,-3.1059e-06,2.6959e+25,-2.0608,4.1699,270.8
-9.7956e-06,-2.6281e-06,2.7152e+25,-0.78914,4.6566,270.14
-9.7956e-06,-2.1502e-06,2.7037e+25,-1.2565,5.343,270.69
-9.7956e-06,-1.6724e-06,2.6999e+25,-1.5563,5.7875,270.79
-9.7956e-06,-1.1946e-06,2.6977e+25,-2.3432,5.6863,270.88
-9.7956e-06,-7.1675e-07,2.7019e+25,-2.8364,5.9008,270.48
-9.7956e-06,-2.3892e-07,2.6952e+25,-2.4674,5.9445,271.88
-9.7956e-06,2.3892e-07,2.6887e+25,-2.1081,5.7631,271.68
-9.7956e-06,7.1675e-07,2.6919e+25,-1.7821,5.55,272.03
-9.7956e-06,1.1946e-06,2.6878e+25,-1.7484,5.8197,271.87
-9.7956e-06,1.6724e-06,2.6925e+25,-0.91265,5.8498,271.72
-9.7956e-06,2.1502e-06,2.6943e+25,-1.1384,5.8928,271.74
-9.7956e-06,2.6281e-06,2.6961e+25,-0.76645,6.2253,271.76
-9.7956e-06,3.1059e-06,2.6954e+25,-0.53231,6.7066,271.16
-9.7956e-06,3.5838e-06,2.7003e+25,-0.45363,6.6128,270.5
-9.7956e-06,4.0616e-06,2.7142e+25,0.45271,6.0279,269.94
-9.7956e-06,4.5394e-06,2.7053e+25,1.0935,5.5292,270.43
-9.7956e-06,5.0173e-06,2.6907e+25,-0.85139,5.441,271.52
-9.7956e-06,5.4951e-06,2.69e+25,-0.47096,5.3268,271.8
-9.7956e-06,5.9729e-06,2.6968e+25,-0.24419,5.364,271.04
-9.7956e-06,6.4508e-06,2.6889e+25,-1.6632,5.6118,271.55
-9.7956e-06,6.9286e-06,2.7033e+25,-1.809,5.3759,270.94
-9.7956e-06,7.4064e-06,2.6942e+25,-1.1862,5.7815,270.81
-9.7956e-06,7.8842e-06,2.694e+25,-0.71376,5.931,271.58
-9.7956e-06,8.3621e-06,2.6839e+25,-1.8373,5.7125,271.75
-9.7956e-06,8.8399e-06,2.6951e+25,-2.4845,5.7311,271.62
-9.7956e-06,9.3178e-06,2.698e+25,-3.2689,5.8225,271.13
-9.7956e-06,9.7956e-06,2.6929e+25,-4.2836,6.0889,270.94
-9.7956e-06,1.0273e-05,2.6944e+25,-4.4853,7.0287,271.83
-9.7956e-06,1.0751e-05,2.6916e+25,-4.7902,7.1559,271.84
-9.7956e-06,1.1229e-05,2.6928e+25,-3.818,7.0283,271.34
-9.7956e-06,1.1707e-05,2.6997e+25,-2.8315,6.6711,271.25
-9.7956e-06,1.2185e-05,2.6828e+25,-1.6336,6.6254,272.41
-9.7956e-06,1.2663e-05,2.683e+25,-1.8482,6.7552,272.65
-9.7956e-06,1.314e-05,2.6819e+25,-0.60516,6.8054,271.99
-9.7956e-06,1.3618e-05,2.6815e+25,1.1402,6.3804,272.45
-9.7956e-06,1.4096e-05,2.6841e+25,2.4623,4.9528,272.77
-9.7956e-06,1.4574e-05,2.6914e+25,3.883,3.8043,271.94
-9.7956e-06,1.5052e-05,2.6936e+25,7.2766,3.1456,271.54
-9.7956e-06,1.553e-05,2.688e+25,11.812,2.004,272.08
-9.7956e-06,1.6007e-05,2.6804e+25,17.913,1.317,272.93
-9.7956e-06,1.6485e-05,2.663e+25,24.114,0.92108,273.89
-9.7956e-06,1.6963e-05,2.6863e+25,30.956,0.13284,272.71
-9.3178e-06,-1.6963e-05,2.6935e+25,-0.51148,0.21691,272.28
-9.3178e-06,-1.6485e-05,2.6936e+25,-0.95639,0.76344,272.15
-9.3178e-06,-1.6007e-05,2.6793e+25,-0.34411,0.43065,272.95
-9.3178e-06,-1.553e-05,2.6845e+25,-0.88522,0.15871,272.81
-9.3178e-06,-1.5052e-05,2.6846e+25,-0.80897,0.0091508,272.61
-9.3178e-06,-1.4574e-05,2.6841e+25,-0.67461,0.04566,272.41
-9.3178e-06,-1.4096e-05,2.6812e+25,-1.2196,0.12181,272.26
-9.3178e-06,-1.3618e-05,2.6783e+25,-0.49172,-0.065759,272.83
-9.3178e-06,-1.314e-05,2.6809e+25,-1.4174,-0.20032,272.84
-9.3178e-06,-1.2663e-05,2.6936e+25,-1.304,-0.071132,271.74
-9.3178e-06,-1.2185e-05,2.6887e+25,-1.6701,0.28604,272.68
-9.3178e-06,-1.1707e-05,2.6844e+25,-2.008,0.87073,271.93
-9.3178e-06,-1.1229e-05,2.6968e+25,-2.4761,0.85644,272.06
-9.3178e-06,-1.0751e-05,2.689e+25,-1.6849,0.81565,272.01
-9.3178e-06,-1.0273e-05,2.6834e+25,-1.9094,0.91954,272.7
-9.3178e-06,-9.7956e-06,2.6782e+25,-1.7549,1.127,273.42
-9.3178e-06,-9.3178e-06,2.6822e+25,-1.6372,0.99388,273.06
-9.3178e-06,-8.8399e-06,2.6777e+25,-0.25444,1.013,272.98
-9.3178e-06,-8.3621e-06,2.6896e+25,-0.36194,0.91111,272.02
-9.3178e-06,-7.8842e-06,2.6905e+25,-1.0663,1.6637,272.04
-9.3178e-06,-7.4064e-06,2.6909e+25,-1.8205,1.7739,271.34
-9.3178e-06,-6.9286e-06,2.6975e+25,-0.78409,2.3729,270.98
-9.3178e-06,-6.4508e-06,2.6933e+25,-1.5316,2.6174,271.49
-9.3178e-06,-5.9729e-06,2.6949e+25,-2.8988,2.7664,271.44
-9.3178e-06,-5.4951e-06,2.698e+25,-2.8093,2.7939,271.23
-9.3178e-06,-5.0173e-06,2.7012e+25,-2.5093,2.8758,271.47
-9.3178e-06,-4.5394e-06,2.692e+25,-2.2218,2.7034,271.66
-9.3178e-06,-4.0616e-06,2.7053e+25,-3.0275,2.5931,270.46
-9.3178e-06,-3.5838e-06,2.6996e+25,-2.7589,3.5756,270.87
-9.3178e-06,-3.1059e-06,2.6937e+25,-2.9739,4.0535,271.55
-9.3178e-06,-2.6281e-06,2.6972e+25,-1.4561,5.3546,271.01
-9.3178e-06,-2.1502e-06,2.6991e+25,-2.0151,5.9942,271
-9.3178e-06,-1.6724e-06,2.7013e+25,-1.9607,6.5699,270.53
-9.3178e-06,-1.1946e-06,2.6837e+25,-2.1167,6.9426,272.05
-9.3178e-06,-7.1675e-07,2.6862e+25,-2.6988,6.1228,271.85
-9.3178e-06,-2.3892e-07,2.6882e+25,-2.1449,5.7269,272.35
-9.3178e-06,2.3892e-07,2.6861e+25,-1.9315,5.257,271.59
-9.3178e-06,7.1675e-07,2.6836e+25,-1.5139,5.2371,272.01
-9.3178e-06,1.1946e-06,2.6864e+25,-1.8741,5.0048,271.71
-9.3178e-06,1.6724e-06,2.695e+25,-1.0463,4.8032,271.51
-9.3178e-06,2.1502e-06,2.6942e+25,-1.5058,5.1554,271.78
-9.3178e-06,2.6281e-06,2.6922e+25,-1.2845,5.7267,272.01
-9.3178e-06,3.1059e-06,2.6968e+25,-0.79398,6.2467,271.21
-9.3178e-06,3.5838e-06,2.7084e+25,-0.52397,6.6398,270.23
-9.3178e-06,4.0616e-06,2.7182e+25,0.41815,7.0446,269
-9.3178e-06,4.5394e-06,2.7072e+25,1.2645,7.2772,270.07
-9.3178e-06,5.0173e-06,2.6957e+25,-0.25627,6.5346,271.27
-9.3178e-06,5.4951e-06,2.6948e+25,-0.09163,5.6001,271.15
-9.3178e-06,5.9729e-06,2.695e+25,-0.49561,5.6583,271.24
-9.3178e-06,6.4508e-06,2.6882e+25,-1.9001,5.9969,272.17
-9.3178e-06,6.9286e-06,2.6917e+25,-1.7593,6.442,271.73
-9.3178e-06,7.4064e-06,2.6942e+25,-1.6346,6.4861,270.99
-9.3178e-06,7.8842e-06,2.6997e+25,-0.57302,6.8469,270.92
-9.3178e-06,8.3621e-06,2.6848e+25,-1.5528,6.5846,271.25
-9.3178e-06,8.8399e-06,2.6975e+25,-2.725,6.4352,271.05
-9.3178e-06,9.3178e-06,2.7029e+25,-3.8744,7.2748,271.1
-9.3178e-06,9.7956e-06,2.6908e+25,-4.821,7.6722,271.23
-9.3178e-06,1.0273e-05,2.6923e+25,-4.5333,7.4391,271.98
-9.3178e-06,1.0751e-05,2.682e+25,-4.9173,7.3274,272.46
-9.3178e-06,1.1229e-05,2.6896e+25,-3.4932,7.4263,271.69
-9.3178e-06,1.1707e-05,2.6944e+25,-2.033,6.8962,271.08
-9.3178e-06,1.2185e-05,2.6838e+25,-2.0528,6.554,271.76
-9.3178e-06,1.2663e-05,2.6719e+25,-2.0167,7.0561,272.65
-9.3178e-06,1.314e-05,2.6828e+25,-0.33961,6.8518,272.25
-9.3178e-06,1.3618e-05,2.6874e+25,1.9962,6.334,271.89
-9.3178e-06,1.4096e-05,2.6862e+25,3.4534,5.8455,271.73
-9.3178e-06,1.4574e-05,2.6897e+25,4.8234,4.845,270.96
-9.3178e-06,1.5052e-05,2.6887e+25,8.5001,3.38,271.49
-9.3178e-06,1.553e-05,2.6922e+25,12.997,2.1136,271.57
-9.3178e-06,1.6007e-05,2.682e+25,18.282,1.3414,272.53
-9.3178e-06,1.6485e-05,2.6877e+25,24.738,0.52399,272.46
-9.3178e-06,1.6963e-05,2.6895e+25,31.215,-0.064432,272.48
-8.8399e-06,-1.6963e-05,2.6881e+25,-0.92037,0.13007,272.68
-8.8399e-06,-1.6485e-05,2.6941e+25,-1.0611,-0.15643,272.31
-8.8399e-06,-1.6007e-05,2.6815e+25,0.3497,-0.078606,272.97
-8.8399e-06,-1.553e-05,2.6933e+25,-0.65044,-0.62457,272.12
-8.8399e-06,-1.5052e-05,2.6936e+25,-0.62707,-1.0891,271.85
-8.8399e-06,-1.4574e-05,2.6856e+25,-0.75617,-1.0428,272.51
-8.8399e-06,-1.4096e-05,2.6782e+25,-1.4978,-0.75895,272.98
-8.8399e-06,-1.3618e-05,2.6613e+25,-0.5323,-0.36036,274.29
-8.8399e-06,-1.314e-05,2.6713e+25,-1.2393,-0.51285,273.63
-8.8399e-06,-1.2663e-05,2.6939e+25,-2.0432,-0.26948,272.02
-8.8399e-06,-1.2185e-05,2.6765e+25,-2.5327,0.54997,272.39
-8.8399e-06,-1.1707e-05,2.6766e+25,-2.4279,1.09,272.98
-8.8399e-06,-1.1229e-05,2.6867e+25,-2.1226,1.0564,272.39
-8.8399e-06,-1.0751e-05,2.6889e+25,-1.8379,0.72202,272.18
-8.8399e-06,-1.0273e-05,2.6922e+25,-1.9571,0.86948,271.74
-8.8399e-06,-9.7956e-06,2.6798e+25,-1.4868,0.36412,273.55
-8.8399e-06,-9.3178e-06,2.6772e+25,-1.5526,0.26406,272.92
-8.8399e-06,-8.8399e-06,2.6891e+25,-0.26102,0.29368,272.52
-8.8399e-06,-8.3621e-06,2.6853e+25,-0.98442,0.72299,271.66
-8.8399e-06,-7.8842e-06,2.69e+25,-0.96755,0.99949,272.25
-8.8399e-06,-7.4064e-06,2.7097e+25,-2.2868,1.3006,270.46
-8.8399e-06,-6.9286e-06,2.7074e+25,-1.6204,2.0889,270.26
-8.8399e-06,-6.4508e-06,2.6936e+25,-2.0809,3.0804,271.33
-8.8399e-06,-5.9729e-06,2.6838e+25,-2.7395,3.4261,272.52
-8.8399e-06,-5.4951e-06,2.6813e+25,-2.787,3.1001,271.89
-8.8399e-06,-5.0173e-06,2.6851e+25,-2.5762,2.9117,272
-8.8399e-06,-4.5394e-06,2.6812e+25,-2.438,3.2494,272.16
-8.8399e-06,-4.0616e-06,2.6986e+25,-3.2526,3.5715,271.26
-8.8399e-06,-3.5838e-06,2.695e+25,-3.4537,3.7086,271.12
-8.8399e-06,-3.1059e-06,2.6902e+25,-3.5543,4.339,271.67
-8.8399e-06,-2.6281e-06,2.6939e+25,-2.4749,4.778,271.8
-8.8399e-06,-2.1502e-06,2.6935e+25,-2.216,5.2483,270.92
-8.8399e-06,-1.6724e-06,2.688e+25,-2.6192,5.6554,272.1
-8.8399e-06,-1.1946e-06,2.6982e+25,-1.9128,5.9766,271.44
-8.8399e-06,-7.1675e-07,2.6886e+25,-2.1691,6.1467,271.91
-8.8399e-06,-2.3892e-07,2.6924e+25,-1.6503,5.6886,272.22
-8.8399e-06,2.3892e-07,2.6904e+25,-1.3789,5.1227,271.7
-8.8399e-06,7.1675e-07,2.6901e+25,-1.4626,4.7608,271.16
-8.8399e-06,1.1946e-06,2.6958e+25,-1.3467,4.5655,271.19
-8.8399e-06,1.6724e-06,2.6919e+25,-1.0686,4.1133,271.44
-8.8399e-06,2.1502e-06,2.7026e+25,-1.7495,4.117,270.45
-8.8399e-06,2.6281e-06,2.6871e+25,-2.0767,4.717,271.37
-8.8399e-06,3.1059e-06,2.6943e+25,-1.1026,5.3318,271.18
-8.8399e-06,3.5838e-06,2.7026e+25,-0.95256,5.3712,270.39
-8.8399e-06,4.0616e-06,2.7111e+25,0.089459,5.5331,269.63
-8.8399e-06,4.5394e-06,2.716e+25,0.92653,6.1359,269.51
-8.8399e-06,5.0173e-06,2.71e+25,0.93125,6.2579,270.01
-8.8399e-06,5.4951e-06,2.7096e+25,0.087352,6.0353,270.29
-8.8399e-06,5.9729e-06,2.7096e+25,-0.85221,6.0429,270.27
-8.8399e-06,6.4508e-06,2.6884e+25,-2.173,6.5656,271.76
-8.8399e-06,6.9286e-06,2.6965e+25,-2.4444,6.8754,271.41
-8.8399e-06,7.4064e-06,2.6993e+25,-1.1344,6.8538,270.54
-8.8399e-06,7.8842e-06,2.6957e+25,-1.4584,7.4537,270.86
-8.8399e-06,8.3621e-06,2.6975e+25,-1.6113,8.4457,271.39
-8.8399e-06,8.8399e-06,2.6917e+25,-2.948,9.0065,271.92
-8.8399e-06,9.3178e-06,2.6998e+25,-4.337,8.8078,271.23
-8.8399e-06,9.7956e-06,2.699e+25,-4.8305,8.8139,271.86
-8.8399e-06,1.0273e-05,2.6871e+25,-3.9926,8.6327,272.36
-8.8399e-06,1.0751e-05,2.6945e+25,-4.604,7.9462,271.7
-8.8399e-06,1.1229e-05,2.7018e+25,-2.9598,7.191,271.35
-8.8399e-06,1.1707e-05,2.6959e+25,-2.1987,6.8621,271.68
-8.8399e-06,1.2185e-05,2.6977e+25,-2.0712,7.6402,271.72
-8.8399e-06,1.2663e-05,2.6815e+25,-1.6815,7.141,272.76
-8.8399e-06,1.314e-05,2.6778e+25,0.10483,6.369,272.76
-8.8399e-06,1.3618e-05,2.6932e+25,2.3848,5.7243,271.86
-8.8399e-06,1.4096e-05,2.7023e+25,3.8637,5.1279,271.02
-8.8399e-06,1.4574e-05,2.7039e+25,6.3806,4.5031,270.77
-8.8399e-06,1.5052e-05,2.7086e+25,9.9683,2.699,270.38
-8.8399e-06,1.553e-05,2.7084e+25,13.805,1.4275,270.93
-8.8399e-06,1.6007e-05,2.7032e+25,19.182,0.49425,270.92
-8.8399e-06,1.6485e-05,2.6824e+25,25.089,-0.28013,272.52
-8.8399e-06,1.6963e-05,2.6843e+25,31.421,0.20823,272.94
-8.3621e-06,-1.6963e-05,2.6805e+25,-0.80888,0.047006,272.79
-8.3621e-06,-1.6485e-05,2.685e+25,-0.63921,-0.25329,272.66
-8.3621e-06,-1.6007e-05,2.6755e+25,0.087688,-0.56087,273.28
-8.3621e-06,-1.553e-05,2.6924e+25,0.65144,-1.1538,272.36
-8.3621e-06,-1.5052e-05,2.689e+25,-0.65737,-1.9791,272.1
-8.3621e-06,-1.4574e-05,2.6778e+25,-1.3236,-1.5419,272.87
-8.3621e-06,-1.4096e-05,2.6744e+25,-1.7408,-0.81655,273.5
-8.3621e-06,-1.3618e-05,2.6702e+25,-1.1649,-0.24011,273.7
-8.3621e-06,-1.314e-05,2.6779e+25,-1.6385,0.88191,273.31
-8.3621e-06,-1.2663e-05,2.6901e+25,-2.208,1.1258,272.59
-8.3621e-06,-1.2185e-05,2.6924e+25,-2.7619,0.82244,272.23
-8.3621e-06,-1.1707e-05,2.6803e+25,-2.395,0.47135,272.25
-8.3621e-06,-1.1229e-05,2.6879e+25,-1.8943,0.5148,271.82
-8.3621e-06,-1.0751e-05,2.6759e+25,-2.1422,0.70173,272.48
-8.3621e-06,-1.0273e-05,2.6853e+25,-1.7638,0.76629,272.24
-8.3621e-06,-9.7956e-06,2.6781e+25,-1.1435,0.79685,273.13
-8.3621e-06,-9.3178e-06,2.6787e+25,-1.3147,0.28215,273.29
-8.3621e-06,-8.8399e-06,2.6873e+25,-0.43835,0.068223,272.32
-8.3621e-06,-8.3621e-06,2.7012e+25,-1.2793,0.24075,271.63
-8.3621e-06,-7.8842e-06,2.6895e+25,-1.5954,0.62705,272.05
-8.3621e-06,-7.4064e-06,2.7004e+25,-2.5128,1.2076,271.18
-8.3621e-06,-6.9286e-06,2.6974e+25,-2.3033,1.5711,271.06
-8.3621e-06,-6.4508e-06,2.6913e+25,-2.7185,1.8727,271.89
-8.3621e-06,-5.9729e-06,2.6941e+25,-2.9261,2.4155,271.9
-8.3621e-06,-5.4951e-06,2.687e+25,-2.486,2.8171,271.72
-8.3621e-06,-5.0173e-06,2.6811e+25,-2.4372,2.5794,272.46
-8.3621e-06,-4.5394e-06,2.6856e+25,-3.2027,2.7933,271.97
-8.3621e-06,-4.0616e-06,2.7057e+25,-2.8633,3.0147,270.72
-8.3621e-06,-3.5838e-06,2.7043e+25,-4.1554,3.2446,270.91
-8.3621e-06,-3.1059e-06,2.6878e+25,-4.0212,3.7429,271.7
-8.3621e-06,-2.6281e-06,2.6805e+25,-2.8939,4.2189,272.55
-8.3621e-06,-2.1502e-06,2.6952e+25,-2.7385,5.012,272.1
-8.3621e-06,-1.6724e-06,2.6852e+25,-3.2536,5.3839,272.81
-8.3621e-06,-1.1946e-06,2.6888e+25,-2.361,5.9131,272.09
-8.3621e-06,-7.1675e-07,2.6867e+25,-1.9285,5.9701,272.33
-8.3621e-06,-2.3892e-07,2.6815e+25,-1.0362,5.5375,272.09
-8.3621e-06,2.3892e-07,2.6922e+25,-1.3671,5.5064,271.41
-8.3621e-06,7.1675e-07,2.69e+25,-1.4176,5.1717,271.3
-8.3621e-06,1.1946e-06,2.6947e+25,-1.0713,5.0813,270.82
-8.3621e-06,1.6724e-06,2.6983e+25,-0.74354,5.2715,270.51
-8.3621e-06,2.1502e-06,2.7094e+25,-2.2388,5.2365,269.86
-8.3621e-06,2.6281e-06,2.7111e+25,-2.635,5.3799,270.03
-8.3621e-06,3.1059e-06,2.7126e+25,-1.2045,5.2572,269.57
-8.3621e-06,3.5838e-06,2.7093e+25,-0.7488,5.4917,270.57
-8.3621e-06,4.0616e-06,2.7102e+25,-0.55075,6.0133,270.4
-8.3621e-06,4.5394e-06,2.7166e+25,0.59883,6.4604,269.81
-8.3621e-06,5.0173e-06,2.7084e+25,0.4332,6.8621,270.48
-8.3621e-06,5.4951e-06,2.7159e+25,0.16377,6.8935,269.97
-8.3621e-06,5.9729e-06,2.7075e+25,-0.74498,7.1122,270.85
-8.3621e-06,6.4508e-06,2.7062e+25,-2.3117,6.6467,270.69
-8.3621e-06,6.9286e-06,2.6967e+25,-2.9955,7.3272,271.37
-8.3621e-06,7.4064e-06,2.6966e+25,-1.925,8.3549,271.1
-8.3621e-06,7.8842e-06,2.6914e+25,-2.1259,9.1529,271.32
-8.3621e-06,8.3621e-06,2.6926e+25,-2.5544,9.6488,271.15
-8.3621e-06,8.8399e-06,2.6856e+25,-3.0172,10.341,271.75
-8.3621e-06,9.3178e-06,2.6936e+25,-3.8946,9.755,271.58
-8.3621e-06,9.7956e-06,2.6939e+25,-4.5539,9.3691,271.31
-8.3621e-06,1.0273e-05,2.6845e+25,-3.4918,8.9542,272.07
-8.3621e-06,1.0751e-05,2.6934e+25,-3.8502,8.4732,271.52
-8.3621e-06,1.1229e-05,2.6796e+25,-2.4766,8.1604,272.02
-8.3621e-06,1.1707e-05,2.6937e+25,-2.5589,8.43,272.1
-8.3621e-06,1.2185e-05,2.6896e+25,-1.9637,8.0377,271.87
-8.3621e-06,1.2663e-05,2.6792e+25,-0.89342,7.3252,272.7
-8.3621e-06,1.314e-05,2.678e+25,1.0331,6.1624,272.78
-8.3621e-06,1.3618e-05,2.6918e+25,2.9057,5.4802,272.12
-8.3621e-06,1.4096e-05,2.6927e+25,5.0238,4.692,271.48
-8.3621e-06,1.4574e-05,2.6908e+25,7.3823,3.4024,271.2
-8.3621e-06,1.5052e-05,2.6984e+25,11.357,2.6096,271.03
-8.3621e-06,1.553e-05,2.6924e+25,15.338,1.2168,271.33
-8.3621e-06,1.6007e-05,2.6862e+25,19.872,0.11254,272.17
-8.3621e-06,1.6485e-05,2.6877e+25,25.156,-0.035757,272.82
-8.3621e-06,1.6963e-05,2.68e+25,31.255,-0.202,273.19
-7.8842e-06,-1.6963e-05,2.6744e+25,-0.64946,-0.15464,273.49
-7.8842e-06,-1.6485e-05,2.6851e+25,-0.17277,-0.33417,272.69
-7.8842e-06,-1.6007e-05,2.6911e+25,0.35018,-0.79691,272.49
-7.8842e-06,-1.553e-05,2.6825e+25,1.3281,-1.1202,272.04
-7.8842e-06,-1.5052e-05,2.6895e+25,-0.37502,-1.6117,272.52
-7.8842e-06,-1.4574e-05,2.6794e+25,-2.5927,-1.1423,273.05
-7.8842e-06,-1.4096e-05,2.6777e+25,-2.2267,-0.23729,273.24
-7.8842e-06,-1.3618e-05,2.6817e+25,-1.9558,0.48484,273.14
-7.8842e-06,-1.314e-05,2.6805e+25,-2.3333,0.84403,272.33
-7.8842e-06,-1.2663e-05,2.6873e+25,-1.9702,1.1318,272.32
-7.8842e-06,-1.2185e-05,2.6886e+25,-2.2475,0.85898,272.07
-7.8842e-06,-1.1707e-05,2.7006e+25,-2.3266,0.79706,271.38
-7.8842e-06,-1.1229e-05,2.6989e+25,-2.1092,0.76811,271.75
-7.8842e-06,-1.0751e-05,2.6833e+25,-2.0636,0.75212,272.8
-7.8842e-06,-1.0273e-05,2.6775e+25,-1.9103,0.33264,273.06
-7.8842e-06,-9.7956e-06,2.6797e+25,-0.99045,0.42354,272.58
-7.8842e-06,-9.3178e-06,2.6835e+25,-0.71444,0.071112,272.71
-7.8842e-06,-8.8399e-06,2.6932e+25,-0.71326,-0.050882,271.88
-7.8842e-06,-8.3621e-06,2.7013e+25,-1.4074,0.03517,271.08
-7.8842e-06,-7.8842e-06,2.707e+25,-2.1312,0.43061,270.62
-7.8842e-06,-7.4064e-06,2.7114e+25,-2.8857,0.88335,270.44
-7.8842e-06,-6.9286e-06,2.6914e+25,-3.0949,1.6735,271.46
-7.8842e-06,-6.4508e-06,2.6905e+25,-3.0381,2.702,272.11
-7.8842e-06,-5.9729e-06,2.6898e+25,-3.1269,2.3722,272.15
-7.8842e-06,-5.4951e-06,2.6876e+25,-2.8509,2.443,272.71
-7.8842e-06,-5.0173e-06,2.6847e+25,-2.4069,3.0131,272.46
-7.8842e-06,-4.5394e-06,2.6887e+25,-3.196,2.8936,271.53
-7.8842e-06,-4.0616e-06,2.6934e+25,-3.2631,2.6452,271.71
-7.8842e-06,-3.5838e-06,2.6971e+25,-4.1227,2.6087,271.37
-7.8842e-06,-3.1059e-06,2.6772e+25,-4.2761,2.5768,272.62
-7.8842e-06,-2.6281e-06,2.6812e+25,-4.0468,3.0885,272.9
-7.8842e-06,-2.1502e-06,2.6894e+25,-3.1379,3.7986,272.2
-7.8842e-06,-1.6724e-06,2.6788e+25,-3.5043,4.4218,273.16
-7.8842e-06,-1.1946e-06,2.6935e+25,-2.8873,4.9512,271.44
-7.8842e-06,-7.1675e-07,2.6949e+25,-2.0683,5.4515,271.56
-7.8842e-06,-2.3892e-07,2.6946e+25,-1.2792,5.9165,270.74
-7.8842e-06,2.3892e-07,2.7016e+25,-1.1642,6.1258,271.1
-7.8842e-06,7.1675e-07,2.7027e+25,-1.0571,6.3458,271.18
-7.8842e-06,1.1946e-06,2.7074e+25,-1.0173,6.0012,270.5
-7.8842e-06,1.6724e-06,2.7017e+25,-0.64715,5.8176,270.47
-7.8842e-06,2.1502e-06,2.7023e+25,-1.9964,5.4576,270.58
-7.8842e-06,2.6281e-06,2.7058e+25,-2.3311,4.9642,270.29
-7.8842e-06,3.1059e-06,2.7189e+25,-1.9482,5.2268,269.16
-7.8842e-06,3.5838e-06,2.7046e+25,-1.2596,5.79,270.59
-7.8842e-06,4.0616e-06,2.7044e+25,-0.81424,6.3068,271
-7.8842e-06,4.5394e-06,2.7104e+25,-0.022656,6.8827,270.68
-7.8842e-06,5.0173e-06,2.7035e+25,-0.27826,7.8469,270.48
-7.8842e-06,5.4951e-06,2.7024e+25,-0.084916,8.6073,270.34
-7.8842e-06,5.9729e-06,2.6991e+25,-0.50072,8.4302,270.89
-7.8842e-06,6.4508e-06,2.6993e+25,-2.1518,7.9255,271.02
-7.8842e-06,6.9286e-06,2.6961e+25,-3.603,8.0978,271.32
-7.8842e-06,7.4064e-06,2.7016e+25,-3.1816,9.0457,270.79
-7.8842e-06,7.8842e-06,2.688e+25,-2.6634,10.038,271.23
-7.8842e-06,8.3621e-06,2.6882e+25,-2.9301,10.244,271.67
-7.8842e-06,8.8399e-06,2.6891e+25,-2.8592,10.02,271.91
-7.8842e-06,9.3178e-06,2.6911e+25,-3.5838,9.7861,271.51
-7.8842e-06,9.7956e-06,2.6896e+25,-4.3408,9.6143,272.42
-7.8842e-06,1.0273e-05,2.6853e+25,-3.521,9.9617,272.01
-7.8842e-06,1.0751e-05,2.6903e+25,-3.1399,9.7476,271.54
-7.8842e-06,1.1229e-05,2.6891e+25,-2.7543,9.4456,271.73
-7.8842e-06,1.1707e-05,2.691e+25,-2.1982,9.086,271.45
-7.8842e-06,1.2185e-05,2.6888e+25,-0.93229,8.0091,271.29
-7.8842e-06,1.2663e-05,2.6807e+25,0.20568,7.2059,272.15
-7.8842e-06,1.314e-05,2.6812e+25,2.0994,6.2348,271.9
-7.8842e-06,1.3618e-05,2.6864e+25,3.7517,5.04,272.69
-7.8842e-06,1.4096e-05,2.6865e+25,5.7769,4.1873,271.75
-7.8842e-06,1.4574e-05,2.6867e+25,8.6033,3.4242,271.6
-7.8842e-06,1.5052e-05,2.6877e+25,12.554,2.3205,272.15
-7.8842e-06,1.553e-05,2.6817e+25,16.287,1.4746,272.44
-7.8842e-06,1.6007e-05,2.6822e+25,20.588,0.68208,272.84
-7.8842e-06,1.6485e-05,2.6627e+25,25.745,0.18769,274.04
-7.8842e-06,1.6963e-05,2.6789e+25,31.206,0.053142,273.71
-7.4064e-06,-1.6963e-05,2.6887e+25,-0.37386,-0.12535,272.65
-7.4064e-06,-1.6485e-05,2.6969e+25,0.17031,-0.55202,271.95
-7.4064e-06,-1.6007e-05,2.6933e+25,1.0863,-1.2296,271.53
-7.4064e-06,-1.553e-05,2.6862e+25,0.84235,-0.92763,272.42
-7.4064e-06,-1.5052e-05,2.6878e+25,-0.97841,0.79473,272.06
-7.4064e-06,-1.4574e-05,2.6777e+25,-2.5812,0.7851,273.08
-7.4064e-06,-1.4096e-05,2.6738e+25,-2.5737,0.25473,273.79
-7.4064e-06,-1.3618e-05,2.6842e+25,-2.3236,0.15499,272.81
-7.4064e-06,-1.314e-05,2.6845e+25,-2.3062,0.36598,272.38
-7.4064e-06,-1.2663e-05,2.6794e+25,-3.0763,0.80433,273.1
-7.4064e-06,-1.2185e-05,2.6866e+25,-1.6868,1.4721,272.55
-7.4064e-06,-1.1707e-05,2.6895e+25,-2.1544,0.66951,271.86
-7.4064e-06,-1.1229e-05,2.6909e+25,-2.238,0.7182,272.11
-7.4064e-06,-1.0751e-05,2.679e+25,-1.7271,0.77509,273.05
-7.4064e-06,-1.0273e-05,2.6747e+25,-1.6485,0.65082,272.98
-7.4064e-06,-9.7956e-06,2.6819e+25,-1.1194,0.95365,272.82
-7.4064e-06,-9.3178e-06,2.6716e+25,-0.40477,0.77772,273.19
-7.4064e-06,-8.8399e-06,2.689e+25,-0.65852,0.45461,272.69
-7.4064e-06,-8.3621e-06,2.702e+25,-1.5266,0.6073,271.3
-7.4064e-06,-7.8842e-06,2.7152e+25,-2.4596,0.75919,269.76
-7.4064e-06,-7.4064e-06,2.7023e+25,-3.6178,1.3808,270.72
-7.4064e-06,-6.9286e-06,2.6888e+25,-4.3981,2.0889,272.06
-7.4064e-06,-6.4508e-06,2.6898e+25,-3.2283,2.5822,272.18
-7.4064e-06,-5.9729e-06,2.6852e+25,-2.7634,2.9345,272.28
-7.4064e-06,-5.4951e-06,2.6845e+25,-3.4329,2.9826,272.82
-7.4064e-06,-5.0173e-06,2.685e+25,-2.5065,3.1311,272.89
-7.4064e-06,-4.5394e-06,2.6887e+25,-2.9827,3.3083,272.76
-7.4064e-06,-4.0616e-06,2.6835e+25,-2.9824,3.2166,272.14
-7.4064e-06,-3.5838e-06,2.6893e+25,-3.9316,2.8599,272.13
-7.4064e-06,-3.1059e-06,2.6746e+25,-4.0322,2.3596,273.68
-7.4064e-06,-2.6281e-06,2.6759e+25,-4.3694,2.1067,273.43
-7.4064e-06,-2.1502e-06,2.6848e+25,-3.9602,2.8251,272.83
-7.4064e-06,-1.6724e-06,2.6826e+25,-4.4711,3.4518,273.02
-7.4064e-06,-1.1946e-06,2.6934e+25,-3.6682,4.5401,271.38
-7.4064e-06,-7.1675e-07,2.7013e+25,-2.2375,4.7994,270.65
-7.4064e-06,-2.3892e-07,2.7103e+25,-1.4027,4.9207,269.63
-7.4064e-06,2.3892e-07,2.7018e+25,-1.5378,5.1458,270.69
-7.4064e-06,7.1675e-07,2.7e+25,-1.1127,5.6547,270.69
-7.4064e-06,1.1946e-06,2.6982e+25,-1.1741,5.6673,271.14
-7.4064e-06,1.6724e-06,2.6974e+25,-0.70293,6.2503,271
-7.4064e-06,2.1502e-06,2.6994e+25,-1.4432,5.9397,270.66
-7.4064e-06,2.6281e-06,2.7001e+25,-2.0784,5.9077,270.69
-7.4064e-06,3.1059e-06,2.7061e+25,-2.3297,6.0483,270.4
-7.4064e-06,3.5838e-06,2.7037e+25,-1.668,6.2105,270.68
-7.4064e-06,4.0616e-06,2.6896e+25,-1.5527,6.8604,271.67
-7.4064e-06,4.5394e-06,2.6971e+25,-0.91848,7.5914,271.46
-7.4064e-06,5.0173e-06,2.6979e+25,-0.67746,7.9498,271.77
-7.4064e-06,5.4951e-06,2.7006e+25,-0.32851,8.1369,270.84
-7.4064e-06,5.9729e-06,2.6921e+25,-0.83994,8.8609,271.31
-7.4064e-06,6.4508e-06,2.6965e+25,-1.9214,9.623,271.95
-7.4064e-06,6.9286e-06,2.6996e+25,-3.8662,8.8515,270.86
-7.4064e-06,7.4064e-06,2.7005e+25,-4.0736,9.3156,270.58
-7.4064e-06,7.8842e-06,2.6958e+25,-3.2956,9.8115,270.68
-7.4064e-06,8.3621e-06,2.6971e+25,-2.4349,9.9149,270.86
-7.4064e-06,8.8399e-06,2.6881e+25,-2.8826,9.7523,271.88
-7.4064e-06,9.3178e-06,2.6848e+25,-3.4163,9.8036,271.89
-7.4064e-06,9.7956e-06,2.693e+25,-4.4552,10.175,271.98
-7.4064e-06,1.0273e-05,2.6887e+25,-3.9005,10.108,272.05
-7.4064e-06,1.0751e-05,2.6896e+25,-2.8815,10.034,272.23
-7.4064e-06,1.1229e-05,2.6868e+25,-2.2688,9.4933,272.08
-7.4064e-06,1.1707e-05,2.6962e+25,-0.91167,7.9889,272.3
-7.4064e-06,1.2185e-05,2.6929e+25,-0.072132,6.8216,271.43
-7.4064e-06,1.2663e-05,2.6967e+25,0.52758,6.3971,271.73
-7.4064e-06,1.314e-05,2.6761e+25,2.8222,6.2236,272.12
-7.4064e-06,1.3618e-05,2.6919e+25,4.6787,5.7112,272.05
-7.4064e-06,1.4096e-05,2.6927e+25,6.7066,4.4769,271.55
-7.4064e-06,1.4574e-05,2.6767e+25,9.6582,3.591,272.89
-7.4064e-06,1.5052e-05,2.6789e+25,13.294,2.6913,272.81
-7.4064e-06,1.553e-05,2.6772e+25,17.095,1.8769,272.65
-7.4064e-06,1.6007e-05,2.6778e+25,21.196,1.4222,273.01
-7.4064e-06,1.6485e-05,2.6671e+25,26.027,0.95133,274.08
-7.4064e-06,1.6963e-05,2.672e+25,31.711,0.30531,273.98
-6.9286e-06,-1.6963e-05,2.6898e+25,-0.28074,0.12007,272.37
-6.9286e-06,-1.6485e-05,2.6869e+25,0.35723,0.18606,272.29
-6.9286e-06,-1.6007e-05,2.6985e+25,1.3564,0.31682,271.76
-6.9286e-06,-1.553e-05,2.7005e+25,-0.40967,0.87217,271.23
-6.9286e-06,-1.5052e-05,2.7044e+25,-1.3423,1.2438,271.58
-6.9286e-06,-1.4574e-05,2.6845e+25,-2.1743,1.0906,271.92
-6.9286e-06,-1.4096e-05,2.6858e+25,-2.0959,0.4874,272.59
-6.9286e-06,-1.3618e-05,2.6896e+25,-2.4903,0.37533,272.07
-6.9286e-06,-1.314e-05,2.6889e+25,-2.6884,0.61312,272.55
-6.9286e-06,-1.2663e-05,2.6822e+25,-3.4024,0.89974,272.89
-6.9286e-06,-1.2185e-05,2.6838e+25,-1.7005,1.0373,272.81
-6.9286e-06,-1.1707e-05,2.6787e+25,-1.8805,1.0979,272.84
-6.9286e-06,-1.1229e-05,2.6769e+25,-1.7871,0.73084,273.52
-6.9286e-06,-1.0751e-05,2.6664e+25,-1.9031,0.41282,273.89
-6.9286e-06,-1.0273e-05,2.673e+25,-1.7425,0.37024,273.54
-6.9286e-06,-9.7956e-06,2.6768e+25,-1.1507,0.014061,273.3
-6.9286e-06,-9.3178e-06,2.6849e+25,-0.11188,0.16169,273.11
-6.9286e-06,-8.8399e-06,2.6938e+25,-1.0507,0.60958,272.82
-6.9286e-06,-8.3621e-06,2.7027e+25,-1.6487,1.2294,271.87
-6.9286e-06,-7.8842e-06,2.6996e+25,-2.9126,1.7453,271.09
-6.9286e-06,-7.4064e-06,2.6989e+25,-3.6768,1.5299,270.78
-6.9286e-06,-6.9286e-06,2.6976e+25,-4.8623,1.4025,271.54
-6.9286e-06,-6.4508e-06,2.6908e+25,-3.9446,1.9915,271.92
-6.9286e-06,-5.9729e-06,2.6776e+25,-2.8613,2.26,272.69
-6.9286e-06,-5.4951e-06,2.6798e+25,-3.2562,2.0027,273.05
-6.9286e-06,-5.0173e-06,2.6837e+25,-2.8808,2.172,272.48
-6.9286e-06,-4.5394e-06,2.6767e+25,-2.9965,2.3861,272.77
-6.9286e-06,-4.0616e-06,2.6816e+25,-3.0913,2.4551,273.18
-6.9286e-06,-3.5838e-06,2.6775e+25,-3.3448,2.7873,273.37
-6.9286e-06,-3.1059e-06,2.6766e+25,-3.907,2.7054,273.35
-6.9286e-06,-2.6281e-06,2.6795e+25,-4.8615,2.9941,273.34
-6.9286e-06,-2.1502e-06,2.6807e+25,-4.308,3.1423,273.18
-6.9286e-06,-1.6724e-06,2.6827e+25,-4.6417,3.1468,273.28
-6.9286e-06,-1.1946e-06,2.691e+25,-3.8831,2.9983,272.26
-6.9286e-06,-7.1675e-07,2.6977e+25,-2.8237,3.5447,271.03
-6.9286e-06,-2.3892e-07,2.6964e+25,-1.808,4.0267,271.34
-6.9286e-06,2.3892e-07,2.7016e+25,-1.9597,4.7229,271.05
-6.9286e-06,7.1675e-07,2.7036e+25,-1.4391,4.9823,270.95
-6.9286e-06,1.1946e-06,2.6981e+25,-1.4505,5.3441,271.27
-6.9286e-06,1.6724e-06,2.6938e+25,-1.1374,5.8286,271.58
-6.9286e-06,2.1502e-06,2.6913e+25,-1.4378,6.6132,271.45
-6.9286e-06,2.6281e-06,2.6958e+25,-2.2156,6.5535,271.42
-6.9286e-06,3.1059e-06,2.689e+25,-2.0755,6.1751,271.87
-6.9286e-06,3.5838e-06,2.6927e+25,-2.1902,6.4274,271.43
-6.9286e-06,4.0616e-06,2.6967e+25,-2.363,7.1061,271.62
-6.9286e-06,4.5394e-06,2.6825e+25,-1.5492,8.0712,272.06
-6.9286e-06,5.0173e-06,2.6921e+25,-0.67519,8.6217,271.26
-6.9286e-06,5.4951e-06,2.6995e+25,-1.1095,9.1103,270.93
-6.9286e-06,5.9729e-06,2.6953e+25,-1.7877,10.158,271.33
-6.9286e-06,6.4508e-06,2.7094e+25,-1.9502,10.584,270.16
-6.9286e-06,6.9286e-06,2.691e+25,-3.4427,10.796,270.73
-6.9286e-06,7.4064e-06,2.7004e+25,-4.1728,9.9924,270.77
-6.9286e-06,7.8842e-06,2.6895e+25,-3.2264,9.6405,271.33
-6.9286e-06,8.3621e-06,2.6936e+25,-2.6288,9.8506,271.35
-6.9286e-06,8.8399e-06,2.7055e+25,-2.8095,9.9684,271.41
-6.9286e-06,9.3178e-06,2.69e+25,-3.9739,10.404,271.69
-6.9286e-06,9.7956e-06,2.6821e+25,-4.2561,10.429,272.49
-6.9286e-06,1.0273e-05,2.6854e+25,-3.4117,10.024,272.37
-6.9286e-06,1.0751e-05,2.6898e+25,-2.323,9.2845,271.89
-6.9286e-06,1.1229e-05,2.6877e+25,-0.58839,7.8489,271.15
-6.9286e-06,1.1707e-05,2.7011e+25,0.14835,6.4723,271.53
-6.9286e-06,1.2185e-05,2.6907e+25,0.39776,6.2148,271.59
-6.9286e-06,1.2663e-05,2.7053e+25,0.92563,5.7089,270.9
-6.9286e-06,1.314e-05,2.6807e+25,3.358,5.1581,272.03
-6.9286e-06,1.3618e-05,2.6879e+25,5.3635,4.5382,271.59
-6.9286e-06,1.4096e-05,2.6812e+25,7.8357,3.6548,272.46
-6.9286e-06,1.4574e-05,2.6732e+25,10.742,2.5115,273.46
-6.9286e-06,1.5052e-05,2.6784e+25,13.862,1.9013,273.05
-6.9286e-06,1.553e-05,2.6797e+25,17.507,1.7309,272.82
-6.9286e-06,1.6007e-05,2.6658e+25,21.899,1.1003,274.48
-6.9286e-06,1.6485e-05,2.6719e+25,26.837,0.292,274.1
-6.9286e-06,1.6963e-05,2.6854e+25,31.71,-0.077878,273.09
-6.4508e-06,-1.6963e-05,2.6841e+25,-0.52214,0.014592,272.76
-6.4508e-06,-1.6485e-05,2.6903e+25,0.46616,0.097397,272.27
-6.4508e-06,-1.6007e-05,2.6803e+25,0.66853,0.63137,272.34
-6.4508e-06,-1.553e-05,2.6832e+25,-1.0811,1.3085,272.43
-6.4508e-06,-1.5052e-05,2.6917e+25,-1.8254,2.0253,271.45
-6.4508e-06,-1.4574e-05,2.7003e+25,-1.3471,1.7445,271.03
-6.4508e-06,-1.4096e-05,2.6977e+25,-1.4783,1.1938,271.21
-6.4508e-06,-1.3618e-05,2.6965e+25,-2.3731,0.8898,271.92
-6.4508e-06,-1.314e-05,2.6965e+25,-2.7664,1.1079,271.4
-6.4508e-06,-1.2663e-05,2.6775e+25,-3.418,0.59675,272.06
-6.4508e-06,-1.2185e-05,2.6859e+25,-2.282,0.85891,272.24
-6.4508e-06,-1.1707e-05,2.6843e+25,-1.9117,1.1976,272.69
-6.4508e-06,-1.1229e-05,2.6818e+25,-1.3261,1.1261,273.12
-6.4508e-06,-1.0751e-05,2.6728e+25,-1.3807,0.48588,273.4
-6.4508e-06,-1.0273e-05,2.6793e+25,-1.7618,0.037157,273.33
-6.4508e-06,-9.7956e-06,2.6863e+25,-0.79901,0.20656,272.57
-6.4508e-06,-9.3178e-06,2.6891e+25,-0.12005,-0.52772,272.19
-6.4508e-06,-8.8399e-06,2.6837e+25,-1.3839,-0.8035,272.56
-6.4508e-06,-8.3621e-06,2.6943e+25,-2.8301,0.09645,271.23
-6.4508e-06,-7.8842e-06,2.6913e+25,-3.4062,1.045,271.34
-6.4508e-06,-7.4064e-06,2.7e+25,-3.6486,1.9659,270.7
-6.4508e-06,-6.9286e-06,2.6966e+25,-4.3572,1.8121,271.36
-6.4508e-06,-6.4508e-06,2.6882e+25,-4.3527,0.99117,272.07
-6.4508e-06,-5.9729e-06,2.6747e+25,-2.5289,0.89705,273.36
-6.4508e-06,-5.4951e-06,2.6759e+25,-3.2524,1.2662,272.91
-6.4508e-06,-5.0173e-06,2.6816e+25,-3.1884,1.1394,273
-6.4508e-06,-4.5394e-06,2.673e+25,-2.9582,1.4695,272.64
-6.4508e-06,-4.0616e-06,2.6698e+25,-3.5273,1.5139,273.45
-6.4508e-06,-3.5838e-06,2.679e+25,-3.844,2.1439,272.74
-6.4508e-06,-3.1059e-06,2.6792e+25,-4.3483,3.0727,272.76
-6.4508e-06,-2.6281e-06,2.6736e+25,-4.9008,3.573,273.44
-6.4508e-06,-2.1502e-06,2.67e+25,-4.6062,3.3849,273.75
-6.4508e-06,-1.6724e-06,2.6829e+25,-4.5098,3.4562,272.7
-6.4508e-06,-1.1946e-06,2.6913e+25,-4.1847,3.3607,271.82
-6.4508e-06,-7.1675e-07,2.6923e+25,-2.9073,3.3584,272.08
-6.4508e-06,-2.3892e-07,2.6863e+25,-2.2637,3.394,272.19
-6.4508e-06,2.3892e-07,2.6914e+25,-2.6516,3.4804,271.8
-6.4508e-06,7.1675e-07,2.7005e+25,-1.8552,4.1372,271.15
-6.4508e-06,1.1946e-06,2.6993e+25,-1.7875,4.818,271.35
-6.4508e-06,1.6724e-06,2.6893e+25,-2.2011,5.6511,271.68
-6.4508e-06,2.1502e-06,2.6814e+25,-1.9939,6.5612,272.2
-6.4508e-06,2.6281e-06,2.6919e+25,-1.8313,6.5283,272.31
-6.4508e-06,3.1059e-06,2.6925e+25,-2.2372,6.699,272.43
-6.4508e-06,3.5838e-06,2.6981e+25,-2.8917,7.3754,271.15
-6.4508e-06,4.0616e-06,2.6971e+25,-2.7466,7.7137,271.26
-6.4508e-06,4.5394e-06,2.696e+25,-2.273,7.7732,271.57
-6.4508e-06,5.0173e-06,2.6973e+25,-1.7352,9.173,271.39
-6.4508e-06,5.4951e-06,2.6933e+25,-1.8227,10.113,271.75
-6.4508e-06,5.9729e-06,2.6878e+25,-2.2677,10.256,271.84
-6.4508e-06,6.4508e-06,2.6938e+25,-2.37,10.685,271.45
-6.4508e-06,6.9286e-06,2.6983e+25,-2.8751,10.607,270.83
-6.4508e-06,7.4064e-06,2.6985e+25,-3.4971,9.9391,271.17
-6.4508e-06,7.8842e-06,2.6914e+25,-3.0687,9.7835,271.52
-6.4508e-06,8.3621e-06,2.6905e+25,-2.8565,9.8595,271.4
-6.4508e-06,8.8399e-06,2.6913e+25,-3.2109,10.008,271.63
-6.4508e-06,9.3178e-06,2.6919e+25,-3.9775,10.094,271.26
-6.4508e-06,9.7956e-06,2.6847e+25,-3.8252,9.4979,272.11
-6.4508e-06,1.0273e-05,2.6836e+25,-3.2792,9.3323,271.69
-6.4508e-06,1.0751e-05,2.6863e+25,-1.1968,9.0903,272.06
-6.4508e-06,1.1229e-05,2.687e+25,0.7114,8.1325,271.78
-6.4508e-06,1.1707e-05,2.6893e+25,0.7026,7.4713,272.16
-6.4508e-06,1.2185e-05,2.6842e+25,0.90728,7.0471,272.08
-6.4508e-06,1.2663e-05,2.6901e+25,1.2625,6.3063,272.01
-6.4508e-06,1.314e-05,2.6918e+25,4.203,5.628,271.95
-6.4508e-06,1.3618e-05,2.6954e+25,5.9596,4.7255,271.75
-6.4508e-06,1.4096e-05,2.6948e+25,8.9735,4.0924,271.83
-6.4508e-06,1.4574e-05,2.6887e+25,11.415,3.4095,272.28
-6.4508e-06,1.5052e-05,2.6833e+25,14.015,2.8151,272.47
-6.4508e-06,1.553e-05,2.6759e+25,18.13,2.2203,273.02
-6.4508e-06,1.6007e-05,2.6696e+25,23.018,1.2144,273.85
-6.4508e-06,1.6485e-05,2.6658e+25,27.42,0.16425,274.18
-6.4508e-06,1.6963e-05,2.6872e+25,31.744,-0.03942,272.9
-5.9729e-06,-1.6963e-05,2.6804e+25,-0.47835,-0.030139,273.14
-5.9729e-06,-1.6485e-05,2.6876e+25,0.29741,0.0042985,272.38
-5.9729e-06,-1.6007e-05,2.6906e+25,-0.13913,0.32777,272.07
-5.9729e-06,-1.553e-05,2.6909e+25,-1.6856,1.218,271.85
-5.9729e-06,-1.5052e-05,2.6847e+25,-1.9011,1.4512,272.48
-5.9729e-06,-1.4574e-05,2.6902e+25,-0.99606,1.2695,271.88
-5.9729e-06,-1.4096e-05,2.6961e+25,-1.6167,1.3954,271.19
-5.9729e-06,-1.3618e-05,2.6844e+25,-1.981,1.3836,271.93
-5.9729e-06,-1.314e-05,2.6933e+25,-2.5175,0.36968,271.8
-5.9729e-06,-1.2663e-05,2.6875e+25,-2.7936,0.012124,272.03
-5.9729e-06,-1.2185e-05,2.6852e+25,-2.5574,-0.26062,272.54
-5.9729e-06,-1.1707e-05,2.6798e+25,-1.997,0.03637,273
-5.9729e-06,-1.1229e-05,2.6788e+25,-1.4054,0.2927,273.11
-5.9729e-06,-1.0751e-05,2.6843e+25,-0.92183,0.76923,272.35
-5.9729e-06,-1.0273e-05,2.6883e+25,-1.5892,0.47797,272.15
-5.9729e-06,-9.7956e-06,2.6966e+25,-0.56137,0.24317,271.91
-5.9729e-06,-9.3178e-06,2.6964e+25,0.45292,-0.065177,271.02
-5.9729e-06,-8.8399e-06,2.7025e+25,-1.6254,-0.0309,271.17
-5.9729e-06,-8.3621e-06,2.7034e+25,-3.3588,-0.028238,271.21
-5.9729e-06,-7.8842e-06,2.6976e+25,-3.9626,0.029212,271.11
-5.9729e-06,-7.4064e-06,2.6901e+25,-4.442,0.36687,271.94
-5.9729e-06,-6.9286e-06,2.6807e+25,-3.9577,0.96991,273.09
-5.9729e-06,-6.4508e-06,2.6805e+25,-3.4159,0.54858,272.86
-5.9729e-06,-5.9729e-06,2.6892e+25,-3.2323,0.1909,273
-5.9729e-06,-5.4951e-06,2.6802e+25,-3.3345,0.49915,272.82
-5.9729e-06,-5.0173e-06,2.6818e+25,-3.8314,1.2415,273.46
-5.9729e-06,-4.5394e-06,2.6722e+25,-3.0962,1.4543,273.08
-5.9729e-06,-4.0616e-06,2.6724e+25,-3.439,1.9394,273.73
-5.9729e-06,-3.5838e-06,2.6821e+25,-5.1974,2.4512,273.07
-5.9729e-06,-3.1059e-06,2.6821e+25,-5.2629,3.9092,272.81
-5.9729e-06,-2.6281e-06,2.6809e+25,-4.9244,4.3494,273.47
-5.9729e-06,-2.1502e-06,2.6692e+25,-4.3327,4.257,273.69
-5.9729e-06,-1.6724e-06,2.6898e+25,-4.2381,3.9225,273.09
-5.9729e-06,-1.1946e-06,2.6909e+25,-3.9785,3.5114,272.41
-5.9729e-06,-7.1675e-07,2.7008e+25,-3.2534,3.9537,271.5
-5.9729e-06,-2.3892e-07,2.6914e+25,-2.2671,4.4637,271.66
-5.9729e-06,2.3892e-07,2.7005e+25,-2.7433,4.3932,270.85
-5.9729e-06,7.1675e-07,2.6974e+25,-2.7631,4.8201,271.15
-5.9729e-06,1.1946e-06,2.6938e+25,-2.5779,5.7995,271.41
-5.9729e-06,1.6724e-06,2.6914e+25,-2.5612,5.9345,271.97
-5.9729e-06,2.1502e-06,2.686e+25,-2.2536,5.6601,272.12
-5.9729e-06,2.6281e-06,2.6845e+25,-1.9156,6.0235,272.23
-5.9729e-06,3.1059e-06,2.6931e+25,-3.0757,6.9706,271.69
-5.9729e-06,3.5838e-06,2.6898e+25,-3.0702,7.0775,271.81
-5.9729e-06,4.0616e-06,2.689e+25,-3.0597,7.4562,272.08
-5.9729e-06,4.5394e-06,2.6975e+25,-3.1259,8.5783,271.31
-5.9729e-06,5.0173e-06,2.6848e+25,-3.1881,9.47,271.86
-5.9729e-06,5.4951e-06,2.6824e+25,-2.3044,10.354,272.04
-5.9729e-06,5.9729e-06,2.6798e+25,-2.1599,10.327,271.69
-5.9729e-06,6.4508e-06,2.6805e+25,-2.7599,10.096,272.49
-5.9729e-06,6.9286e-06,2.6859e+25,-2.6568,10.377,272.55
-5.9729e-06,7.4064e-06,2.6932e+25,-3.4281,10.749,271.32
-5.9729e-06,7.8842e-06,2.6955e+25,-3.1461,10.564,271.4
-5.9729e-06,8.3621e-06,2.7035e+25,-2.7257,10.232,271.12
-5.9729e-06,8.8399e-06,2.7029e+25,-2.8535,9.4084,270.58
-5.9729e-06,9.3178e-06,2.6999e+25,-3.4647,8.7798,270.97
-5.9729e-06,9.7956e-06,2.6938e+25,-3.2706,8.4961,271.57
-5.9729e-06,1.0273e-05,2.6906e+25,-3.2033,7.7481,271.96
-5.9729e-06,1.0751e-05,2.6858e+25,-0.51891,7.1495,272.24
-5.9729e-06,1.1229e-05,2.6898e+25,1.1697,7.197,271.39
-5.9729e-06,1.1707e-05,2.6894e+25,0.95302,7.0886,271.82
-5.9729e-06,1.2185e-05,2.6891e+25,1.8511,6.1888,271.61
-5.9729e-06,1.2663e-05,2.6876e+25,2.6768,4.7209,271.81
-5.9729e-06,1.314e-05,2.6932e+25,4.477,4.3855,271.17
-5.9729e-06,1.3618e-05,2.7138e+25,6.6044,3.7013,270.01
-5.9729e-06,1.4096e-05,2.688e+25,9.2836,3.6069,272.57
-5.9729e-06,1.4574e-05,2.6775e+25,12.03,3.3766,272.81
-5.9729e-06,1.5052e-05,2.6771e+25,14.949,2.4278,272.59
-5.9729e-06,1.553e-05,2.6814e+25,18.736,1.9377,272.92
-5.9729e-06,1.6007e-05,2.6728e+25,23.985,1.2658,273.36
-5.9729e-06,1.6485e-05,2.6701e+25,28.182,0.54149,273.2
-5.9729e-06,1.6963e-05,2.6813e+25,31.718,-0.15643,273.05
-5.4951e-06,-1.6963e-05,2.6762e+25,-0.41488,-0.19599,273.86
-5.4951e-06,-1.6485e-05,2.681e+25,0.14069,0.10263,272.64
-5.4951e-06,-1.6007e-05,2.6831e+25,-0.69219,0.24615,272.59
-5.4951e-06,-1.553e-05,2.6954e+25,-2.0727,0.14829,271.65
-5.4951e-06,-1.5052e-05,2.6896e+25,-1.7528,0.2792,272.08
-5.4951e-06,-1.4574e-05,2.6921e+25,-1.008,0.12819,272.37
-5.4951e-06,-1.4096e-05,2.6875e+25,-1.8673,0.64617,271.83
-5.4951e-06,-1.3618e-05,2.6871e+25,-1.4754,0.17984,272.26
-5.4951e-06,-1.314e-05,2.689e+25,-1.9807,0.037945,272.02
-5.4951e-06,-1.2663e-05,2.6876e+25,-2.5634,-0.32394,272.53
-5.4951e-06,-1.2185e-05,2.6899e+25,-2.6461,-0.31678,272.35
-5.4951e-06,-1.1707e-05,2.6834e+25,-1.9802,-0.46583,272.48
-5.4951e-06,-1.1229e-05,2.694e+25,-2.115,-0.11674,271.88
-5.4951e-06,-1.0751e-05,2.6904e+25,-1.9017,0.81245,271.87
-5.4951e-06,-1.0273e-05,2.6938e+25,-1.0187,1.2742,271.7
-5.4951e-06,-9.7956e-06,2.6861e+25,-0.29069,1.0228,272.18
-5.4951e-06,-9.3178e-06,2.6864e+25,0.12341,1.4061,272.56
-5.4951e-06,-8.8399e-06,2.6984e+25,-1.4837,1.4851,271.58
-5.4951e-06,-8.3621e-06,2.6953e+25,-3.0457,1.2493,271.81
-5.4951e-06,-7.8842e-06,2.6947e+25,-3.948,0.85547,272.08
-5.4951e-06,-7.4064e-06,2.693e+25,-4.4834,0.40103,272.1
-5.4951e-06,-6.9286e-06,2.6887e+25,-4.5358,0.42079,272.68
-5.4951e-06,-6.4508e-06,2.6824e+25,-2.964,0.53339,272.84
-5.4951e-06,-5.9729e-06,2.677e+25,-3.4444,0.95106,273.01
-5.4951e-06,-5.4951e-06,2.6746e+25,-3.8244,1.3846,273.26
-5.4951e-06,-5.0173e-06,2.6735e+25,-3.854,1.1539,274.06
-5.4951e-06,-4.5394e-06,2.6728e+25,-4.029,1.498,274.07
-5.4951e-06,-4.0616e-06,2.6871e+25,-4.0714,2.6806,272.93
-5.4951e-06,-3.5838e-06,2.677e+25,-6.0217,3.1908,272.63
-5.4951e-06,-3.1059e-06,2.6772e+25,-5.9653,3.4872,272.9
-5.4951e-06,-2.6281e-06,2.6744e+25,-4.6668,3.7252,273.24
-5.4951e-06,-2.1502e-06,2.671e+25,-4.2401,3.6735,273.43
-5.4951e-06,-1.6724e-06,2.6835e+25,-4.1883,3.6511,273.07
-5.4951e-06,-1.1946e-06,2.6864e+25,-3.8624,3.4161,272.56
-5.4951e-06,-7.1675e-07,2.6935e+25,-3.782,3.4181,271.99
-5.4951e-06,-2.3892e-07,2.6874e+25,-2.7811,3.8259,271.77
-5.4951e-06,2.3892e-07,2.6861e+25,-3.278,4.9687,272.4
-5.4951e-06,7.1675e-07,2.6921e+25,-3.6865,5.8262,271.58
-5.4951e-06,1.1946e-06,2.6889e+25,-2.584,5.7418,271.9
-5.4951e-06,1.6724e-06,2.6882e+25,-2.3399,5.7166,272.14
-5.4951e-06,2.1502e-06,2.6794e+25,-2.8064,6.0944,272.24
-5.4951e-06,2.6281e-06,2.6926e+25,-2.6284,6.7054,271.82
-5.4951e-06,3.1059e-06,2.6948e+25,-3.4965,7.0409,271.43
-5.4951e-06,3.5838e-06,2.6979e+25,-3.3236,7.4875,271.16
-5.4951e-06,4.0616e-06,2.6963e+25,-3.8544,7.6904,271.54
-5.4951e-06,4.5394e-06,2.703e+25,-3.9501,8.2086,271.68
-5.4951e-06,5.0173e-06,2.6911e+25,-4.0155,8.7302,272.12
-5.4951e-06,5.4951e-06,2.6846e+25,-2.8758,9.8525,271.98
-5.4951e-06,5.9729e-06,2.6874e+25,-1.7641,10.118,271.74
-5.4951e-06,6.4508e-06,2.6924e+25,-2.7772,10.079,272
-5.4951e-06,6.9286e-06,2.6949e+25,-3.4212,10.472,271.53
-5.4951e-06,7.4064e-06,2.6922e+25,-3.4242,10.453,271.53
-5.4951e-06,7.8842e-06,2.6963e+25,-2.2193,9.7232,271.48
-5.4951e-06,8.3621e-06,2.6984e+25,-1.7683,8.4819,271.13
-5.4951e-06,8.8399e-06,2.6952e+25,-2.3454,8.1326,271.45
-5.4951e-06,9.3178e-06,2.6903e+25,-2.6533,7.3168,271.43
-5.4951e-06,9.7956e-06,2.688e+25,-2.8215,6.4613,272.15
-5.4951e-06,1.0273e-05,2.6921e+25,-1.9535,5.6513,271.74
-5.4951e-06,1.0751e-05,2.6876e+25,-0.69123,5.2403,271.64
-5.4951e-06,1.1229e-05,2.6941e+25,0.69396,5.2743,271.25
-5.4951e-06,1.1707e-05,2.6985e+25,1.5476,5.6452,271.28
-5.4951e-06,1.2185e-05,2.69e+25,2.2979,5.4632,271.81
-5.4951e-06,1.2663e-05,2.6878e+25,3.6479,5.0776,271.54
-5.4951e-06,1.314e-05,2.6937e+25,4.7928,4.2496,271.14
-5.4951e-06,1.3618e-05,2.7012e+25,7.503,3.7068,270.57
-5.4951e-06,1.4096e-05,2.6955e+25,8.9446,3.1735,271.28
-5.4951e-06,1.4574e-05,2.6863e+25,12.479,2.9054,272.33
-5.4951e-06,1.5052e-05,2.6786e+25,15.853,2.5638,272.35
-5.4951e-06,1.553e-05,2.6804e+25,19.28,1.5895,273.12
-5.4951e-06,1.6007e-05,2.6822e+25,24.41,1.3222,273.05
-5.4951e-06,1.6485e-05,2.6824e+25,28.747,0.81398,273.17
-5.4951e-06,1.6963e-05,2.6798e+25,32.114,0.4405,272.83
-5.0173e-06,-1.6963e-05,2.6756e+25,-0.30396,-0.015123,273.29
-5.0173e-06,-1.6485e-05,2.685e+25,-0.29976,0.037564,272.97
-5.0173e-06,-1.6007e-05,2.6886e+25,-0.61906,0.47197,272.5
-5.0173e-06,-1.553e-05,2.6974e+25,-1.9107,0.1782,272.06
-5.0173e-06,-1.5052e-05,2.6859e+25,-1.8821,0.19006,272.69
-5.0173e-06,-1.4574e-05,2.6916e+25,-1.6985,1.0868,272.38
-5.0173e-06,-1.4096e-05,2.6876e+25,-1.2237,0.56866,272.44
-5.0173e-06,-1.3618e-05,2.6921e+25,-1.3736,0.19082,272.24
-5.0173e-06,-1.314e-05,2.6937e+25,-1.9503,0.31382,271.95
-5.0173e-06,-1.2663e-05,2.6862e+25,-2.2297,0.18963,272.49
-5.0173e-06,-1.2185e-05,2.6813e+25,-2.4427,-0.15888,272.93
-5.0173e-06,-1.1707e-05,2.6858e+25,-1.9695,-0.21721,272.17
-5.0173e-06,-1.1229e-05,2.7002e+25,-2.7141,-0.17224,270.96
-5.0173e-06,-1.0751e-05,2.6982e+25,-2.1338,-0.089882,271.2
-5.0173e-06,-1.0273e-05,2.6949e+25,-1.4103,0.049978,271.77
-5.0173e-06,-9.7956e-06,2.6919e+25,-0.78649,0.50843,272.3
-5.0173e-06,-9.3178e-06,2.6797e+25,-0.47743,1.4916,273.14
-5.0173e-06,-8.8399e-06,2.6922e+25,-1.309,1.9684,272.21
-5.0173e-06,-8.3621e-06,2.6885e+25,-2.9123,1.7285,272.01
-5.0173e-06,-7.8842e-06,2.6842e+25,-3.3604,1.4458,272.56
-5.0173e-06,-7.4064e-06,2.6855e+25,-3.8291,0.93128,272.81
-5.0173e-06,-6.9286e-06,2.6831e+25,-4.6483,0.15553,272.94
-5.0173e-06,-6.4508e-06,2.6782e+25,-3.0716,0.39504,273.51
-5.0173e-06,-5.9729e-06,2.6801e+25,-3.9064,0.69578,273.57
-5.0173e-06,-5.4951e-06,2.6919e+25,-4.0081,0.73523,272.38
-5.0173e-06,-5.0173e-06,2.6767e+25,-3.7331,1.4972,272.93
-5.0173e-06,-4.5394e-06,2.6795e+25,-4.8934,1.827,272.84
-5.0173e-06,-4.0616e-06,2.6872e+25,-5.1176,2.4999,272.33
-5.0173e-06,-3.5838e-06,2.6865e+25,-5.9926,2.6642,272.49
-5.0173e-06,-3.1059e-06,2.6803e+25,-6.3974,2.8969,272.52
-5.0173e-06,-2.6281e-06,2.6746e+25,-5.0452,3.3449,272.95
-5.0173e-06,-2.1502e-06,2.678e+25,-4.3907,3.609,272.77
-5.0173e-06,-1.6724e-06,2.6859e+25,-3.8484,3.6714,271.93
-5.0173e-06,-1.1946e-06,2.6874e+25,-3.9924,3.913,272.25
-5.0173e-06,-7.1675e-07,2.689e+25,-3.7963,4.0737,271.72
-5.0173e-06,-2.3892e-07,2.7021e+25,-3.6492,4.498,271.14
-5.0173e-06,2.3892e-07,2.7011e+25,-4.3274,5.4864,270.33
-5.0173e-06,7.1675e-07,2.6938e+25,-3.7963,5.9031,270.96
-5.0173e-06,1.1946e-06,2.6902e+25,-2.2141,5.6539,271.54
-5.0173e-06,1.6724e-06,2.6862e+25,-2.7644,6.0022,271.99
-5.0173e-06,2.1502e-06,2.6864e+25,-2.9709,6.0049,271.93
-5.0173e-06,2.6281e-06,2.7037e+25,-3.0799,6.3608,271.29
-5.0173e-06,3.1059e-06,2.6919e+25,-4.0232,6.8269,271.34
-5.0173e-06,3.5838e-06,2.6948e+25,-3.3592,6.7907,270.83
-5.0173e-06,4.0616e-06,2.6899e+25,-4.2775,7.1056,271.3
-5.0173e-06,4.5394e-06,2.6791e+25,-4.6994,7.7939,272.65
-5.0173e-06,5.0173e-06,2.6863e+25,-4.689,8.636,272.2
-5.0173e-06,5.4951e-06,2.6964e+25,-3.6868,9.0278,271.27
-5.0173e-06,5.9729e-06,2.6911e+25,-2.1394,9.9354,271.81
-5.0173e-06,6.4508e-06,2.6827e+25,-2.9112,10.349,272.23
-5.0173e-06,6.9286e-06,2.6866e+25,-3.1393,9.8681,271.42
-5.0173e-06,7.4064e-06,2.6982e+25,-2.8317,9.2827,270.42
-5.0173e-06,7.8842e-06,2.6842e+25,-1.6318,9.1089,271.63
-5.0173e-06,8.3621e-06,2.6845e+25,-1.4418,8.9204,271.88
-5.0173e-06,8.8399e-06,2.6963e+25,-1.4804,8.2132,271.98
-5.0173e-06,9.3178e-06,2.6999e+25,-1.4477,6.9813,271.54
-5.0173e-06,9.7956e-06,2.6937e+25,-2.1787,6.1897,271.62
-5.0173e-06,1.0273e-05,2.6948e+25,-1.4126,5.9409,271.21
-5.0173e-06,1.0751e-05,2.6942e+25,-0.31,5.2674,271.48
-5.0173e-06,1.1229e-05,2.6937e+25,0.45513,5.0507,271.66
-5.0173e-06,1.1707e-05,2.6884e+25,2.0358,4.5601,271.75
-5.0173e-06,1.2185e-05,2.6854e+25,2.3823,3.9881,271.81
-5.0173e-06,1.2663e-05,2.6729e+25,3.9357,4.2423,272.63
-5.0173e-06,1.314e-05,2.6776e+25,5.2675,3.826,272.7
-5.0173e-06,1.3618e-05,2.689e+25,7.7654,3.997,272.38
-5.0173e-06,1.4096e-05,2.6887e+25,9.8817,3.7361,271.99
-5.0173e-06,1.4574e-05,2.68e+25,12.808,2.9011,272.28
-5.0173e-06,1.5052e-05,2.6835e+25,16.447,2.3754,272.57
-5.0173e-06,1.553e-05,2.6755e+25,20.033,1.7582,272.87
-5.0173e-06,1.6007e-05,2.6828e+25,24.921,0.85122,272.62
-5.0173e-06,1.6485e-05,2.6801e+25,29.141,0.47688,272.62
-5.0173e-06,1.6963e-05,2.6724e+25,32.59,0.039399,273.13
-4.5394e-06,-1.6963e-05,2.6685e+25,-0.36953,0.056277,273.14
-4.5394e-06,-1.6485e-05,2.6888e+25,-1.0042,0.41562,273.02
-4.5394e-06,-1.6007e-05,2.6891e+25,-0.42982,0.45925,271.38
-4.5394e-06,-1.553e-05,2.6973e+25,-1.1993,0.11753,271.74
-4.5394e-06,-1.5052e-05,2.6798e+25,-2.5874,-0.27714,272.54
-4.5394e-06,-1.4574e-05,2.6743e+25,-2.1673,0.09826,273.28
-4.5394e-06,-1.4096e-05,2.6761e+25,-0.56449,0.3232,273.01
-4.5394e-06,-1.3618e-05,2.6875e+25,-1.9411,0.4091,272.19
-4.5394e-06,-1.314e-05,2.6889e+25,-1.6411,0.48096,271.72
-4.5394e-06,-1.2663e-05,2.683e+25,-2.2005,0.5567,272.4
-4.5394e-06,-1.2185e-05,2.6818e+25,-2.4303,0.59727,273.32
-4.5394e-06,-1.1707e-05,2.6846e+25,-2.247,0.85199,272.15
-4.5394e-06,-1.1229e-05,2.695e+25,-2.6352,1.204,271.37
-4.5394e-06,-1.0751e-05,2.6907e+25,-1.9068,0.78018,272
-4.5394e-06,-1.0273e-05,2.6908e+25,-1.2307,0.34265,271.5
-4.5394e-06,-9.7956e-06,2.6815e+25,-1.4109,0.28443,272.2
-4.5394e-06,-9.3178e-06,2.6754e+25,-1.3898,0.95862,272.88
-4.5394e-06,-8.8399e-06,2.6832e+25,-1.6573,1.6045,272.92
-4.5394e-06,-8.3621e-06,2.6837e+25,-2.7912,2.1456,272.63
-4.5394e-06,-7.8842e-06,2.6845e+25,-3.4655,2.2538,272.43
-4.5394e-06,-7.4064e-06,2.6788e+25,-3.2363,2.3182,272.7
-4.5394e-06,-6.9286e-06,2.6751e+25,-3.8215,1.6555,273.83
-4.5394e-06,-6.4508e-06,2.6814e+25,-3.4831,0.98268,273.26
-4.5394e-06,-5.9729e-06,2.6835e+25,-4.0521,1.2585,272.88
-4.5394e-06,-5.4951e-06,2.6877e+25,-4.8648,2.212,272.98
-4.5394e-06,-5.0173e-06,2.683e+25,-4.2915,2.517,272.6
-4.5394e-06,-4.5394e-06,2.6839e+25,-4.5817,2.5924,272.41
-4.5394e-06,-4.0616e-06,2.6906e+25,-5.4606,2.3866,271.75
-4.5394e-06,-3.5838e-06,2.6938e+25,-6.023,2.7477,271.61
-4.5394e-06,-3.1059e-06,2.6826e+25,-6.4523,2.6277,272.31
-4.5394e-06,-2.6281e-06,2.6871e+25,-5.6287,2.8134,272.61
-4.5394e-06,-2.1502e-06,2.6837e+25,-4.5642,3.2975,272.75
-4.5394e-06,-1.6724e-06,2.6902e+25,-4.0844,3.5897,272.38
-4.5394e-06,-1.1946e-06,2.6987e+25,-4.2101,3.4012,272.06
-4.5394e-06,-7.1675e-07,2.6933e+25,-4.5572,3.9667,271.33
-4.5394e-06,-2.3892e-07,2.6945e+25,-4.4174,5.0546,271.62
-4.5394e-06,2.3892e-07,2.6819e+25,-5.0336,5.8124,272.2
-4.5394e-06,7.1675e-07,2.6872e+25,-4.0529,6.3432,272.69
-4.5394e-06,1.1946e-06,2.6889e+25,-2.8823,7.4052,272.21
-4.5394e-06,1.6724e-06,2.6921e+25,-2.7691,7.5332,272.16
-4.5394e-06,2.1502e-06,2.6864e+25,-2.6213,7.3059,272.26
-4.5394e-06,2.6281e-06,2.6954e+25,-3.6234,6.9536,271.21
-4.5394e-06,3.1059e-06,2.7015e+25,-4.0126,7.0745,270.92
-4.5394e-06,3.5838e-06,2.7096e+25,-3.2092,7.3973,270.56
-4.5394e-06,4.0616e-06,2.6936e+25,-4.3509,7.1362,271.33
-4.5394e-06,4.5394e-06,2.6891e+25,-5.0604,7.064,272.02
-4.5394e-06,5.0173e-06,2.6845e+25,-5.4685,7.4754,272.19
-4.5394e-06,5.4951e-06,2.693e+25,-4.6497,8.9924,271.48
-4.5394e-06,5.9729e-06,2.6827e+25,-2.7965,9.1151,272.6
-4.5394e-06,6.4508e-06,2.6784e+25,-2.7943,9.172,272.67
-4.5394e-06,6.9286e-06,2.6834e+25,-2.3897,9.0001,272.8
-4.5394e-06,7.4064e-06,2.6953e+25,-2.7744,8.4372,271.29
-4.5394e-06,7.8842e-06,2.6855e+25,-1.5171,8.4813,271.53
-4.5394e-06,8.3621e-06,2.6921e+25,-1.1043,8.155,271.63
-4.5394e-06,8.8399e-06,2.6857e+25,-0.44758,7.5292,271.62
-4.5394e-06,9.3178e-06,2.691e+25,-1.0381,7.2066,271.41
-4.5394e-06,9.7956e-06,2.6958e+25,-1.684,6.6689,271.22
-4.5394e-06,1.0273e-05,2.705e+25,-0.87702,6.1283,270.62
-4.5394e-06,1.0751e-05,2.6947e+25,0.59784,5.2087,271.05
-4.5394e-06,1.1229e-05,2.695e+25,0.82118,4.5743,271.56
-4.5394e-06,1.1707e-05,2.6873e+25,2.6201,3.8033,271.7
-4.5394e-06,1.2185e-05,2.6871e+25,2.8362,3.4671,271.94
-4.5394e-06,1.2663e-05,2.6811e+25,3.7184,3.2343,272.25
-4.5394e-06,1.314e-05,2.6789e+25,5.6488,3.189,272.86
-4.5394e-06,1.3618e-05,2.6769e+25,7.6477,2.9223,272.65
-4.5394e-06,1.4096e-05,2.6763e+25,10.37,2.6402,272.6
-4.5394e-06,1.4574e-05,2.6757e+25,13.732,2.0898,273.03
-4.5394e-06,1.5052e-05,2.6797e+25,17.166,1.2352,272.95
-4.5394e-06,1.553e-05,2.6873e+25,20.546,0.718,271.93
-4.5394e-06,1.6007e-05,2.6791e+25,25.285,0.49734,272.42
-4.5394e-06,1.6485e-05,2.6894e+25,29.484,0.40443,272.15
-4.5394e-06,1.6963e-05,2.6774e+25,32.836,0.30705,273.18
-4.0616e-06,-1.6963e-05,2.6826e+25,-0.4367,0.014067,272.65
-4.0616e-06,-1.6485e-05,2.6886e+25,-0.51032,-0.47613,272.4
-4.0616e-06,-1.6007e-05,2.6864e+25,-0.1805,-1.089,271.93
-4.0616e-06,-1.553e-05,2.6909e+25,-1.326,-0.65168,271.72
-4.0616e-06,-1.5052e-05,2.6935e+25,-2.5932,-0.2649,272.31
-4.0616e-06,-1.4574e-05,2.6913e+25,-2.3584,-0.2117,272.44
-4.0616e-06,-1.4096e-05,2.6921e+25,-1.0239,0.18005,271.88
-4.0616e-06,-1.3618e-05,2.6887e+25,-1.5549,0.24299,272.01
-4.0616e-06,-1.314e-05,2.6926e+25,-2.0508,0.095532,272.21
-4.0616e-06,-1.2663e-05,2.6922e+25,-2.5701,0.75126,271.84
-4.0616e-06,-1.2185e-05,2.6853e+25,-2.4686,1.0188,272.56
-4.0616e-06,-1.1707e-05,2.6982e+25,-2.2883,0.89385,272.2
-4.0616e-06,-1.1229e-05,2.696e+25,-2.3788,0.41772,271.81
-4.0616e-06,-1.0751e-05,2.691e+25,-1.2897,-0.084991,271.16
-4.0616e-06,-1.0273e-05,2.6976e+25,-1.1034,-0.22201,271.31
-4.0616e-06,-9.7956e-06,2.6797e+25,-1.8478,0.17868,272.47
-4.0616e-06,-9.3178e-06,2.6795e+25,-2.2529,1.0113,273.2
-4.0616e-06,-8.8399e-06,2.6873e+25,-2.1693,1.8978,271.99
-4.0616e-06,-8.3621e-06,2.6877e+25,-2.7752,1.9328,272.28
-4.0616e-06,-7.8842e-06,2.6808e+25,-3.3183,1.5261,272.36
-4.0616e-06,-7.4064e-06,2.6819e+25,-3.1206,0.90397,272.67
-4.0616e-06,-6.9286e-06,2.6804e+25,-3.235,0.97617,273.13
-4.0616e-06,-6.4508e-06,2.678e+25,-3.4698,1.2455,273.08
-4.0616e-06,-5.9729e-06,2.6796e+25,-4.4575,0.9627,272.9
-4.0616e-06,-5.4951e-06,2.6875e+25,-5.2584,1.1659,272.77
-4.0616e-06,-5.0173e-06,2.6947e+25,-4.711,1.5557,270.95
-4.0616e-06,-4.5394e-06,2.7059e+25,-4.4637,1.7301,270.33
-4.0616e-06,-4.0616e-06,2.7086e+25,-5.2766,1.5536,270.71
-4.0616e-06,-3.5838e-06,2.7093e+25,-6.3795,1.7631,270.59
-4.0616e-06,-3.1059e-06,2.6945e+25,-6.81,2.539,271.5
-4.0616e-06,-2.6281e-06,2.6936e+25,-6.0913,3.2615,271.59
-4.0616e-06,-2.1502e-06,2.6853e+25,-5.1292,3.8841,272.78
-4.0616e-06,-1.6724e-06,2.6831e+25,-3.7589,4.2584,272.17
-4.0616e-06,-1.1946e-06,2.6867e+25,-4.1843,3.9351,272.34
-4.0616e-06,-7.1675e-07,2.6889e+25,-5.5114,4.5149,272.58
-4.0616e-06,-2.3892e-07,2.6925e+25,-5.0871,5.0921,271.75
-4.0616e-06,2.3892e-07,2.6818e+25,-5.4419,5.4542,272.61
-4.0616e-06,7.1675e-07,2.6807e+25,-4.865,5.7015,272.51
-4.0616e-06,1.1946e-06,2.6689e+25,-3.6456,6.3488,273.39
-4.0616e-06,1.6724e-06,2.6748e+25,-2.4705,6.6712,272.85
-4.0616e-06,2.1502e-06,2.6895e+25,-2.5531,6.6302,271.61
-4.0616e-06,2.6281e-06,2.6879e+25,-3.3773,7.0093,271.89
-4.0616e-06,3.1059e-06,2.6975e+25,-4.3377,7.0313,270.77
-4.0616e-06,3.5838e-06,2.6883e+25,-3.8563,7.1743,271.09
-4.0616e-06,4.0616e-06,2.6947e+25,-4.1205,7.7434,271.37
-4.0616e-06,4.5394e-06,2.689e+25,-5.0106,7.6986,271.56
-4.0616e-06,5.0173e-06,2.6832e+25,-6.4392,7.9339,272.42
-4.0616e-06,5.4951e-06,2.6775e+25,-4.9283,7.8532,273.17
-4.0616e-06,5.9729e-06,2.6769e+25,-2.9793,8.5269,272.85
-4.0616e-06,6.4508e-06,2.6721e+25,-2.7552,8.7471,273.09
-4.0616e-06,6.9286e-06,2.68e+25,-1.9065,8.2083,272.49
-4.0616e-06,7.4064e-06,2.6864e+25,-2.5846,7.9852,272.1
-4.0616e-06,7.8842e-06,2.6758e+25,-1.3618,7.8186,272.68
-4.0616e-06,8.3621e-06,2.6847e+25,-0.74679,7.6568,271.92
-4.0616e-06,8.8399e-06,2.6978e+25,-0.57797,8.0896,271.35
-4.0616e-06,9.3178e-06,2.707e+25,-0.45047,7.8619,270.47
-4.0616e-06,9.7956e-06,2.699e+25,-0.69707,7.2218,270.6
-4.0616e-06,1.0273e-05,2.7003e+25,0.21763,5.3218,270.5
-4.0616e-06,1.0751e-05,2.6968e+25,0.9713,4.6038,270.57
-4.0616e-06,1.1229e-05,2.6959e+25,1.6872,4.0628,271.39
-4.0616e-06,1.1707e-05,2.6957e+25,2.2248,4.3711,271.7
-4.0616e-06,1.2185e-05,2.696e+25,3.4201,4.2151,271.37
-4.0616e-06,1.2663e-05,2.6887e+25,4.137,3.5068,272.01
-4.0616e-06,1.314e-05,2.6861e+25,6.2864,2.9264,272.75
-4.0616e-06,1.3618e-05,2.6792e+25,8.2759,1.7725,272.9
-4.0616e-06,1.4096e-05,2.6826e+25,10.61,1.3469,272.24
-4.0616e-06,1.4574e-05,2.6808e+25,14.442,1.0507,272.75
-4.0616e-06,1.5052e-05,2.6839e+25,17.455,0.64617,272.54
-4.0616e-06,1.553e-05,2.6809e+25,20.941,0.090771,272.2
-4.0616e-06,1.6007e-05,2.6936e+25,25.241,-0.25766,271.7
-4.0616e-06,1.6485e-05,2.6899e+25,29.198,-0.046514,272.19
-4.0616e-06,1.6963e-05,2.6752e+25,33.207,0.076469,272.97
-3.5838e-06,-1.6963e-05,2.6767e+25,-0.0081011,-0.33807,273.18
-3.5838e-06,-1.6485e-05,2.687e+25,-0.39326,-0.31319,272.49
-3.5838e-06,-1.6007e-05,2.683e+25,-0.64667,0.19293,272.2
-3.5838e-06,-1.553e-05,2.6953e+25,-1.5802,0.60981,272.37
-3.5838e-06,-1.5052e-05,2.6931e+25,-2.612,0.53357,271.81
-3.5838e-06,-1.4574e-05,2.6868e+25,-2.2248,0.064284,271.7
-3.5838e-06,-1.4096e-05,2.6929e+25,-1.3058,-0.12711,271.79
-3.5838e-06,-1.3618e-05,2.6914e+25,-1.3999,0.16519,271.82
-3.5838e-06,-1.314e-05,2.6946e+25,-2.1673,0.050615,272.14
-3.5838e-06,-1.2663e-05,2.6904e+25,-3.1519,0.1324,271.95
-3.5838e-06,-1.2185e-05,2.6813e+25,-2.8024,0.76831,272.46
-3.5838e-06,-1.1707e-05,2.6874e+25,-1.9575,0.92605,272.37
-3.5838e-06,-1.1229e-05,2.6921e+25,-1.9494,0.43526,272.38
-3.5838e-06,-1.0751e-05,2.7078e+25,-1.1694,0.1502,270.87
-3.5838e-06,-1.0273e-05,2.704e+25,-1.4265,0.6424,270.42
-3.5838e-06,-9.7956e-06,2.6978e+25,-2.3952,1.1844,271.1
-3.5838e-06,-9.3178e-06,2.6835e+25,-3.0344,1.5414,272.37
-3.5838e-06,-8.8399e-06,2.6961e+25,-2.6354,1.7276,271.74
-3.5838e-06,-8.3621e-06,2.6865e+25,-2.3267,1.5157,271.83
-3.5838e-06,-7.8842e-06,2.6866e+25,-2.4613,0.9095,272.4
-3.5838e-06,-7.4064e-06,2.6963e+25,-2.7981,0.43551,271.95
-3.5838e-06,-6.9286e-06,2.6876e+25,-3.4299,0.292,272.65
-3.5838e-06,-6.4508e-06,2.6884e+25,-3.802,0.62453,272.18
-3.5838e-06,-5.9729e-06,2.6944e+25,-4.4012,1.0885,271.98
-3.5838e-06,-5.4951e-06,2.6894e+25,-5.2594,0.917,271.91
-3.5838e-06,-5.0173e-06,2.707e+25,-4.6059,0.58274,270.98
-3.5838e-06,-4.5394e-06,2.7066e+25,-4.9411,0.96449,269.76
-3.5838e-06,-4.0616e-06,2.7198e+25,-5.2314,1.6383,269.73
-3.5838e-06,-3.5838e-06,2.7108e+25,-6.7802,1.7936,270.72
-3.5838e-06,-3.1059e-06,2.6949e+25,-7.5706,2.3258,271.04
-3.5838e-06,-2.6281e-06,2.6985e+25,-6.8021,2.8548,271.63
-3.5838e-06,-2.1502e-06,2.684e+25,-5.8867,3.4386,272.35
-3.5838e-06,-1.6724e-06,2.6858e+25,-4.1769,4.1787,272.7
-3.5838e-06,-1.1946e-06,2.6947e+25,-4.1939,4.8866,271.87
-3.5838e-06,-7.1675e-07,2.6873e+25,-5.5085,4.4288,272.48
-3.5838e-06,-2.3892e-07,2.6862e+25,-5.8023,4.4138,272.48
-3.5838e-06,2.3892e-07,2.6771e+25,-5.698,5.1377,272.62
-3.5838e-06,7.1675e-07,2.6821e+25,-5.3016,5.9481,272.48
-3.5838e-06,1.1946e-06,2.6843e+25,-4.098,6.1906,272.67
-3.5838e-06,1.6724e-06,2.6857e+25,-2.8477,6.7647,272.27
-3.5838e-06,2.1502e-06,2.6888e+25,-3.093,7.4296,272.22
-3.5838e-06,2.6281e-06,2.6978e+25,-3.5075,7.6451,271.38
-3.5838e-06,3.1059e-06,2.7067e+25,-4.0398,7.6662,270.44
-3.5838e-06,3.5838e-06,2.6798e+25,-4.3974,7.8198,271.79
-3.5838e-06,4.0616e-06,2.6946e+25,-4.664,8.2149,272
-3.5838e-06,4.5394e-06,2.6901e+25,-4.9877,8.7606,272.24
-3.5838e-06,5.0173e-06,2.6781e+25,-6.2156,8.8753,272.63
-3.5838e-06,5.4951e-06,2.6745e+25,-4.6872,7.8205,273.35
-3.5838e-06,5.9729e-06,2.6781e+25,-3.7863,7.6422,273.47
-3.5838e-06,6.4508e-06,2.6739e+25,-2.7457,7.9698,273.47
-3.5838e-06,6.9286e-06,2.6674e+25,-1.9292,8.5654,273.39
-3.5838e-06,7.4064e-06,2.6809e+25,-1.937,8.1471,272.97
-3.5838e-06,7.8842e-06,2.6769e+25,-1.3098,8.0606,273.01
-3.5838e-06,8.3621e-06,2.6923e+25,-1.2656,8.4613,271.33
-3.5838e-06,8.8399e-06,2.6899e+25,-0.3469,8.1521,271.46
-3.5838e-06,9.3178e-06,2.6895e+25,-0.20887,7.5529,271.7
-3.5838e-06,9.7956e-06,2.6957e+25,0.69988,6.5613,270.65
-3.5838e-06,1.0273e-05,2.695e+25,1.3408,5.7277,271.01
-3.5838e-06,1.0751e-05,2.6958e+25,1.5007,5.2945,271.22
-3.5838e-06,1.1229e-05,2.6862e+25,1.8942,4.9009,272.03
-3.5838e-06,1.1707e-05,2.6852e+25,2.378,4.524,272.36
-3.5838e-06,1.2185e-05,2.6835e+25,4.294,3.9081,272.05
-3.5838e-06,1.2663e-05,2.6886e+25,4.4583,3.5939,271.02
-3.5838e-06,1.314e-05,2.6809e+25,6.9395,3.0908,272.27
-3.5838e-06,1.3618e-05,2.6886e+25,8.9875,2.4956,272.44
-3.5838e-06,1.4096e-05,2.6755e+25,11.087,1.8179,272.43
-3.5838e-06,1.4574e-05,2.6787e+25,14.368,1.4647,272.86
-3.5838e-06,1.5052e-05,2.6815e+25,18.171,1.1858,272.74
-3.5838e-06,1.553e-05,2.6919e+25,21.444,0.58874,271.7
-3.5838e-06,1.6007e-05,2.6961e+25,25.374,0.44167,271.41
-3.5838e-06,1.6485e-05,2.6874e+25,29.025,0.34242,271.84
-3.5838e-06,1.6963e-05,2.6827e+25,33.357,0.22272,272.8
-3.1059e-06,-1.6963e-05,2.6846e+25,-0.06328,0.19787,272.9
-3.1059e-06,-1.6485e-05,2.6736e+25,-0.93347,0.9253,272.85
-3.1059e-06,-1.6007e-05,2.6835e+25,-1.2309,1.4937,272.47
-3.1059e-06,-1.553e-05,2.6789e+25,-1.6545,1.6526,272.61
-3.1059e-06,-1.5052e-05,2.6798e+25,-2.0785,1.326,272.4
-3.1059e-06,-1.4574e-05,2.6743e+25,-1.3574,0.58616,272.8
-3.1059e-06,-1.4096e-05,2.6842e+25,-1.3492,0.099178,272.18
-3.1059e-06,-1.3618e-05,2.6874e+25,-1.5033,-0.2492,272.08
-3.1059e-06,-1.314e-05,2.692e+25,-2.291,0.39355,271.93
-3.1059e-06,-1.2663e-05,2.6826e+25,-3.3939,0.64235,272.16
-3.1059e-06,-1.2185e-05,2.6773e+25,-2.8416,0.27746,272.51
-3.1059e-06,-1.1707e-05,2.6831e+25,-1.8158,0.18074,273.42
-3.1059e-06,-1.1229e-05,2.6789e+25,-1.7907,0.16276,272.87
-3.1059e-06,-1.0751e-05,2.6869e+25,-1.2071,0.011033,271.13
-3.1059e-06,-1.0273e-05,2.7067e+25,-1.9351,0.15169,270.4
-3.1059e-06,-9.7956e-06,2.7101e+25,-2.9824,0.78635,270.5
-3.1059e-06,-9.3178e-06,2.7023e+25,-2.8678,0.83441,270.87
-3.1059e-06,-8.8399e-06,2.6935e+25,-2.5379,0.61507,271.72
-3.1059e-06,-8.3621e-06,2.6882e+25,-2.2861,0.88632,272.41
-3.1059e-06,-7.8842e-06,2.6782e+25,-1.9827,1.116,272.82
-3.1059e-06,-7.4064e-06,2.6922e+25,-2.3893,0.47985,272.46
-3.1059e-06,-6.9286e-06,2.6923e+25,-3.9556,0.9119,271.26
-3.1059e-06,-6.4508e-06,2.6925e+25,-4.3313,1.7134,271.59
-3.1059e-06,-5.9729e-06,2.6853e+25,-4.6106,1.805,272.53
-3.1059e-06,-5.4951e-06,2.7027e+25,-4.2107,1.058,270.7
-3.1059e-06,-5.0173e-06,2.7134e+25,-4.3503,0.061985,269.65
-3.1059e-06,-4.5394e-06,2.712e+25,-5.6135,0.15421,270.34
-3.1059e-06,-4.0616e-06,2.7051e+25,-6.302,1.444,270.96
-3.1059e-06,-3.5838e-06,2.7007e+25,-6.8598,2.0648,270.81
-3.1059e-06,-3.1059e-06,2.6999e+25,-7.7424,1.7527,270.85
-3.1059e-06,-2.6281e-06,2.6991e+25,-7.1833,1.9831,271.6
-3.1059e-06,-2.1502e-06,2.686e+25,-6.2999,2.2113,272.36
-3.1059e-06,-1.6724e-06,2.6885e+25,-5.1692,3.0724,272.41
-3.1059e-06,-1.1946e-06,2.6913e+25,-4.8148,3.9503,271.63
-3.1059e-06,-7.1675e-07,2.6882e+25,-5.3879,4.4391,272.49
-3.1059e-06,-2.3892e-07,2.6786e+25,-5.7395,4.6857,272.89
-3.1059e-06,2.3892e-07,2.6785e+25,-6.7876,4.7306,272.94
-3.1059e-06,7.1675e-07,2.6893e+25,-5.6628,5.311,271.88
-3.1059e-06,1.1946e-06,2.6846e+25,-4.4849,6.0016,271.56
-3.1059e-06,1.6724e-06,2.6808e+25,-3.068,6.0451,272.2
-3.1059e-06,2.1502e-06,2.6977e+25,-3.6961,6.246,271.28
-3.1059e-06,2.6281e-06,2.6925e+25,-3.8525,6.712,271.72
-3.1059e-06,3.1059e-06,2.6941e+25,-4.4624,7.2966,271.14
-3.1059e-06,3.5838e-06,2.6948e+25,-4.6891,8.0566,271.74
-3.1059e-06,4.0616e-06,2.6896e+25,-5.3746,8.6074,271.99
-3.1059e-06,4.5394e-06,2.6857e+25,-5.2817,8.8726,272.22
-3.1059e-06,5.0173e-06,2.6794e+25,-5.3312,8.523,273
-3.1059e-06,5.4951e-06,2.6676e+25,-3.9484,8.0659,273.5
-3.1059e-06,5.9729e-06,2.6756e+25,-3.9268,7.5628,272.96
-3.1059e-06,6.4508e-06,2.6785e+25,-2.8592,7.5567,273.24
-3.1059e-06,6.9286e-06,2.6886e+25,-1.9516,7.3311,272.23
-3.1059e-06,7.4064e-06,2.6868e+25,-2.3768,7.8689,272.3
-3.1059e-06,7.8842e-06,2.6873e+25,-1.6966,8.7069,271.78
-3.1059e-06,8.3621e-06,2.6863e+25,-0.95664,8.1868,271.39
-3.1059e-06,8.8399e-06,2.6825e+25,0.34239,7.509,272.58
-3.1059e-06,9.3178e-06,2.6901e+25,0.65318,6.8525,271.65
-3.1059e-06,9.7956e-06,2.6881e+25,1.3609,6.2422,271.45
-3.1059e-06,1.0273e-05,2.6982e+25,1.4711,6.3381,271.31
-3.1059e-06,1.0751e-05,2.6886e+25,2.0752,6.3996,271.37
-3.1059e-06,1.1229e-05,2.6829e+25,2.2296,5.6404,272.4
-3.1059e-06,1.1707e-05,2.6827e+25,2.9914,5.1086,272.4
-3.1059e-06,1.2185e-05,2.6838e+25,4.9689,4.5346,272.38
-3.1059e-06,1.2663e-05,2.6891e+25,5.156,3.2994,272.25
-3.1059e-06,1.314e-05,2.6893e+25,7.3695,2.5515,272.18
-3.1059e-06,1.3618e-05,2.6832e+25,9.4519,2.3128,272.08
-3.1059e-06,1.4096e-05,2.675e+25,11.622,2.3536,272.67
-3.1059e-06,1.4574e-05,2.6779e+25,14.778,1.6721,272.08
-3.1059e-06,1.5052e-05,2.6863e+25,18.324,1.2932,272.33
-3.1059e-06,1.553e-05,2.694e+25,21.974,1.0298,271.54
-3.1059e-06,1.6007e-05,2.7048e+25,25.438,0.26633,270.63
-3.1059e-06,1.6485e-05,2.6932e+25,29.356,-0.33662,271.25
-3.1059e-06,1.6963e-05,2.6912e+25,33.14,-0.33526,272.11
-2.6281e-06,-1.6963e-05,2.6849e+25,-0.73843,0.19393,272.64
-2.6281e-06,-1.6485e-05,2.6862e+25,-1.4467,0.69919,273.1
-2.6281e-06,-1.6007e-05,2.6742e+25,-1.7749,1.1333,273.3
-2.6281e-06,-1.553e-05,2.6823e+25,-1.1894,1.2739,272.8
-2.6281e-06,-1.5052e-05,2.6864e+25,-1.6638,0.61984,272.53
-2.6281e-06,-1.4574e-05,2.6906e+25,-1.2047,0.81549,272.97
-2.6281e-06,-1.4096e-05,2.68e+25,-1.1693,0.77285,273.14
-2.6281e-06,-1.3618e-05,2.6841e+25,-1.4189,0.67234,273.06
-2.6281e-06,-1.314e-05,2.6984e+25,-2.73,0.31698,271.97
-2.6281e-06,-1.2663e-05,2.6844e+25,-2.8109,0.23492,272.31
-2.6281e-06,-1.2185e-05,2.682e+25,-2.5907,-0.21019,272.87
-2.6281e-06,-1.1707e-05,2.6904e+25,-1.9383,-0.33511,272.82
-2.6281e-06,-1.1229e-05,2.6831e+25,-1.612,-0.12708,272.6
-2.6281e-06,-1.0751e-05,2.683e+25,-1.1716,-0.063485,272.27
-2.6281e-06,-1.0273e-05,2.6941e+25,-2.4449,0.29299,271.28
-2.6281e-06,-9.7956e-06,2.6959e+25,-3.3859,0.38809,271.35
-2.6281e-06,-9.3178e-06,2.6965e+25,-2.6973,0.61999,271.24
-2.6281e-06,-8.8399e-06,2.6865e+25,-2.5345,0.6641,272.44
-2.6281e-06,-8.3621e-06,2.6849e+25,-3.0301,1.0423,272.68
-2.6281e-06,-7.8842e-06,2.6867e+25,-1.9083,1.4632,272.6
-2.6281e-06,-7.4064e-06,2.6918e+25,-2.6273,2.0692,271.73
-2.6281e-06,-6.9286e-06,2.6911e+25,-4.1879,1.9012,272.24
-2.6281e-06,-6.4508e-06,2.6899e+25,-4.2747,1.464,271.93
-2.6281e-06,-5.9729e-06,2.7003e+25,-4.2768,1.3024,270.85
-2.6281e-06,-5.4951e-06,2.6997e+25,-3.6087,1.1935,270.92
-2.6281e-06,-5.0173e-06,2.7027e+25,-4.1031,1.1596,270.38
-2.6281e-06,-4.5394e-06,2.7034e+25,-6.2779,1.3581,270.48
-2.6281e-06,-4.0616e-06,2.7009e+25,-7.2213,1.669,270.44
-2.6281e-06,-3.5838e-06,2.6963e+25,-6.8524,2.1189,271.22
-2.6281e-06,-3.1059e-06,2.6929e+25,-7.7381,2.4433,271.74
-2.6281e-06,-2.6281e-06,2.6906e+25,-7.1535,1.8522,271.97
-2.6281e-06,-2.1502e-06,2.6991e+25,-6.6302,2.0197,271.06
-2.6281e-06,-1.6724e-06,2.6939e+25,-6.1015,2.3816,271.2
-2.6281e-06,-1.1946e-06,2.6953e+25,-5.5834,3.4185,271.35
-2.6281e-06,-7.1675e-07,2.6956e+25,-5.9161,4.2248,271.73
-2.6281e-06,-2.3892e-07,2.6839e+25,-5.9406,4.7069,272.25
-2.6281e-06,2.3892e-07,2.6844e+25,-6.7394,4.6895,272.12
-2.6281e-06,7.1675e-07,2.6896e+25,-5.9143,4.6582,271.62
-2.6281e-06,1.1946e-06,2.6909e+25,-4.9448,4.7446,271.32
-2.6281e-06,1.6724e-06,2.6941e+25,-3.8382,5.7113,270.83
-2.6281e-06,2.1502e-06,2.6972e+25,-4.0252,6.5573,270.76
-2.6281e-06,2.6281e-06,2.6999e+25,-4.1809,6.9641,271.43
-2.6281e-06,3.1059e-06,2.6924e+25,-5.5307,7.5725,271.43
-2.6281e-06,3.5838e-06,2.692e+25,-5.4493,8.527,271.47
-2.6281e-06,4.0616e-06,2.6946e+25,-5.3292,8.7403,271.82
-2.6281e-06,4.5394e-06,2.6834e+25,-4.8946,8.1266,272.94
-2.6281e-06,5.0173e-06,2.6779e+25,-4.9989,7.7884,273.14
-2.6281e-06,5.4951e-06,2.6763e+25,-3.7392,7.4754,273.85
-2.6281e-06,5.9729e-06,2.6827e+25,-3.6556,7.6627,272.4
-2.6281e-06,6.4508e-06,2.6847e+25,-2.9779,7.4436,272.24
-2.6281e-06,6.9286e-06,2.6799e+25,-1.9464,7.8495,272.62
-2.6281e-06,7.4064e-06,2.6891e+25,-2.7017,7.6918,272.04
-2.6281e-06,7.8842e-06,2.6873e+25,-1.7285,7.2413,271.87
-2.6281e-06,8.3621e-06,2.6794e+25,-0.4753,7.1964,272.34
-2.6281e-06,8.8399e-06,2.6788e+25,0.66802,7.3127,272.84
-2.6281e-06,9.3178e-06,2.6861e+25,1.2637,7.1456,271.49
-2.6281e-06,9.7956e-06,2.6838e+25,1.6419,6.6311,271.58
-2.6281e-06,1.0273e-05,2.69e+25,1.4211,6.3331,271.45
-2.6281e-06,1.0751e-05,2.6849e+25,2.4652,6.1384,272.33
-2.6281e-06,1.1229e-05,2.6815e+25,3.0379,5.9682,272.31
-2.6281e-06,1.1707e-05,2.6829e+25,3.8808,5.0884,272.18
-2.6281e-06,1.2185e-05,2.6807e+25,5.3743,4.1018,272.72
-2.6281e-06,1.2663e-05,2.6748e+25,6.4215,3.5271,272.93
-2.6281e-06,1.314e-05,2.6846e+25,7.9878,2.5714,272.77
-2.6281e-06,1.3618e-05,2.6799e+25,9.1902,2.4589,272.7
-2.6281e-06,1.4096e-05,2.6804e+25,12.135,2.0855,272.92
-2.6281e-06,1.4574e-05,2.682e+25,15.473,1.538,272.52
-2.6281e-06,1.5052e-05,2.687e+25,18.598,1.0783,272.1
-2.6281e-06,1.553e-05,2.6883e+25,22.767,0.59959,271.58
-2.6281e-06,1.6007e-05,2.6978e+25,26.223,-0.01476,271.39
-2.6281e-06,1.6485e-05,2.6902e+25,29.789,-0.5312,271.81
-2.6281e-06,1.6963e-05,2.6786e+25,32.742,-0.14563,272.76
-2.1502e-06,-1.6963e-05,2.6869e+25,-0.73578,0.034808,272.51
-2.1502e-06,-1.6485e-05,2.6849e+25,-1.9026,0.083034,273.14
-2.1502e-06,-1.6007e-05,2.6817e+25,-2.0294,0.4756,272.97
-2.1502e-06,-1.553e-05,2.6967e+25,-1.4569,0.95896,272.14
-2.1502e-06,-1.5052e-05,2.6837e+25,-0.99309,1.1055,272.52
-2.1502e-06,-1.4574e-05,2.6814e+25,-1.2051,0.35041,273.39
-2.1502e-06,-1.4096e-05,2.684e+25,-0.70145,-0.039961,272.89
-2.1502e-06,-1.3618e-05,2.6767e+25,-1.3844,-0.13201,274.06
-2.1502e-06,-1.314e-05,2.6931e+25,-2.6349,-0.014613,271.74
-2.1502e-06,-1.2663e-05,2.6959e+25,-2.6759,0.1327,271.04
-2.1502e-06,-1.2185e-05,2.6956e+25,-2.7467,0.24291,271.93
-2.1502e-06,-1.1707e-05,2.6888e+25,-1.8191,0.1787,272.07
-2.1502e-06,-1.1229e-05,2.6866e+25,-1.6721,-0.050091,272.45
-2.1502e-06,-1.0751e-05,2.6904e+25,-1.5316,0.52764,271.82
-2.1502e-06,-1.0273e-05,2.6907e+25,-2.5545,0.43637,271.83
-2.1502e-06,-9.7956e-06,2.6932e+25,-3.2018,0.49829,271.7
-2.1502e-06,-9.3178e-06,2.7058e+25,-3.2379,0.76044,271.33
-2.1502e-06,-8.8399e-06,2.6908e+25,-3.1017,1.5497,271.08
-2.1502e-06,-8.3621e-06,2.6911e+25,-3.0972,1.8177,272.17
-2.1502e-06,-7.8842e-06,2.6961e+25,-2.5301,2.2936,272.19
-2.1502e-06,-7.4064e-06,2.6968e+25,-2.7172,2.1693,271.22
-2.1502e-06,-6.9286e-06,2.6944e+25,-3.9844,2.391,272.04
-2.1502e-06,-6.4508e-06,2.6877e+25,-3.6936,1.9517,272.48
-2.1502e-06,-5.9729e-06,2.6965e+25,-3.9937,1.371,271.42
-2.1502e-06,-5.4951e-06,2.6944e+25,-3.6257,1.0049,271.58
-2.1502e-06,-5.0173e-06,2.6929e+25,-4.6259,1.0708,271.86
-2.1502e-06,-4.5394e-06,2.6975e+25,-6.3075,1.3267,270.58
-2.1502e-06,-4.0616e-06,2.7064e+25,-6.8655,0.79938,270.5
-2.1502e-06,-3.5838e-06,2.6933e+25,-7.847,0.88344,271.3
-2.1502e-06,-3.1059e-06,2.6982e+25,-7.4998,1.3978,271.13
-2.1502e-06,-2.6281e-06,2.6873e+25,-6.6914,1.4859,271.25
-2.1502e-06,-2.1502e-06,2.6998e+25,-7.056,1.2143,270.52
-2.1502e-06,-1.6724e-06,2.7018e+25,-7.1006,2.1203,270.88
-2.1502e-06,-1.1946e-06,2.7063e+25,-6.346,3.0547,270.84
-2.1502e-06,-7.1675e-07,2.6957e+25,-6.6135,3.9671,271.91
-2.1502e-06,-2.3892e-07,2.6955e+25,-6.1923,4.3909,271.9
-2.1502e-06,2.3892e-07,2.6931e+25,-6.446,4.6218,271.37
-2.1502e-06,7.1675e-07,2.6951e+25,-6.5939,4.7074,271.1
-2.1502e-06,1.1946e-06,2.7001e+25,-5.478,5.8975,270.66
-2.1502e-06,1.6724e-06,2.7054e+25,-4.6342,6.4651,270.86
-2.1502e-06,2.1502e-06,2.6867e+25,-4.2691,6.6446,271.69
-2.1502e-06,2.6281e-06,2.6937e+25,-4.4323,6.4184,271.67
-2.1502e-06,3.1059e-06,2.6929e+25,-5.9969,6.6128,272.07
-2.1502e-06,3.5838e-06,2.6847e+25,-6.2844,7.225,272.11
-2.1502e-06,4.0616e-06,2.6947e+25,-5.1374,7.4909,271.72
-2.1502e-06,4.5394e-06,2.6726e+25,-4.4835,7.242,273.09
-2.1502e-06,5.0173e-06,2.6745e+25,-4.6142,7.2908,273.16
-2.1502e-06,5.4951e-06,2.6672e+25,-4.1823,7.4127,273.73
-2.1502e-06,5.9729e-06,2.6771e+25,-3.5124,7.6063,272.75
-2.1502e-06,6.4508e-06,2.6916e+25,-2.7475,7.5191,272.26
-2.1502e-06,6.9286e-06,2.6841e+25,-2.1627,7.0748,272.4
-2.1502e-06,7.4064e-06,2.6869e+25,-1.8392,6.4131,272.33
-2.1502e-06,7.8842e-06,2.6794e+25,-1.5093,5.8721,272.13
-2.1502e-06,8.3621e-06,2.6779e+25,-0.75169,6.1248,272.22
-2.1502e-06,8.8399e-06,2.6952e+25,0.13805,6.7432,271.54
-2.1502e-06,9.3178e-06,2.6991e+25,1.7477,6.7608,270.87
-2.1502e-06,9.7956e-06,2.7061e+25,1.4497,7.0096,269.94
-2.1502e-06,1.0273e-05,2.7072e+25,1.8562,6.7652,270.63
-2.1502e-06,1.0751e-05,2.6939e+25,2.4073,6.3551,271.49
-2.1502e-06,1.1229e-05,2.6869e+25,3.6707,5.8937,272.32
-2.1502e-06,1.1707e-05,2.6841e+25,5.0155,5.2086,272.57
-2.1502e-06,1.2185e-05,2.691e+25,5.8275,4.3249,272.59
-2.1502e-06,1.2663e-05,2.6824e+25,7.3105,3.6417,272.86
-2.1502e-06,1.314e-05,2.6753e+25,8.829,2.8716,272.45
-2.1502e-06,1.3618e-05,2.6733e+25,9.7547,1.5218,273.31
-2.1502e-06,1.4096e-05,2.6879e+25,12.53,0.7866,272.37
-2.1502e-06,1.4574e-05,2.6958e+25,15.783,0.60387,271.91
-2.1502e-06,1.5052e-05,2.6869e+25,18.69,0.66471,272.36
-2.1502e-06,1.553e-05,2.6871e+25,22.904,0.56449,272.29
-2.1502e-06,1.6007e-05,2.6825e+25,26.821,0.56792,271.95
-2.1502e-06,1.6485e-05,2.6672e+25,29.968,0.27444,273.33
-2.1502e-06,1.6963e-05,2.6798e+25,32.689,0.12165,273.22
-1.6724e-06,-1.6963e-05,2.6687e+25,-0.90294,0.04193,273.88
-1.6724e-06,-1.6485e-05,2.6753e+25,-1.7008,-0.30737,273.4
-1.6724e-06,-1.6007e-05,2.6614e+25,-2.6965,0.0022528,273.64
-1.6724e-06,-1.553e-05,2.6829e+25,-1.8491,0.26478,273.36
-1.6724e-06,-1.5052e-05,2.6852e+25,-0.85665,0.40161,272.74
-1.6724e-06,-1.4574e-05,2.6751e+25,-0.71127,0.3475,273.16
-1.6724e-06,-1.4096e-05,2.6822e+25,-0.85882,0.47921,273.02
-1.6724e-06,-1.3618e-05,2.6795e+25,-1.425,0.85321,273.21
-1.6724e-06,-1.314e-05,2.6859e+25,-2.5481,0.67581,272.4
-1.6724e-06,-1.2663e-05,2.6911e+25,-2.8531,0.78809,272.68
-1.6724e-06,-1.2185e-05,2.679e+25,-2.4015,0.2631,272.54
-1.6724e-06,-1.1707e-05,2.689e+25,-1.8531,0.225,272.42
-1.6724e-06,-1.1229e-05,2.6895e+25,-1.5016,0.44507,272.1
-1.6724e-06,-1.0751e-05,2.6835e+25,-1.9885,0.11779,272.22
-1.6724e-06,-1.0273e-05,2.6874e+25,-2.5277,0.50304,271.52
-1.6724e-06,-9.7956e-06,2.701e+25,-3.5188,0.55385,271.09
-1.6724e-06,-9.3178e-06,2.7016e+25,-3.8035,0.8795,271.62
-1.6724e-06,-8.8399e-06,2.6913e+25,-3.4942,1.5413,271.62
-1.6724e-06,-8.3621e-06,2.6868e+25,-3.7889,2.1386,272.19
-1.6724e-06,-7.8842e-06,2.6933e+25,-2.58,2.3401,271.47
-1.6724e-06,-7.4064e-06,2.6898e+25,-2.68,2.787,272.41
-1.6724e-06,-6.9286e-06,2.6851e+25,-3.3041,2.2165,272.32
-1.6724e-06,-6.4508e-06,2.6882e+25,-3.8257,1.8634,271.95
-1.6724e-06,-5.9729e-06,2.6946e+25,-3.5699,1.8541,271.47
-1.6724e-06,-5.4951e-06,2.6936e+25,-3.0413,1.7225,272.01
-1.6724e-06,-5.0173e-06,2.69e+25,-5.0258,1.5965,271.71
-1.6724e-06,-4.5394e-06,2.6988e+25,-5.5748,1.3161,270.52
-1.6724e-06,-4.0616e-06,2.7044e+25,-7.0695,1.3998,270.72
-1.6724e-06,-3.5838e-06,2.6996e+25,-7.8412,1.2107,271.13
-1.6724e-06,-3.1059e-06,2.7106e+25,-7.3163,0.77977,271
-1.6724e-06,-2.6281e-06,2.6953e+25,-6.7319,0.5539,271.32
-1.6724e-06,-2.1502e-06,2.7014e+25,-7.4542,1.1296,270.66
-1.6724e-06,-1.6724e-06,2.6995e+25,-7.8062,1.6632,270.8
-1.6724e-06,-1.1946e-06,2.6902e+25,-7.9224,2.799,271.82
-1.6724e-06,-7.1675e-07,2.7011e+25,-7.0453,3.9144,271.73
-1.6724e-06,-2.3892e-07,2.6876e+25,-6.9622,4.2345,271.83
-1.6724e-06,2.3892e-07,2.6833e+25,-6.6939,4.871,271.74
-1.6724e-06,7.1675e-07,2.6934e+25,-6.6563,5.3794,271.4
-1.6724e-06,1.1946e-06,2.7029e+25,-6.1352,4.6751,270.61
-1.6724e-06,1.6724e-06,2.6878e+25,-5.2219,5.5761,272.08
-1.6724e-06,2.1502e-06,2.6895e+25,-4.4788,6.2482,272.01
-1.6724e-06,2.6281e-06,2.692e+25,-4.7085,6.7901,272.01
-1.6724e-06,3.1059e-06,2.6821e+25,-6.0431,6.8847,272.51
-1.6724e-06,3.5838e-06,2.6867e+25,-6.2119,6.3422,271.94
-1.6724e-06,4.0616e-06,2.6796e+25,-5.3633,6.3987,272.44
-1.6724e-06,4.5394e-06,2.6782e+25,-4.5224,6.5454,272.63
-1.6724e-06,5.0173e-06,2.6802e+25,-4.8963,6.7074,272.29
-1.6724e-06,5.4951e-06,2.6814e+25,-4.6152,7.5034,272.82
-1.6724e-06,5.9729e-06,2.6796e+25,-3.5228,7.5349,272.85
-1.6724e-06,6.4508e-06,2.6837e+25,-2.4421,7.096,272.31
-1.6724e-06,6.9286e-06,2.683e+25,-1.4357,6.7315,272.76
-1.6724e-06,7.4064e-06,2.6834e+25,-1.1583,5.9623,272.32
-1.6724e-06,7.8842e-06,2.6833e+25,-1.3522,5.9611,272.15
-1.6724e-06,8.3621e-06,2.6872e+25,-1.5007,5.8972,272.15
-1.6724e-06,8.8399e-06,2.6909e+25,-0.21982,6.5836,271.56
-1.6724e-06,9.3178e-06,2.6968e+25,1.7377,6.7981,271.11
-1.6724e-06,9.7956e-06,2.7006e+25,1.1914,6.6726,269.72
-1.6724e-06,1.0273e-05,2.7038e+25,2.6273,6.6538,270.6
-1.6724e-06,1.0751e-05,2.6989e+25,2.8059,5.9554,270.98
-1.6724e-06,1.1229e-05,2.6802e+25,4.2336,5.3318,272.3
-1.6724e-06,1.1707e-05,2.6911e+25,5.408,5.1614,271.36
-1.6724e-06,1.2185e-05,2.6821e+25,6.7994,4.6196,272.27
-1.6724e-06,1.2663e-05,2.6804e+25,7.8582,3.76,273.31
-1.6724e-06,1.314e-05,2.6746e+25,10.017,3.174,273.5
-1.6724e-06,1.3618e-05,2.6851e+25,10.913,2.3305,271.85
-1.6724e-06,1.4096e-05,2.6888e+25,13.413,1.0293,272.13
-1.6724e-06,1.4574e-05,2.6762e+25,16.017,-0.19868,273.19
-1.6724e-06,1.5052e-05,2.6845e+25,18.671,0.0079045,271.92
-1.6724e-06,1.553e-05,2.6912e+25,22.51,0.54543,272.32
-1.6724e-06,1.6007e-05,2.688e+25,27.096,0.64859,272.66
-1.6724e-06,1.6485e-05,2.6751e+25,30.029,0.64776,273.38
-1.6724e-06,1.6963e-05,2.6842e+25,32.963,0.30901,272.67
-1.1946e-06,-1.6963e-05,2.6785e+25,-0.6055,-0.14991,273.33
-1.1946e-06,-1.6485e-05,2.67e+25,-1.5789,-0.45547,273.65
-1.1946e-06,-1.6007e-05,2.6659e+25,-2.6352,-1.1394,273.75
-1.1946e-06,-1.553e-05,2.6707e+25,-1.769,-1.0473,273.71
-1.1946e-06,-1.5052e-05,2.6768e+25,-1.298,-0.76795,273.31
-1.1946e-06,-1.4574e-05,2.6647e+25,-0.80231,-0.24524,274.71
-1.1946e-06,-1.4096e-05,2.6817e+25,-1.1192,0.014868,273.27
-1.1946e-06,-1.3618e-05,2.6845e+25,-1.7199,0.27054,272.65
-1.1946e-06,-1.314e-05,2.6879e+25,-2.657,0.44038,272.68
-1.1946e-06,-1.2663e-05,2.6961e+25,-2.6363,0.14122,271.67
-1.1946e-06,-1.2185e-05,2.6961e+25,-2.1392,0.39724,271.19
-1.1946e-06,-1.1707e-05,2.6879e+25,-1.9894,0.67733,271.83
-1.1946e-06,-1.1229e-05,2.6907e+25,-1.8439,0.50834,272.17
-1.1946e-06,-1.0751e-05,2.6781e+25,-2.0335,1.0694,272.66
-1.1946e-06,-1.0273e-05,2.6879e+25,-2.4693,0.71567,272.23
-1.1946e-06,-9.7956e-06,2.692e+25,-3.7314,0.97721,271.88
-1.1946e-06,-9.3178e-06,2.6977e+25,-4.2835,1.1203,271.61
-1.1946e-06,-8.8399e-06,2.6881e+25,-3.9604,1.3859,272.71
-1.1946e-06,-8.3621e-06,2.6891e+25,-3.7705,1.3528,272.38
-1.1946e-06,-7.8842e-06,2.6869e+25,-3.0803,1.4693,272.48
-1.1946e-06,-7.4064e-06,2.6888e+25,-2.6145,1.3805,272.33
-1.1946e-06,-6.9286e-06,2.6801e+25,-3.321,1.8018,272.83
-1.1946e-06,-6.4508e-06,2.6811e+25,-3.7375,1.8543,272.84
-1.1946e-06,-5.9729e-06,2.6882e+25,-3.6111,1.9876,272.15
-1.1946e-06,-5.4951e-06,2.6898e+25,-3.1466,1.6932,272.02
-1.1946e-06,-5.0173e-06,2.6944e+25,-4.4911,1.3794,270.91
-1.1946e-06,-4.5394e-06,2.6994e+25,-5.8679,1.5613,270.99
-1.1946e-06,-4.0616e-06,2.702e+25,-6.886,1.4365,271.22
-1.1946e-06,-3.5838e-06,2.6938e+25,-7.1208,0.62431,271.25
-1.1946e-06,-3.1059e-06,2.694e+25,-7.4622,0.51002,271.58
-1.1946e-06,-2.6281e-06,2.695e+25,-7.2168,1.3014,271
-1.1946e-06,-2.1502e-06,2.701e+25,-7.936,1.7296,270.46
-1.1946e-06,-1.6724e-06,2.7024e+25,-8.4261,1.907,271.12
-1.1946e-06,-1.1946e-06,2.6893e+25,-8.8056,2.3988,272.64
-1.1946e-06,-7.1675e-07,2.6796e+25,-7.7629,2.9142,272.4
-1.1946e-06,-2.3892e-07,2.692e+25,-7.4166,4.0114,271.64
-1.1946e-06,2.3892e-07,2.7032e+25,-7.0314,4.5266,271.21
-1.1946e-06,7.1675e-07,2.6959e+25,-6.4152,4.3193,271.66
-1.1946e-06,1.1946e-06,2.6905e+25,-6.6508,4.5729,272.12
-1.1946e-06,1.6724e-06,2.6837e+25,-5.897,4.949,272.06
-1.1946e-06,2.1502e-06,2.6662e+25,-5.2602,5.6718,273.22
-1.1946e-06,2.6281e-06,2.6725e+25,-4.8293,6.1463,273.32
-1.1946e-06,3.1059e-06,2.6774e+25,-5.6833,6.0543,272.98
-1.1946e-06,3.5838e-06,2.6843e+25,-6.1147,5.8621,272.1
-1.1946e-06,4.0616e-06,2.69e+25,-5.4755,6.0754,272.63
-1.1946e-06,4.5394e-06,2.6807e+25,-4.5887,6.411,272.78
-1.1946e-06,5.0173e-06,2.6822e+25,-5.3928,6.4318,272.37
-1.1946e-06,5.4951e-06,2.6915e+25,-4.9293,6.4716,271.59
-1.1946e-06,5.9729e-06,2.6915e+25,-3.5936,6.8525,271.92
-1.1946e-06,6.4508e-06,2.6788e+25,-1.8115,6.8861,272.73
-1.1946e-06,6.9286e-06,2.6815e+25,-1.0436,6.3288,273.41
-1.1946e-06,7.4064e-06,2.6855e+25,-1.2626,6.1887,272.39
-1.1946e-06,7.8842e-06,2.684e+25,-1.1335,5.9874,272.28
-1.1946e-06,8.3621e-06,2.6842e+25,-1.5811,6.0655,271.89
-1.1946e-06,8.8399e-06,2.688e+25,-0.57615,5.6594,271.49
-1.1946e-06,9.3178e-06,2.686e+25,1.5311,6.07,271.86
-1.1946e-06,9.7956e-06,2.6835e+25,1.6219,5.9267,271.17
-1.1946e-06,1.0273e-05,2.6925e+25,2.7231,5.6361,270.78
-1.1946e-06,1.0751e-05,2.6815e+25,3.3918,5.5175,271.98
-1.1946e-06,1.1229e-05,2.6845e+25,4.5582,4.9167,271.81
-1.1946e-06,1.1707e-05,2.695e+25,5.855,4.2736,271.47
-1.1946e-06,1.2185e-05,2.6843e+25,6.9609,4.4134,271.92
-1.1946e-06,1.2663e-05,2.6881e+25,8.9378,4.1472,272.27
-1.1946e-06,1.314e-05,2.6804e+25,10.406,2.9813,273.18
-1.1946e-06,1.3618e-05,2.6767e+25,11.976,2.2054,273.06
-1.1946e-06,1.4096e-05,2.6845e+25,14.695,1.1224,271.88
-1.1946e-06,1.4574e-05,2.6803e+25,16.331,0.81906,272.93
-1.1946e-06,1.5052e-05,2.6731e+25,18.714,0.38856,273.19
-1.1946e-06,1.553e-05,2.6737e+25,22.147,0.38231,273.09
-1.1946e-06,1.6007e-05,2.6717e+25,26.907,0.82914,273.3
-1.1946e-06,1.6485e-05,2.674e+25,30.603,0.88162,273.13
-1.1946e-06,1.6963e-05,2.6859e+25,33.533,-0.023877,273.09
-7.1675e-07,-1.6963e-05,2.6791e+25,-0.2969,-0.10547,272.79
-7.1675e-07,-1.6485e-05,2.6822e+25,-0.90285,-0.39514,272.78
-7.1675e-07,-1.6007e-05,2.6839e+25,-2.1908,-1.115,272.73
-7.1675e-07,-1.553e-05,2.678e+25,-2.1556,-0.91083,273.59
-7.1675e-07,-1.5052e-05,2.6631e+25,-1.8931,-0.23661,274.93
-7.1675e-07,-1.4574e-05,2.6615e+25,-1.3059,0.39827,275.01
-7.1675e-07,-1.4096e-05,2.6853e+25,-1.2639,0.44544,272.7
-7.1675e-07,-1.3618e-05,2.6845e+25,-1.9151,0.48538,272.41
-7.1675e-07,-1.314e-05,2.682e+25,-2.5517,0.54419,272.41
-7.1675e-07,-1.2663e-05,2.6956e+25,-2.389,0.54302,271.49
-7.1675e-07,-1.2185e-05,2.6998e+25,-2.4356,0.29277,271.14
-7.1675e-07,-1.1707e-05,2.6927e+25,-2.1557,0.48682,271.38
-7.1675e-07,-1.1229e-05,2.6862e+25,-2.0574,0.95266,272.09
-7.1675e-07,-1.0751e-05,2.6789e+25,-2.3117,1.3161,272.35
-7.1675e-07,-1.0273e-05,2.6734e+25,-2.5925,1.8119,273.51
-7.1675e-07,-9.7956e-06,2.6872e+25,-3.8329,1.824,272.81
-7.1675e-07,-9.3178e-06,2.6893e+25,-4.4127,1.9254,272.74
-7.1675e-07,-8.8399e-06,2.6883e+25,-3.9036,1.5133,272.76
-7.1675e-07,-8.3621e-06,2.7025e+25,-3.609,1.3476,271.2
-7.1675e-07,-7.8842e-06,2.7056e+25,-3.0526,1.276,271.01
-7.1675e-07,-7.4064e-06,2.6845e+25,-3.14,1.7464,271.86
-7.1675e-07,-6.9286e-06,2.6804e+25,-3.3408,1.9826,272.55
-7.1675e-07,-6.4508e-06,2.6792e+25,-3.6542,2.0522,272.99
-7.1675e-07,-5.9729e-06,2.6866e+25,-3.2132,1.7502,271.95
-7.1675e-07,-5.4951e-06,2.6941e+25,-3.1289,1.7812,272.27
-7.1675e-07,-5.0173e-06,2.7025e+25,-4.5083,2.0252,271.58
-7.1675e-07,-4.5394e-06,2.6929e+25,-6.0224,1.7417,271.86
-7.1675e-07,-4.0616e-06,2.689e+25,-6.075,1.5151,272.21
-7.1675e-07,-3.5838e-06,2.6952e+25,-6.8176,1.2228,271.56
-7.1675e-07,-3.1059e-06,2.7051e+25,-7.5332,1.2107,271.21
-7.1675e-07,-2.6281e-06,2.6971e+25,-8.0252,1.1274,271.16
-7.1675e-07,-2.1502e-06,2.6981e+25,-7.9335,1.6412,270.45
-7.1675e-07,-1.6724e-06,2.6955e+25,-8.5552,1.6618,271.07
-7.1675e-07,-1.1946e-06,2.6706e+25,-9.3155,1.9406,272.9
-7.1675e-07,-7.1675e-07,2.6817e+25,-8.5951,2.4609,272.28
-7.1675e-07,-2.3892e-07,2.6865e+25,-8.5022,3.3081,272.28
-7.1675e-07,2.3892e-07,2.6938e+25,-7.0648,3.8164,271.44
-7.1675e-07,7.1675e-07,2.7032e+25,-6.8011,3.7947,270.78
-7.1675e-07,1.1946e-06,2.6905e+25,-6.4413,4.1181,271.38
-7.1675e-07,1.6724e-06,2.6805e+25,-6.1517,3.9214,272.12
-7.1675e-07,2.1502e-06,2.6822e+25,-5.6492,4.0253,272.39
-7.1675e-07,2.6281e-06,2.6805e+25,-5.5435,4.6656,272.77
-7.1675e-07,3.1059e-06,2.6823e+25,-5.7043,5.504,272.53
-7.1675e-07,3.5838e-06,2.6896e+25,-6.1491,5.3935,272.51
-7.1675e-07,4.0616e-06,2.6812e+25,-5.7816,5.5231,272.57
-7.1675e-07,4.5394e-06,2.6782e+25,-5.1085,5.9945,272.75
-7.1675e-07,5.0173e-06,2.6797e+25,-4.8957,6.0845,272.74
-7.1675e-07,5.4951e-06,2.6873e+25,-5.562,6.2018,271.87
-7.1675e-07,5.9729e-06,2.6763e+25,-3.539,6.3684,272.38
-7.1675e-07,6.4508e-06,2.6736e+25,-1.7619,6.1984,272.28
-7.1675e-07,6.9286e-06,2.6777e+25,-0.98398,6.6019,272.63
-7.1675e-07,7.4064e-06,2.6871e+25,-0.8322,6.5462,271.96
-7.1675e-07,7.8842e-06,2.6794e+25,-1.1244,6.4472,272.32
-7.1675e-07,8.3621e-06,2.6781e+25,-1.5201,6.1476,272.76
-7.1675e-07,8.8399e-06,2.6815e+25,-0.65155,6.4382,272.18
-7.1675e-07,9.3178e-06,2.6731e+25,1.1018,6.5147,272.83
-7.1675e-07,9.7956e-06,2.6838e+25,2.1881,6.5977,272.5
-7.1675e-07,1.0273e-05,2.6843e+25,3.1065,6.0206,272.22
-7.1675e-07,1.0751e-05,2.6695e+25,3.9391,5.6826,272.7
-7.1675e-07,1.1229e-05,2.6753e+25,5.1952,5.0769,272.71
-7.1675e-07,1.1707e-05,2.6847e+25,6.2513,4.7103,271.92
-7.1675e-07,1.2185e-05,2.6855e+25,6.9385,4.1411,271.93
-7.1675e-07,1.2663e-05,2.691e+25,9.7142,3.8363,272
-7.1675e-07,1.314e-05,2.6871e+25,11.312,2.9789,272.26
-7.1675e-07,1.3618e-05,2.6749e+25,12.921,1.948,273.25
-7.1675e-07,1.4096e-05,2.6873e+25,15.345,1.3019,272.28
-7.1675e-07,1.4574e-05,2.688e+25,16.306,1.2199,272.38
-7.1675e-07,1.5052e-05,2.6741e+25,19.449,0.67778,272.92
-7.1675e-07,1.553e-05,2.679e+25,22.618,-0.32112,273.6
-7.1675e-07,1.6007e-05,2.6826e+25,26.278,-0.76486,272.44
-7.1675e-07,1.6485e-05,2.6805e+25,30.632,-0.57578,272.49
-7.1675e-07,1.6963e-05,2.6817e+25,33.548,0.12198,272.45
-2.3892e-07,-1.6963e-05,2.6797e+25,-0.17011,-0.020038,272.28
-2.3892e-07,-1.6485e-05,2.6691e+25,-0.40154,-0.49503,273.19
-2.3892e-07,-1.6007e-05,2.663e+25,-2.381,-0.37984,274.38
-2.3892e-07,-1.553e-05,2.6544e+25,-2.5732,-0.091762,274.24
-2.3892e-07,-1.5052e-05,2.6616e+25,-2.3399,0.14142,274.56
-2.3892e-07,-1.4574e-05,2.6758e+25,-1.6085,0.51624,274.45
-2.3892e-07,-1.4096e-05,2.6764e+25,-1.3573,0.75938,272.92
-2.3892e-07,-1.3618e-05,2.6857e+25,-1.958,0.89406,272.46
-2.3892e-07,-1.314e-05,2.6868e+25,-2.2311,0.36585,272.15
-2.3892e-07,-1.2663e-05,2.6892e+25,-2.4766,0.52718,271.92
-2.3892e-07,-1.2185e-05,2.6875e+25,-2.0956,0.26878,271.78
-2.3892e-07,-1.1707e-05,2.6942e+25,-2.4568,-0.32061,271.3
-2.3892e-07,-1.1229e-05,2.6913e+25,-2.6943,0.33687,271.29
-2.3892e-07,-1.0751e-05,2.6743e+25,-2.7597,0.82626,272.94
-2.3892e-07,-1.0273e-05,2.6728e+25,-2.7368,0.92794,273.09
-2.3892e-07,-9.7956e-06,2.6794e+25,-3.831,1.0023,272.26
-2.3892e-07,-9.3178e-06,2.6849e+25,-3.8007,0.52083,272.25
-2.3892e-07,-8.8399e-06,2.6982e+25,-3.5225,0.31108,271.85
-2.3892e-07,-8.3621e-06,2.6972e+25,-4.0396,0.6191,271.53
-2.3892e-07,-7.8842e-06,2.6983e+25,-3.1488,1.0065,270.59
-2.3892e-07,-7.4064e-06,2.6962e+25,-3.3928,1.0275,270.92
-2.3892e-07,-6.9286e-06,2.6866e+25,-4.0408,1.5888,272.03
-2.3892e-07,-6.4508e-06,2.6916e+25,-3.503,2.1895,272.33
-2.3892e-07,-5.9729e-06,2.692e+25,-3.1562,2.0291,271.89
-2.3892e-07,-5.4951e-06,2.6903e+25,-3.6454,2.4839,271.82
-2.3892e-07,-5.0173e-06,2.688e+25,-3.9584,2.3237,272.08
-2.3892e-07,-4.5394e-06,2.6877e+25,-5.3561,1.2416,271.76
-2.3892e-07,-4.0616e-06,2.6978e+25,-6.3296,1.1064,271.43
-2.3892e-07,-3.5838e-06,2.7051e+25,-6.8495,1.097,271.18
-2.3892e-07,-3.1059e-06,2.6966e+25,-7.31,0.937,270.92
-2.3892e-07,-2.6281e-06,2.6984e+25,-8.0991,1.0958,270.63
-2.3892e-07,-2.1502e-06,2.6995e+25,-8.3756,1.407,270.49
-2.3892e-07,-1.6724e-06,2.6925e+25,-8.713,1.6318,271.6
-2.3892e-07,-1.1946e-06,2.6877e+25,-9.3865,1.947,271.65
-2.3892e-07,-7.1675e-07,2.6835e+25,-9.7116,2.5042,271.8
-2.3892e-07,-2.3892e-07,2.682e+25,-8.8934,3.1857,272.38
-2.3892e-07,2.3892e-07,2.6803e+25,-7.3877,3.451,272.21
-2.3892e-07,7.1675e-07,2.6885e+25,-6.5425,3.6479,271.72
-2.3892e-07,1.1946e-06,2.6897e+25,-5.9453,2.9117,271.84
-2.3892e-07,1.6724e-06,2.6902e+25,-6.1045,2.4736,271.81
-2.3892e-07,2.1502e-06,2.6836e+25,-6.0853,2.3479,272.5
-2.3892e-07,2.6281e-06,2.6721e+25,-6.5066,3.2392,273.06
-2.3892e-07,3.1059e-06,2.6807e+25,-6.1345,3.6337,271.84
-2.3892e-07,3.5838e-06,2.6819e+25,-6.7555,4.6043,272.06
-2.3892e-07,4.0616e-06,2.6817e+25,-5.7901,5.0233,272.34
-2.3892e-07,4.5394e-06,2.679e+25,-5.4623,5.1338,272.41
-2.3892e-07,5.0173e-06,2.6831e+25,-4.9066,5.3704,271.9
-2.3892e-07,5.4951e-06,2.6866e+25,-5.4019,5.1481,271.91
-2.3892e-07,5.9729e-06,2.6836e+25,-3.6814,5.0459,272.27
-2.3892e-07,6.4508e-06,2.6833e+25,-2.1004,5.7098,272.11
-2.3892e-07,6.9286e-06,2.6867e+25,-1.5757,6.2109,271.7
-2.3892e-07,7.4064e-06,2.6875e+25,-0.717,6.5907,271.41
-2.3892e-07,7.8842e-06,2.6847e+25,-1.0659,6.6707,271.9
-2.3892e-07,8.3621e-06,2.6855e+25,-1.2597,6.9665,271.93
-2.3892e-07,8.8399e-06,2.6824e+25,-0.154,5.9567,272.27
-2.3892e-07,9.3178e-06,2.6753e+25,1.2281,5.4283,272.76
-2.3892e-07,9.7956e-06,2.6745e+25,2.3083,4.9555,272.44
-2.3892e-07,1.0273e-05,2.6839e+25,3.1248,4.9806,272.17
-2.3892e-07,1.0751e-05,2.6738e+25,4.5739,4.8369,272.36
-2.3892e-07,1.1229e-05,2.6809e+25,5.6401,4.3494,272.1
-2.3892e-07,1.1707e-05,2.6805e+25,6.3539,4.4506,272.93
-2.3892e-07,1.2185e-05,2.6782e+25,7.2085,4.5508,272.5
-2.3892e-07,1.2663e-05,2.6798e+25,10.119,4.154,272.5
-2.3892e-07,1.314e-05,2.6773e+25,12.57,3.4248,271.85
-2.3892e-07,1.3618e-05,2.6689e+25,13.777,2.5328,272.4
-2.3892e-07,1.4096e-05,2.6841e+25,15.623,2.2725,272.27
-2.3892e-07,1.4574e-05,2.684e+25,16.583,1.726,272.43
-2.3892e-07,1.5052e-05,2.6865e+25,20.582,0.97435,272.76
-2.3892e-07,1.553e-05,2.6634e+25,23.012,0.24113,274.25
-2.3892e-07,1.6007e-05,2.6748e+25,26.806,-0.44086,272.35
-2.3892e-07,1.6485e-05,2.6844e+25,30.189,-0.33494,272.02
-2.3892e-07,1.6963e-05,2.6781e+25,33.437,0.0644,272.48
2.3892e-07,-1.6963e-05,2.6784e+25,-0.17899,0.10524,273.07
2.3892e-07,-1.6485e-05,2.6746e+25,0.045937,0.297,273.12
2.3892e-07,-1.6007e-05,2.6675e+25,-2.3933,-0.25847,273.96
2.3892e-07,-1.553e-05,2.6655e+25,-2.8092,-0.65648,274.24
2.3892e-07,-1.5052e-05,2.6766e+25,-2.8018,-0.11689,273.2
2.3892e-07,-1.4574e-05,2.678e+25,-2.1155,0.17193,273.35
2.3892e-07,-1.4096e-05,2.6752e+25,-1.3994,0.63507,273.15
2.3892e-07,-1.3618e-05,2.689e+25,-1.502,0.14177,271.55
2.3892e-07,-1.314e-05,2.6905e+25,-2.2406,0.0078871,271.85
2.3892e-07,-1.2663e-05,2.686e+25,-2.841,0.15089,272.42
2.3892e-07,-1.2185e-05,2.6799e+25,-1.7781,0.47569,272.15
2.3892e-07,-1.1707e-05,2.688e+25,-2.4379,0.55666,272.24
2.3892e-07,-1.1229e-05,2.6868e+25,-3.0213,0.54527,272.25
2.3892e-07,-1.0751e-05,2.6827e+25,-2.9019,0.32903,272.4
2.3892e-07,-1.0273e-05,2.6748e+25,-2.7528,0.67292,272.28
2.3892e-07,-9.7956e-06,2.6827e+25,-3.5872,0.52991,272.36
2.3892e-07,-9.3178e-06,2.69e+25,-4.1565,0.6796,272.18
2.3892e-07,-8.8399e-06,2.6826e+25,-3.7151,1.4734,271.93
2.3892e-07,-8.3621e-06,2.692e+25,-4.0709,1.4622,271.88
2.3892e-07,-7.8842e-06,2.7011e+25,-3.3505,0.85314,270.82
2.3892e-07,-7.4064e-06,2.6945e+25,-3.787,1.4514,271.22
2.3892e-07,-6.9286e-06,2.6936e+25,-4.4426,1.8957,271.51
2.3892e-07,-6.4508e-06,2.7078e+25,-3.7688,1.7761,271.44
2.3892e-07,-5.9729e-06,2.7035e+25,-3.2515,2.0112,271.18
2.3892e-07,-5.4951e-06,2.6894e+25,-3.9587,2.1461,271.96
2.3892e-07,-5.0173e-06,2.6882e+25,-3.2709,1.9302,272.05
2.3892e-07,-4.5394e-06,2.6869e+25,-4.3562,1.2391,271.75
2.3892e-07,-4.0616e-06,2.6826e+25,-6.1733,0.46256,272.44
2.3892e-07,-3.5838e-06,2.6974e+25,-6.7235,0.34455,271.25
2.3892e-07,-3.1059e-06,2.6897e+25,-7.728,0.80643,271.4
2.3892e-07,-2.6281e-06,2.6827e+25,-8.4448,1.2915,271.66
2.3892e-07,-2.1502e-06,2.6947e+25,-8.9896,1.6259,271.01
2.3892e-07,-1.6724e-06,2.6827e+25,-8.9177,2.2194,271.78
2.3892e-07,-1.1946e-06,2.6821e+25,-9.92,2.3178,272.23
2.3892e-07,-7.1675e-07,2.6892e+25,-10.279,2.4372,271.62
2.3892e-07,-2.3892e-07,2.6819e+25,-9.1155,2.838,272.52
2.3892e-07,2.3892e-07,2.6818e+25,-7.8433,3.1539,272.17
2.3892e-07,7.1675e-07,2.6807e+25,-6.5585,2.9674,272.41
2.3892e-07,1.1946e-06,2.6798e+25,-5.777,3.3678,272.36
2.3892e-07,1.6724e-06,2.6883e+25,-5.4748,3.1252,272.02
2.3892e-07,2.1502e-06,2.6859e+25,-6.1183,2.8528,272.27
2.3892e-07,2.6281e-06,2.6784e+25,-6.9397,2.615,273.28
2.3892e-07,3.1059e-06,2.6851e+25,-6.8336,3.1133,271.66
2.3892e-07,3.5838e-06,2.6931e+25,-6.7391,3.3716,270.73
2.3892e-07,4.0616e-06,2.6799e+25,-6.186,3.3114,272.25
2.3892e-07,4.5394e-06,2.6819e+25,-5.5492,3.5657,272.52
2.3892e-07,5.0173e-06,2.6806e+25,-4.9105,3.4309,272.06
2.3892e-07,5.4951e-06,2.6718e+25,-5.2218,3.4447,273.16
2.3892e-07,5.9729e-06,2.6785e+25,-4.1984,3.4582,273.45
2.3892e-07,6.4508e-06,2.6835e+25,-3.0819,4.3451,272.39
2.3892e-07,6.9286e-06,2.6825e+25,-2.4143,5.3086,272.04
2.3892e-07,7.4064e-06,2.682e+25,-0.87768,5.7919,272.06
2.3892e-07,7.8842e-06,2.6793e+25,-1.3526,5.9916,271.87
2.3892e-07,8.3621e-06,2.6735e+25,-0.82853,5.4698,272.02
2.3892e-07,8.8399e-06,2.6858e+25,0.58042,5.0939,271.42
2.3892e-07,9.3178e-06,2.6878e+25,2.0384,4.362,271.4
2.3892e-07,9.7956e-06,2.6862e+25,2.2797,3.9444,271.78
2.3892e-07,1.0273e-05,2.6836e+25,3.31,3.7552,272.23
2.3892e-07,1.0751e-05,2.6855e+25,4.6153,3.6121,272.08
2.3892e-07,1.1229e-05,2.6804e+25,5.6804,3.8748,272.89
2.3892e-07,1.1707e-05,2.6733e+25,6.0915,4.0347,272.85
2.3892e-07,1.2185e-05,2.6754e+25,7.331,3.6529,273.65
2.3892e-07,1.2663e-05,2.6749e+25,10.648,3.4053,272.91
2.3892e-07,1.314e-05,2.676e+25,12.792,3.6543,272.98
2.3892e-07,1.3618e-05,2.6799e+25,14.764,3.1799,272.28
2.3892e-07,1.4096e-05,2.6743e+25,15.871,2.2491,272.76
2.3892e-07,1.4574e-05,2.6913e+25,17.549,1.6241,272.23
2.3892e-07,1.5052e-05,2.6803e+25,20.963,0.83243,272.98
2.3892e-07,1.553e-05,2.6583e+25,24.309,0.056701,273.65
2.3892e-07,1.6007e-05,2.6804e+25,26.944,-0.29079,272.03
2.3892e-07,1.6485e-05,2.6866e+25,29.594,-0.33825,271.73
2.3892e-07,1.6963e-05,2.6831e+25,33.212,-0.40204,272.25
7.1675e-07,-1.6963e-05,2.6803e+25,-0.71727,0.10029,273.08
7.1675e-07,-1.6485e-05,2.6853e+25,-0.12187,0.71447,273.26
7.1675e-07,-1.6007e-05,2.6853e+25,-1.3324,0.3402,273.56
7.1675e-07,-1.553e-05,2.6818e+25,-2.983,0.22341,272.68
7.1675e-07,-1.5052e-05,2.6927e+25,-3.1845,0.33133,272.44
7.1675e-07,-1.4574e-05,2.6909e+25,-2.0123,0.23173,272.51
7.1675e-07,-1.4096e-05,2.6788e+25,-1.4907,0.26585,273
7.1675e-07,-1.3618e-05,2.6749e+25,-1.4531,0.81793,272.74
7.1675e-07,-1.314e-05,2.6844e+25,-2.3371,1.0428,272.46
7.1675e-07,-1.2663e-05,2.6857e+25,-2.7363,0.85611,272.08
7.1675e-07,-1.2185e-05,2.6993e+25,-1.9648,0.81209,271.78
7.1675e-07,-1.1707e-05,2.6866e+25,-2.2994,0.55356,271.62
7.1675e-07,-1.1229e-05,2.694e+25,-2.7765,0.19166,271.87
7.1675e-07,-1.0751e-05,2.6788e+25,-2.7826,0.23261,272.83
7.1675e-07,-1.0273e-05,2.6852e+25,-3.3034,0.25624,272.12
7.1675e-07,-9.7956e-06,2.6941e+25,-3.5879,0.83804,271.55
7.1675e-07,-9.3178e-06,2.6894e+25,-4.5034,1.1607,272.12
7.1675e-07,-8.8399e-06,2.6911e+25,-4.3491,1.393,272.81
7.1675e-07,-8.3621e-06,2.6927e+25,-3.2322,0.93233,272.35
7.1675e-07,-7.8842e-06,2.6922e+25,-3.5473,1.1306,271.48
7.1675e-07,-7.4064e-06,2.694e+25,-4.6039,1.542,271.87
7.1675e-07,-6.9286e-06,2.7021e+25,-4.0525,1.2476,270.88
7.1675e-07,-6.4508e-06,2.703e+25,-3.9268,1.1283,270.04
7.1675e-07,-5.9729e-06,2.7162e+25,-3.6509,1.441,270.02
7.1675e-07,-5.4951e-06,2.6894e+25,-3.6195,1.2635,271.61
7.1675e-07,-5.0173e-06,2.6881e+25,-3.034,1.0788,272.12
7.1675e-07,-4.5394e-06,2.691e+25,-3.8138,1.0931,272.2
7.1675e-07,-4.0616e-06,2.6875e+25,-5.6864,0.95562,272.21
7.1675e-07,-3.5838e-06,2.6892e+25,-7.4045,0.89903,271.4
7.1675e-07,-3.1059e-06,2.7011e+25,-8.1222,1.4316,271.48
7.1675e-07,-2.6281e-06,2.6881e+25,-9.0442,2.0087,271.96
7.1675e-07,-2.1502e-06,2.6908e+25,-9.0606,2.5993,272.17
7.1675e-07,-1.6724e-06,2.6907e+25,-8.9627,2.2579,271.82
7.1675e-07,-1.1946e-06,2.691e+25,-9.9482,2.6405,272.31
7.1675e-07,-7.1675e-07,2.6949e+25,-10.144,2.3929,271.52
7.1675e-07,-2.3892e-07,2.6962e+25,-9.1217,2.0212,270.97
7.1675e-07,2.3892e-07,2.6801e+25,-8.131,2.2303,272.33
7.1675e-07,7.1675e-07,2.6788e+25,-6.5156,2.5469,272.51
7.1675e-07,1.1946e-06,2.6867e+25,-5.8686,2.4623,272.24
7.1675e-07,1.6724e-06,2.6847e+25,-5.7532,2.6642,272.15
7.1675e-07,2.1502e-06,2.6877e+25,-6.0605,3.309,271.51
7.1675e-07,2.6281e-06,2.6899e+25,-6.6673,3.1629,271.29
7.1675e-07,3.1059e-06,2.696e+25,-7.1017,3.2006,271.25
7.1675e-07,3.5838e-06,2.6919e+25,-6.9811,3.3855,271.41
7.1675e-07,4.0616e-06,2.6924e+25,-6.2766,3.6308,271.46
7.1675e-07,4.5394e-06,2.6907e+25,-5.3033,3.4971,271.6
7.1675e-07,5.0173e-06,2.694e+25,-4.9437,3.0704,271.02
7.1675e-07,5.4951e-06,2.6909e+25,-4.6576,2.7133,272.25
7.1675e-07,5.9729e-06,2.6764e+25,-4.7368,2.6208,272.64
7.1675e-07,6.4508e-06,2.694e+25,-4.1746,3.5364,271.02
7.1675e-07,6.9286e-06,2.6953e+25,-2.7404,4.1498,271.43
7.1675e-07,7.4064e-06,2.682e+25,-1.289,4.53,272.32
7.1675e-07,7.8842e-06,2.6876e+25,-1.1948,4.7089,271.98
7.1675e-07,8.3621e-06,2.6909e+25,-0.37385,4.3264,271.71
7.1675e-07,8.8399e-06,2.6953e+25,1.0961,3.8353,271.81
7.1675e-07,9.3178e-06,2.6899e+25,2.1858,3.5441,271.76
7.1675e-07,9.7956e-06,2.6797e+25,2.6111,3.6159,272.43
7.1675e-07,1.0273e-05,2.6749e+25,3.872,3.2194,272.56
7.1675e-07,1.0751e-05,2.6907e+25,4.8784,2.6128,272.25
7.1675e-07,1.1229e-05,2.6719e+25,4.9899,2.8702,273.14
7.1675e-07,1.1707e-05,2.6678e+25,6.4657,3.0452,273.44
7.1675e-07,1.2185e-05,2.6784e+25,7.9401,2.8405,273.2
7.1675e-07,1.2663e-05,2.6819e+25,10.347,2.6498,272.42
7.1675e-07,1.314e-05,2.6805e+25,12.652,2.4786,272.46
7.1675e-07,1.3618e-05,2.6781e+25,15.22,2.5843,272.79
7.1675e-07,1.4096e-05,2.6736e+25,16.571,2.0789,272.31
7.1675e-07,1.4574e-05,2.686e+25,18.706,0.89117,272.31
7.1675e-07,1.5052e-05,2.6889e+25,21.53,0.20968,272.36
7.1675e-07,1.553e-05,2.6796e+25,24.753,-0.11684,272.43
7.1675e-07,1.6007e-05,2.6856e+25,26.659,-0.45219,272.56
7.1675e-07,1.6485e-05,2.6787e+25,30.113,-0.58273,272.65
7.1675e-07,1.6963e-05,2.6701e+25,32.811,-0.2369,273.06
1.1946e-06,-1.6963e-05,2.6762e+25,-0.6592,-0.1545,273.33
1.1946e-06,-1.6485e-05,2.6816e+25,-0.17062,-0.4741,272.78
1.1946e-06,-1.6007e-05,2.6903e+25,-1.5903,-0.12321,272.42
1.1946e-06,-1.553e-05,2.6833e+25,-2.9977,0.1442,272.3
1.1946e-06,-1.5052e-05,2.6814e+25,-3.1771,0.094745,272.65
1.1946e-06,-1.4574e-05,2.6905e+25,-2.2645,0.54502,272.4
1.1946e-06,-1.4096e-05,2.6827e+25,-1.616,1.0834,272.5
1.1946e-06,-1.3618e-05,2.6809e+25,-2.0397,1.28,273.07
1.1946e-06,-1.314e-05,2.6862e+25,-2.0357,1.4153,272.49
1.1946e-06,-1.2663e-05,2.6906e+25,-2.3503,1.0724,272.31
1.1946e-06,-1.2185e-05,2.6939e+25,-1.5409,0.59535,271.51
1.1946e-06,-1.1707e-05,2.7009e+25,-1.934,0.18437,271.2
1.1946e-06,-1.1229e-05,2.7065e+25,-2.6722,-0.030671,270.75
1.1946e-06,-1.0751e-05,2.6836e+25,-2.8645,-0.19489,272.44
1.1946e-06,-1.0273e-05,2.6891e+25,-3.6263,0.40026,271.99
1.1946e-06,-9.7956e-06,2.7027e+25,-4.3639,0.97206,271.38
1.1946e-06,-9.3178e-06,2.6944e+25,-4.3564,1.0094,271.58
1.1946e-06,-8.8399e-06,2.6883e+25,-4.3326,0.82027,272.02
1.1946e-06,-8.3621e-06,2.6896e+25,-3.2793,1.6018,272.2
1.1946e-06,-7.8842e-06,2.6956e+25,-4.1614,2.0895,271.51
1.1946e-06,-7.4064e-06,2.6962e+25,-4.1259,2.2582,272.2
1.1946e-06,-6.9286e-06,2.7026e+25,-3.7979,1.7902,271.22
1.1946e-06,-6.4508e-06,2.7109e+25,-3.8742,1.4288,270.02
1.1946e-06,-5.9729e-06,2.7038e+25,-3.512,0.8776,270.25
1.1946e-06,-5.4951e-06,2.6904e+25,-3.5988,0.83392,271.52
1.1946e-06,-5.0173e-06,2.6958e+25,-3.2902,1.2139,271.58
1.1946e-06,-4.5394e-06,2.6962e+25,-4.0689,1.5483,272.32
1.1946e-06,-4.0616e-06,2.6967e+25,-5.5801,1.6191,272.09
1.1946e-06,-3.5838e-06,2.6898e+25,-7.2144,1.3648,271.5
1.1946e-06,-3.1059e-06,2.6972e+25,-8.2283,0.79465,271.47
1.1946e-06,-2.6281e-06,2.6923e+25,-9.4603,0.7325,271.39
1.1946e-06,-2.1502e-06,2.6909e+25,-9.4882,1.1141,271.93
1.1946e-06,-1.6724e-06,2.6929e+25,-9.2036,1.8334,271.59
1.1946e-06,-1.1946e-06,2.6989e+25,-9.9944,1.6245,270.94
1.1946e-06,-7.1675e-07,2.697e+25,-9.772,1.7773,270.84
1.1946e-06,-2.3892e-07,2.6923e+25,-8.9938,1.7959,271.64
1.1946e-06,2.3892e-07,2.6845e+25,-7.9977,1.3394,271.9
1.1946e-06,7.1675e-07,2.69e+25,-7.1098,1.5509,272.32
1.1946e-06,1.1946e-06,2.6883e+25,-5.7216,2.1263,272.05
1.1946e-06,1.6724e-06,2.6936e+25,-6.3378,2.2001,271.66
1.1946e-06,2.1502e-06,2.6879e+25,-6.5266,2.7697,272.12
1.1946e-06,2.6281e-06,2.6947e+25,-6.6133,3.1895,271.23
1.1946e-06,3.1059e-06,2.6895e+25,-7.6609,3.3124,271.13
1.1946e-06,3.5838e-06,2.6999e+25,-7.0307,3.6801,270.6
1.1946e-06,4.0616e-06,2.702e+25,-6.0739,3.2855,271.1
1.1946e-06,4.5394e-06,2.6973e+25,-4.6737,2.598,270.57
1.1946e-06,5.0173e-06,2.6943e+25,-4.6055,2.4648,270.87
1.1946e-06,5.4951e-06,2.6854e+25,-4.8357,2.8148,271.72
1.1946e-06,5.9729e-06,2.6816e+25,-4.9409,3.2132,271.98
1.1946e-06,6.4508e-06,2.6856e+25,-4.545,3.4135,272.21
1.1946e-06,6.9286e-06,2.689e+25,-2.9235,3.2765,272.25
1.1946e-06,7.4064e-06,2.6873e+25,-1.8807,3.767,271.9
1.1946e-06,7.8842e-06,2.6787e+25,-0.86127,3.632,272.75
1.1946e-06,8.3621e-06,2.6856e+25,0.1543,3.1511,271.63
1.1946e-06,8.8399e-06,2.6799e+25,1.5388,2.9487,271.64
1.1946e-06,9.3178e-06,2.6969e+25,2.1385,2.9345,271.27
1.1946e-06,9.7956e-06,2.6773e+25,2.8563,2.6073,272.12
1.1946e-06,1.0273e-05,2.6957e+25,4.1796,2.1141,271.69
1.1946e-06,1.0751e-05,2.6836e+25,4.8904,2.3956,272.16
1.1946e-06,1.1229e-05,2.6838e+25,4.6047,2.5718,272.17
1.1946e-06,1.1707e-05,2.6769e+25,6.3253,2.584,272.37
1.1946e-06,1.2185e-05,2.6748e+25,8.0543,2.7691,272.32
1.1946e-06,1.2663e-05,2.6729e+25,10.805,2.4936,272.7
1.1946e-06,1.314e-05,2.6756e+25,12.959,1.9235,272.6
1.1946e-06,1.3618e-05,2.6848e+25,15.463,1.4046,272.13
1.1946e-06,1.4096e-05,2.6842e+25,17.058,1.2917,272.18
1.1946e-06,1.4574e-05,2.684e+25,19.645,0.71495,272.3
1.1946e-06,1.5052e-05,2.6729e+25,21.954,0.20307,273.61
1.1946e-06,1.553e-05,2.6784e+25,25.015,-0.29251,273.02
1.1946e-06,1.6007e-05,2.6818e+25,27.305,-0.74965,272.82
1.1946e-06,1.6485e-05,2.6786e+25,29.733,-0.70357,272.9
1.1946e-06,1.6963e-05,2.6721e+25,32.198,-0.30091,273.38
1.6724e-06,-1.6963e-05,2.6789e+25,-0.41303,-0.083427,272.96
1.6724e-06,-1.6485e-05,2.6925e+25,-0.47934,0.089837,272.1
1.6724e-06,-1.6007e-05,2.6948e+25,-1.786,0.30691,271.9
1.6724e-06,-1.553e-05,2.689e+25,-2.6713,0.12083,271.75
1.6724e-06,-1.5052e-05,2.6902e+25,-3.3481,0.13719,272.16
1.6724e-06,-1.4574e-05,2.6884e+25,-2.9874,0.48902,271.95
1.6724e-06,-1.4096e-05,2.6906e+25,-1.9957,0.85966,271.98
1.6724e-06,-1.3618e-05,2.6965e+25,-2.672,1.3819,271.67
1.6724e-06,-1.314e-05,2.6953e+25,-1.85,1.8086,271.38
1.6724e-06,-1.2663e-05,2.6974e+25,-1.5771,1.2975,270.99
1.6724e-06,-1.2185e-05,2.7024e+25,-1.822,1.0938,270.66
1.6724e-06,-1.1707e-05,2.7107e+25,-1.7402,1.2455,270.05
1.6724e-06,-1.1229e-05,2.7041e+25,-2.2022,1.3231,270.54
1.6724e-06,-1.0751e-05,2.7059e+25,-2.9186,1.0249,270.65
1.6724e-06,-1.0273e-05,2.7075e+25,-4.1262,0.67115,270.83
1.6724e-06,-9.7956e-06,2.7043e+25,-4.5586,0.76981,271.35
1.6724e-06,-9.3178e-06,2.7029e+25,-4.067,0.83883,271.17
1.6724e-06,-8.8399e-06,2.6916e+25,-4.262,0.67413,271.58
1.6724e-06,-8.3621e-06,2.6904e+25,-4.4873,0.75795,272.25
1.6724e-06,-7.8842e-06,2.695e+25,-4.5679,1.4016,271.87
1.6724e-06,-7.4064e-06,2.6959e+25,-3.6044,1.2147,271.57
1.6724e-06,-6.9286e-06,2.6898e+25,-3.6131,1.2982,271.94
1.6724e-06,-6.4508e-06,2.7015e+25,-3.6455,1.2297,271.13
1.6724e-06,-5.9729e-06,2.7033e+25,-2.9387,1.2203,271.25
1.6724e-06,-5.4951e-06,2.7031e+25,-3.6813,0.91442,271.05
1.6724e-06,-5.0173e-06,2.7029e+25,-3.6901,1.3463,271.25
1.6724e-06,-4.5394e-06,2.6964e+25,-4.28,1.6941,272.06
1.6724e-06,-4.0616e-06,2.6827e+25,-5.9142,2.1875,272.57
1.6724e-06,-3.5838e-06,2.6915e+25,-6.8111,2.3512,272.07
1.6724e-06,-3.1059e-06,2.699e+25,-7.911,2.1412,271.38
1.6724e-06,-2.6281e-06,2.6889e+25,-9.1264,1.4278,272.06
1.6724e-06,-2.1502e-06,2.6825e+25,-9.8197,0.85035,272.51
1.6724e-06,-1.6724e-06,2.69e+25,-9.5296,1.0529,271.44
1.6724e-06,-1.1946e-06,2.6993e+25,-9.6625,1.0246,270.94
1.6724e-06,-7.1675e-07,2.7072e+25,-10.041,0.94803,270.04
1.6724e-06,-2.3892e-07,2.6966e+25,-8.8318,0.7169,270.51
1.6724e-06,2.3892e-07,2.6833e+25,-7.8988,0.7507,271.95
1.6724e-06,7.1675e-07,2.6883e+25,-7.377,0.9321,271.82
1.6724e-06,1.1946e-06,2.6789e+25,-6.4848,1.7331,272.51
1.6724e-06,1.6724e-06,2.6905e+25,-6.6539,2.4783,271.42
1.6724e-06,2.1502e-06,2.6957e+25,-7.0136,2.8249,271.53
1.6724e-06,2.6281e-06,2.6925e+25,-6.9379,3.2149,271.44
1.6724e-06,3.1059e-06,2.7012e+25,-7.1345,2.8486,270.69
1.6724e-06,3.5838e-06,2.7049e+25,-6.8949,2.1049,270.77
1.6724e-06,4.0616e-06,2.6986e+25,-5.4857,1.8307,270.66
1.6724e-06,4.5394e-06,2.6972e+25,-4.4631,1.5988,270.81
1.6724e-06,5.0173e-06,2.7066e+25,-4.8509,1.5445,270.3
1.6724e-06,5.4951e-06,2.6876e+25,-5.0042,1.6912,271.25
1.6724e-06,5.9729e-06,2.6787e+25,-5.4759,1.9001,272.52
1.6724e-06,6.4508e-06,2.6907e+25,-4.8161,2.2986,272.49
1.6724e-06,6.9286e-06,2.6858e+25,-3.0489,2.4482,272.32
1.6724e-06,7.4064e-06,2.6816e+25,-1.8838,2.3283,272.22
1.6724e-06,7.8842e-06,2.6686e+25,-0.42528,2.2314,272.98
1.6724e-06,8.3621e-06,2.6977e+25,0.47074,1.7021,271.67
1.6724e-06,8.8399e-06,2.6936e+25,1.6518,1.2031,271.15
1.6724e-06,9.3178e-06,2.695e+25,2.1196,1.3859,271.93
1.6724e-06,9.7956e-06,2.6823e+25,3.3019,1.3087,271.55
1.6724e-06,1.0273e-05,2.6884e+25,3.9751,1.6745,272.19
1.6724e-06,1.0751e-05,2.6818e+25,4.4793,1.6223,271.77
1.6724e-06,1.1229e-05,2.6851e+25,4.8133,1.7578,271.17
1.6724e-06,1.1707e-05,2.6919e+25,6.2458,1.8252,271.18
1.6724e-06,1.2185e-05,2.687e+25,8.5144,1.2518,271.99
1.6724e-06,1.2663e-05,2.6829e+25,11.317,0.27486,272.19
1.6724e-06,1.314e-05,2.6764e+25,13.246,0.40334,272.53
1.6724e-06,1.3618e-05,2.6916e+25,15.595,0.19665,271.69
1.6724e-06,1.4096e-05,2.6849e+25,17.37,-0.34599,272.29
1.6724e-06,1.4574e-05,2.6719e+25,20.124,-0.64356,272.87
1.6724e-06,1.5052e-05,2.6704e+25,22.609,-1.011,273.22
1.6724e-06,1.553e-05,2.6718e+25,25.082,-1.0089,273.31
1.6724e-06,1.6007e-05,2.6757e+25,27.056,-0.44118,273.1
1.6724e-06,1.6485e-05,2.6734e+25,29.286,0.48348,273.07
1.6724e-06,1.6963e-05,2.6721e+25,32.415,0.69998,273.41
2.1502e-06,-1.6963e-05,2.693e+25,-0.45793,0.10147,272.69
2.1502e-06,-1.6485e-05,2.6912e+25,-0.5854,0.29215,272.65
2.1502e-06,-1.6007e-05,2.6879e+25,-1.832,0.20798,272.12
2.1502e-06,-1.553e-05,2.685e+25,-2.7328,0.32844,271.83
2.1502e-06,-1.5052e-05,2.6941e+25,-3.5125,0.42588,270.96
2.1502e-06,-1.4574e-05,2.7021e+25,-3.0057,0.35666,270.93
2.1502e-06,-1.4096e-05,2.7033e+25,-2.2439,0.38012,271.32
2.1502e-06,-1.3618e-05,2.704e+25,-2.8851,0.60551,270.66
2.1502e-06,-1.314e-05,2.708e+25,-2.1298,0.89723,270.6
2.1502e-06,-1.2663e-05,2.7084e+25,-1.5358,1.2024,270.2
2.1502e-06,-1.2185e-05,2.7103e+25,-1.5363,1.0214,270.58
2.1502e-06,-1.1707e-05,2.7011e+25,-1.7599,0.70891,270.72
2.1502e-06,-1.1229e-05,2.7164e+25,-2.4884,0.86864,270.08
2.1502e-06,-1.0751e-05,2.7003e+25,-2.7503,0.97753,270.59
2.1502e-06,-1.0273e-05,2.7066e+25,-3.7011,1.1215,270.47
2.1502e-06,-9.7956e-06,2.708e+25,-4.2766,0.41239,270.48
2.1502e-06,-9.3178e-06,2.7121e+25,-3.9914,0.0070316,270.1
2.1502e-06,-8.8399e-06,2.7003e+25,-4.5094,0.22663,270.71
2.1502e-06,-8.3621e-06,2.6942e+25,-4.5841,0.40209,271.86
2.1502e-06,-7.8842e-06,2.6855e+25,-4.7354,0.52897,271.98
2.1502e-06,-7.4064e-06,2.6891e+25,-3.9498,0.73003,271.05
2.1502e-06,-6.9286e-06,2.6846e+25,-3.6299,0.90308,272.25
2.1502e-06,-6.4508e-06,2.6858e+25,-3.3512,0.54737,272.44
2.1502e-06,-5.9729e-06,2.6844e+25,-2.8227,0.056135,272.07
2.1502e-06,-5.4951e-06,2.6858e+25,-3.7653,0.21648,271.67
2.1502e-06,-5.0173e-06,2.6897e+25,-4.2515,0.37944,271.38
2.1502e-06,-4.5394e-06,2.689e+25,-5.1503,1.1568,271.76
2.1502e-06,-4.0616e-06,2.6812e+25,-5.7764,1.677,273.15
2.1502e-06,-3.5838e-06,2.674e+25,-6.9515,1.3293,273.38
2.1502e-06,-3.1059e-06,2.6906e+25,-7.5988,1.7148,272.07
2.1502e-06,-2.6281e-06,2.6871e+25,-8.6811,1.7749,272.11
2.1502e-06,-2.1502e-06,2.6975e+25,-9.6758,1.8079,271.32
2.1502e-06,-1.6724e-06,2.6915e+25,-9.6051,1.6277,271.43
2.1502e-06,-1.1946e-06,2.7028e+25,-9.4098,1.5865,270.51
2.1502e-06,-7.1675e-07,2.706e+25,-9.2868,0.29213,270.91
2.1502e-06,-2.3892e-07,2.6893e+25,-8.8863,0.0097227,270.86
2.1502e-06,2.3892e-07,2.6948e+25,-8.5552,0.86929,271.16
2.1502e-06,7.1675e-07,2.6831e+25,-8.0486,1.4669,272.39
2.1502e-06,1.1946e-06,2.6723e+25,-6.9057,1.6766,273.55
2.1502e-06,1.6724e-06,2.6827e+25,-7.1739,1.7921,272.16
2.1502e-06,2.1502e-06,2.6996e+25,-7.2196,2.146,271.14
2.1502e-06,2.6281e-06,2.699e+25,-6.79,2.0549,270.48
2.1502e-06,3.1059e-06,2.7113e+25,-6.7132,1.6258,270.11
2.1502e-06,3.5838e-06,2.7027e+25,-5.9919,0.69648,270.3
2.1502e-06,4.0616e-06,2.6936e+25,-5.5732,0.40551,271.69
2.1502e-06,4.5394e-06,2.6918e+25,-4.4958,0.8603,271.19
2.1502e-06,5.0173e-06,2.6895e+25,-4.7446,0.98455,271.16
2.1502e-06,5.4951e-06,2.6975e+25,-5.5531,1.2823,270.26
2.1502e-06,5.9729e-06,2.6912e+25,-5.2977,1.4922,271.08
2.1502e-06,6.4508e-06,2.6924e+25,-4.587,0.76069,271.1
2.1502e-06,6.9286e-06,2.6883e+25,-3.0707,0.84739,271.21
2.1502e-06,7.4064e-06,2.6944e+25,-1.5201,0.43494,270.99
2.1502e-06,7.8842e-06,2.6801e+25,-0.40416,0.35273,271.75
2.1502e-06,8.3621e-06,2.6813e+25,0.91385,0.61584,272.1
2.1502e-06,8.8399e-06,2.6877e+25,1.8286,0.57376,271.88
2.1502e-06,9.3178e-06,2.6936e+25,1.9277,0.45902,271.29
2.1502e-06,9.7956e-06,2.6955e+25,3.3629,0.56169,271.42
2.1502e-06,1.0273e-05,2.6911e+25,3.7167,0.6001,271.38
2.1502e-06,1.0751e-05,2.6895e+25,4.3738,1.2498,271.4
2.1502e-06,1.1229e-05,2.6897e+25,4.7088,1.2375,271.84
2.1502e-06,1.1707e-05,2.6824e+25,6.5623,0.83885,272
2.1502e-06,1.2185e-05,2.6905e+25,9.2888,0.28222,272.09
2.1502e-06,1.2663e-05,2.6925e+25,11.661,-0.055413,271.56
2.1502e-06,1.314e-05,2.6896e+25,13.068,-0.49913,271.03
2.1502e-06,1.3618e-05,2.6882e+25,15.892,-0.36154,271.72
2.1502e-06,1.4096e-05,2.6853e+25,17.929,-0.57651,271.48
2.1502e-06,1.4574e-05,2.6799e+25,20.27,-0.8685,272.17
2.1502e-06,1.5052e-05,2.6796e+25,22.832,-0.83534,272.86
2.1502e-06,1.553e-05,2.6786e+25,24.939,-1.0177,272.84
2.1502e-06,1.6007e-05,2.6715e+25,26.176,-0.87209,273.68
2.1502e-06,1.6485e-05,2.6657e+25,28.88,-0.54117,273.3
2.1502e-06,1.6963e-05,2.6738e+25,32.715,-0.4038,272.76
2.6281e-06,-1.6963e-05,2.6927e+25,-1.0195,0.3492,271.98
2.6281e-06,-1.6485e-05,2.6935e+25,-0.8331,1.2031,272
2.6281e-06,-1.6007e-05,2.6908e+25,-1.6877,1.3367,271.69
2.6281e-06,-1.553e-05,2.6962e+25,-2.6713,1.146,271.9
2.6281e-06,-1.5052e-05,2.6968e+25,-3.0707,0.45047,271.64
2.6281e-06,-1.4574e-05,2.6996e+25,-2.9462,0.18748,271.28
2.6281e-06,-1.4096e-05,2.6925e+25,-2.7525,0.37803,271.78
2.6281e-06,-1.3618e-05,2.7e+25,-2.758,0.77293,271
2.6281e-06,-1.314e-05,2.7195e+25,-2.174,0.30295,269.54
2.6281e-06,-1.2663e-05,2.7196e+25,-1.5505,0.24542,269.6
2.6281e-06,-1.2185e-05,2.7049e+25,-1.5169,0.2614,270.61
2.6281e-06,-1.1707e-05,2.6991e+25,-1.8458,0.89498,270.84
2.6281e-06,-1.1229e-05,2.7009e+25,-2.5706,0.74326,270.74
2.6281e-06,-1.0751e-05,2.7035e+25,-2.6719,0.42235,270.82
2.6281e-06,-1.0273e-05,2.7078e+25,-3.225,-0.22213,270.52
2.6281e-06,-9.7956e-06,2.72e+25,-3.9738,-0.15884,269.33
2.6281e-06,-9.3178e-06,2.7233e+25,-4.1894,0.13973,269.28
2.6281e-06,-8.8399e-06,2.7142e+25,-4.665,0.45406,269.75
2.6281e-06,-8.3621e-06,2.7007e+25,-4.2595,0.24514,271.6
2.6281e-06,-7.8842e-06,2.6965e+25,-4.5986,0.032163,271.43
2.6281e-06,-7.4064e-06,2.6964e+25,-4.3649,-0.012091,271.75
2.6281e-06,-6.9286e-06,2.7011e+25,-3.7522,0.45034,271.84
2.6281e-06,-6.4508e-06,2.6989e+25,-2.5232,0.21188,271.37
2.6281e-06,-5.9729e-06,2.6994e+25,-2.7449,-0.044832,271.62
2.6281e-06,-5.4951e-06,2.6986e+25,-3.7683,-0.094148,271.31
2.6281e-06,-5.0173e-06,2.6906e+25,-4.6213,-0.19851,271.71
2.6281e-06,-4.5394e-06,2.6918e+25,-5.0082,-0.40854,271.96
2.6281e-06,-4.0616e-06,2.6784e+25,-6.1791,-0.88458,273.12
2.6281e-06,-3.5838e-06,2.6687e+25,-7.3867,0.32102,273.68
2.6281e-06,-3.1059e-06,2.681e+25,-8.6829,1.2412,272.86
2.6281e-06,-2.6281e-06,2.697e+25,-8.2998,1.5339,271.22
2.6281e-06,-2.1502e-06,2.7117e+25,-9.4924,1.1375,270.59
2.6281e-06,-1.6724e-06,2.693e+25,-9.3891,0.72678,270.95
2.6281e-06,-1.1946e-06,2.705e+25,-8.7961,0.31203,270.65
2.6281e-06,-7.1675e-07,2.6966e+25,-8.8299,0.501,270.73
2.6281e-06,-2.3892e-07,2.6883e+25,-8.9165,0.29677,271.5
2.6281e-06,2.3892e-07,2.6841e+25,-8.805,-0.22947,271.94
2.6281e-06,7.1675e-07,2.6753e+25,-8.3747,-0.33007,272.67
2.6281e-06,1.1946e-06,2.6811e+25,-7.2938,0.42413,273.11
2.6281e-06,1.6724e-06,2.692e+25,-7.0666,0.42857,271.84
2.6281e-06,2.1502e-06,2.6967e+25,-7.5476,0.4722,271.91
2.6281e-06,2.6281e-06,2.6855e+25,-6.1539,0.047237,271.88
2.6281e-06,3.1059e-06,2.6934e+25,-6.3969,-0.1544,272.02
2.6281e-06,3.5838e-06,2.6884e+25,-5.8858,0.31503,272.33
2.6281e-06,4.0616e-06,2.6924e+25,-5.6429,0.13686,271.66
2.6281e-06,4.5394e-06,2.693e+25,-5.1087,0.47574,271.49
2.6281e-06,5.0173e-06,2.6928e+25,-4.6931,1.0854,271.95
2.6281e-06,5.4951e-06,2.6907e+25,-5.3818,0.4272,271.62
2.6281e-06,5.9729e-06,2.6913e+25,-5.1459,0.09186,271.56
2.6281e-06,6.4508e-06,2.6897e+25,-4.5985,0.36703,270.99
2.6281e-06,6.9286e-06,2.6971e+25,-2.9119,0.72809,270.55
2.6281e-06,7.4064e-06,2.6973e+25,-1.3914,0.72122,270.42
2.6281e-06,7.8842e-06,2.6916e+25,-0.3629,0.8328,271.17
2.6281e-06,8.3621e-06,2.6879e+25,0.82996,0.43385,271.41
2.6281e-06,8.8399e-06,2.6938e+25,1.6789,0.23741,271.33
2.6281e-06,9.3178e-06,2.6867e+25,1.6849,0.88902,271.72
2.6281e-06,9.7956e-06,2.6993e+25,3.4069,0.88802,271.27
2.6281e-06,1.0273e-05,2.6824e+25,3.52,1.0524,272.08
2.6281e-06,1.0751e-05,2.6916e+25,3.7819,0.84962,271.7
2.6281e-06,1.1229e-05,2.6854e+25,5.3151,1.115,271.81
2.6281e-06,1.1707e-05,2.6794e+25,7.1994,0.40432,272.44
2.6281e-06,1.2185e-05,2.6952e+25,9.9997,-0.39306,271.31
2.6281e-06,1.2663e-05,2.691e+25,11.882,-1.0157,271.32
2.6281e-06,1.314e-05,2.6916e+25,13.063,-0.83844,271.62
2.6281e-06,1.3618e-05,2.7014e+25,15.694,-0.57554,271.5
2.6281e-06,1.4096e-05,2.6926e+25,18.117,-0.53892,271.01
2.6281e-06,1.4574e-05,2.6963e+25,20.174,-0.78841,271.24
2.6281e-06,1.5052e-05,2.6807e+25,22.434,-0.53275,272.84
2.6281e-06,1.553e-05,2.6707e+25,25.051,-0.054453,273.32
2.6281e-06,1.6007e-05,2.6761e+25,25.983,0.065644,273.8
2.6281e-06,1.6485e-05,2.6702e+25,28.86,0.12847,273.25
2.6281e-06,1.6963e-05,2.6699e+25,32.289,0.011663,272.8
3.1059e-06,-1.6963e-05,2.6876e+25,-1.3885,-0.080194,272.88
3.1059e-06,-1.6485e-05,2.692e+25,-1.4621,-0.084941,272.75
3.1059e-06,-1.6007e-05,2.6927e+25,-2.0884,1.0209,272.25
3.1059e-06,-1.553e-05,2.6946e+25,-2.1331,1.0873,271.84
3.1059e-06,-1.5052e-05,2.6923e+25,-2.5889,0.80007,272.09
3.1059e-06,-1.4574e-05,2.6897e+25,-2.589,-0.034839,271.85
3.1059e-06,-1.4096e-05,2.7003e+25,-3.3432,-0.00071263,270.4
3.1059e-06,-1.3618e-05,2.71e+25,-2.8953,0.46187,270.27
3.1059e-06,-1.314e-05,2.7185e+25,-2.0386,0.45807,269.4
3.1059e-06,-1.2663e-05,2.7184e+25,-1.7035,0.67343,269.37
3.1059e-06,-1.2185e-05,2.7045e+25,-1.5571,1.1203,270.34
3.1059e-06,-1.1707e-05,2.6975e+25,-1.8049,0.69996,271.44
3.1059e-06,-1.1229e-05,2.7089e+25,-2.2426,0.038758,270.27
3.1059e-06,-1.0751e-05,2.7031e+25,-1.9859,-0.090138,270.4
3.1059e-06,-1.0273e-05,2.6985e+25,-3.4448,-0.31014,270.68
3.1059e-06,-9.7956e-06,2.7136e+25,-4.0977,-0.10758,269.58
3.1059e-06,-9.3178e-06,2.713e+25,-4.428,-0.22304,269.74
3.1059e-06,-8.8399e-06,2.7083e+25,-4.5737,-0.049613,269.8
3.1059e-06,-8.3621e-06,2.7085e+25,-4.0008,0.051429,270.29
3.1059e-06,-7.8842e-06,2.7089e+25,-4.7485,0.041301,270.17
3.1059e-06,-7.4064e-06,2.6952e+25,-4.4287,0.058817,271.5
3.1059e-06,-6.9286e-06,2.6921e+25,-3.9623,-0.1239,272
3.1059e-06,-6.4508e-06,2.6886e+25,-2.3083,0.01812,271.9
3.1059e-06,-5.9729e-06,2.6941e+25,-2.8056,0.034081,271.77
3.1059e-06,-5.4951e-06,2.6824e+25,-3.7167,0.12858,272.1
3.1059e-06,-5.0173e-06,2.6838e+25,-4.6004,0.04443,272.15
3.1059e-06,-4.5394e-06,2.6824e+25,-4.5351,-0.41104,273.03
3.1059e-06,-4.0616e-06,2.674e+25,-6.175,-0.43898,273.17
3.1059e-06,-3.5838e-06,2.6813e+25,-8.0862,-0.6915,272.68
3.1059e-06,-3.1059e-06,2.6877e+25,-8.7998,-0.80002,272.32
3.1059e-06,-2.6281e-06,2.6905e+25,-8.426,-0.65843,272.05
3.1059e-06,-2.1502e-06,2.6974e+25,-9.2896,-0.55234,271.31
3.1059e-06,-1.6724e-06,2.6966e+25,-9.0011,-0.83204,271.2
3.1059e-06,-1.1946e-06,2.6907e+25,-8.884,-0.67368,271.65
3.1059e-06,-7.1675e-07,2.6978e+25,-8.8178,-0.76787,271.36
3.1059e-06,-2.3892e-07,2.6916e+25,-8.6899,-1.1491,271.86
3.1059e-06,2.3892e-07,2.6896e+25,-8.3263,-1.1816,271.39
3.1059e-06,7.1675e-07,2.6829e+25,-8.7536,-0.95576,272.77
3.1059e-06,1.1946e-06,2.6804e+25,-7.7835,-0.75187,272.63
3.1059e-06,1.6724e-06,2.6979e+25,-6.823,-0.42928,272.28
3.1059e-06,2.1502e-06,2.6826e+25,-7.2027,-0.75811,272.42
3.1059e-06,2.6281e-06,2.6767e+25,-6.0032,-0.72686,271.92
3.1059e-06,3.1059e-06,2.6741e+25,-6.6736,-0.81235,272.69
3.1059e-06,3.5838e-06,2.6874e+25,-6.2303,-0.67682,272.07
3.1059e-06,4.0616e-06,2.687e+25,-6.0112,0.18057,272.03
3.1059e-06,4.5394e-06,2.6915e+25,-5.6316,0.70421,271.99
3.1059e-06,5.0173e-06,2.6823e+25,-4.9327,0.91954,272.17
3.1059e-06,5.4951e-06,2.683e+25,-4.5894,1.0509,271.91
3.1059e-06,5.9729e-06,2.6914e+25,-5.1055,0.77292,271.25
3.1059e-06,6.4508e-06,2.6965e+25,-4.9054,0.72074,270.92
3.1059e-06,6.9286e-06,2.6942e+25,-3.0854,0.81375,270.92
3.1059e-06,7.4064e-06,2.6904e+25,-1.848,1.4291,271.19
3.1059e-06,7.8842e-06,2.6877e+25,0.39439,0.64315,271.4
3.1059e-06,8.3621e-06,2.6982e+25,0.84881,0.25767,270.97
3.1059e-06,8.8399e-06,2.6919e+25,1.7687,0.35755,271.31
3.1059e-06,9.3178e-06,2.6884e+25,1.4597,0.032002,271.17
3.1059e-06,9.7956e-06,2.6951e+25,3.0351,0.36485,271.21
3.1059e-06,1.0273e-05,2.6855e+25,3.6226,0.7557,271.55
3.1059e-06,1.0751e-05,2.692e+25,3.8718,0.6608,271.02
3.1059e-06,1.1229e-05,2.6868e+25,5.5303,-0.0040118,271.92
3.1059e-06,1.1707e-05,2.6815e+25,7.9867,-0.21349,271.74
3.1059e-06,1.2185e-05,2.6876e+25,10.278,-0.48679,271.46
3.1059e-06,1.2663e-05,2.6972e+25,12.039,-0.31922,271.39
3.1059e-06,1.314e-05,2.7022e+25,13.079,-0.52889,270.82
3.1059e-06,1.3618e-05,2.7042e+25,15.398,-0.76921,270.99
3.1059e-06,1.4096e-05,2.7017e+25,17.848,-0.46338,270.35
3.1059e-06,1.4574e-05,2.6904e+25,20.508,-0.038422,271.29
3.1059e-06,1.5052e-05,2.6791e+25,21.627,0.31633,272.8
3.1059e-06,1.553e-05,2.6702e+25,25.004,0.53468,273.43
3.1059e-06,1.6007e-05,2.6662e+25,26.391,0.13596,273.61
3.1059e-06,1.6485e-05,2.6659e+25,28.622,-0.038132,273.45
3.1059e-06,1.6963e-05,2.6725e+25,32.563,0.077805,272.74
3.5838e-06,-1.6963e-05,2.691e+25,-1.2212,-0.0035373,272.81
3.5838e-06,-1.6485e-05,2.675e+25,-1.8222,0.11387,273.01
3.5838e-06,-1.6007e-05,2.6835e+25,-2.2444,-0.38531,272.55
3.5838e-06,-1.553e-05,2.6875e+25,-2.4338,-0.24,272.17
3.5838e-06,-1.5052e-05,2.6901e+25,-2.2662,0.005081,272.36
3.5838e-06,-1.4574e-05,2.6946e+25,-2.2393,0.3302,271.86
3.5838e-06,-1.4096e-05,2.7048e+25,-3.081,0.30595,270.58
3.5838e-06,-1.3618e-05,2.7074e+25,-3.3415,-0.11935,270.23
3.5838e-06,-1.314e-05,2.712e+25,-1.9324,0.46491,269.88
3.5838e-06,-1.2663e-05,2.7098e+25,-2.1056,0.32614,270.25
3.5838e-06,-1.2185e-05,2.7144e+25,-1.8832,0.58224,269.64
3.5838e-06,-1.1707e-05,2.7014e+25,-0.76118,0.25289,270.43
3.5838e-06,-1.1229e-05,2.7047e+25,-1.9593,-0.25979,270.38
3.5838e-06,-1.0751e-05,2.7087e+25,-2.3637,-0.049877,270.89
3.5838e-06,-1.0273e-05,2.7054e+25,-3.3216,0.18297,270.54
3.5838e-06,-9.7956e-06,2.7034e+25,-4.081,0.15968,270.3
3.5838e-06,-9.3178e-06,2.7011e+25,-4.4845,0.1908,271
3.5838e-06,-8.8399e-06,2.7048e+25,-4.6988,-0.16465,270.81
3.5838e-06,-8.3621e-06,2.7106e+25,-4.1436,0.0467,270.26
3.5838e-06,-7.8842e-06,2.7045e+25,-4.8456,-0.12309,270.76
3.5838e-06,-7.4064e-06,2.699e+25,-4.1707,-0.03739,270.98
3.5838e-06,-6.9286e-06,2.6965e+25,-3.6722,-0.44435,272.04
3.5838e-06,-6.4508e-06,2.6898e+25,-2.6643,-0.50483,271.22
3.5838e-06,-5.9729e-06,2.7018e+25,-2.7716,-0.28682,271.18
3.5838e-06,-5.4951e-06,2.6898e+25,-3.1663,-0.82911,271.89
3.5838e-06,-5.0173e-06,2.6837e+25,-4.2425,-1.1101,272.41
3.5838e-06,-4.5394e-06,2.6852e+25,-4.886,-0.86187,272.05
3.5838e-06,-4.0616e-06,2.6863e+25,-6.3124,-0.30867,272.22
3.5838e-06,-3.5838e-06,2.6947e+25,-7.4549,-0.63813,272.11
3.5838e-06,-3.1059e-06,2.7058e+25,-8.4628,-1.433,270.99
3.5838e-06,-2.6281e-06,2.6922e+25,-8.7819,-1.4933,272.02
3.5838e-06,-2.1502e-06,2.6837e+25,-8.5738,-1.4745,272.34
3.5838e-06,-1.6724e-06,2.6856e+25,-8.7776,-2.267,271.98
3.5838e-06,-1.1946e-06,2.6847e+25,-9.3667,-1.8964,272.79
3.5838e-06,-7.1675e-07,2.681e+25,-8.9218,-1.4875,272.21
3.5838e-06,-2.3892e-07,2.6827e+25,-8.5025,-1.3129,272.77
3.5838e-06,2.3892e-07,2.6822e+25,-8.3471,-1.7303,272.22
3.5838e-06,7.1675e-07,2.6851e+25,-9.0687,-1.4179,271.81
3.5838e-06,1.1946e-06,2.6929e+25,-7.6059,-1.3496,271.87
3.5838e-06,1.6724e-06,2.689e+25,-7.0755,-1.2939,271.79
3.5838e-06,2.1502e-06,2.6863e+25,-7.3509,-1.2562,272.22
3.5838e-06,2.6281e-06,2.6795e+25,-6.4642,-0.7024,272.25
3.5838e-06,3.1059e-06,2.6767e+25,-6.6637,-0.075029,272.84
3.5838e-06,3.5838e-06,2.6755e+25,-6.6302,0.31822,272.87
3.5838e-06,4.0616e-06,2.6883e+25,-6.7041,0.56014,272.14
3.5838e-06,4.5394e-06,2.6834e+25,-6.2044,1.2801,272.33
3.5838e-06,5.0173e-06,2.6833e+25,-4.9862,1.4917,272.19
3.5838e-06,5.4951e-06,2.6948e+25,-4.4712,1.3578,271.79
3.5838e-06,5.9729e-06,2.6836e+25,-4.8383,1.0161,271.25
3.5838e-06,6.4508e-06,2.6927e+25,-4.8478,0.82435,271.9
3.5838e-06,6.9286e-06,2.6868e+25,-3.6842,0.64838,272.23
3.5838e-06,7.4064e-06,2.6797e+25,-1.1988,0.26707,272.33
3.5838e-06,7.8842e-06,2.6831e+25,0.65307,0.12307,271.67
3.5838e-06,8.3621e-06,2.6968e+25,1.1465,0.096399,271.35
3.5838e-06,8.8399e-06,2.7067e+25,1.7049,-0.060375,270.71
3.5838e-06,9.3178e-06,2.6904e+25,1.6207,-0.076393,271.32
3.5838e-06,9.7956e-06,2.6948e+25,2.6916,-0.030248,271.05
3.5838e-06,1.0273e-05,2.6896e+25,3.496,0.091604,271.33
3.5838e-06,1.0751e-05,2.6914e+25,4.5865,-0.1954,271.76
3.5838e-06,1.1229e-05,2.6796e+25,5.7607,-0.49527,272.25
3.5838e-06,1.1707e-05,2.6856e+25,8.4848,-1.4429,271.69
3.5838e-06,1.2185e-05,2.6897e+25,10.104,-1.5745,271.63
3.5838e-06,1.2663e-05,2.6867e+25,11.439,-0.79908,272.03
3.5838e-06,1.314e-05,2.6902e+25,13.468,0.070184,271.21
3.5838e-06,1.3618e-05,2.7033e+25,15.425,-0.2499,270.59
3.5838e-06,1.4096e-05,2.6975e+25,17.645,-0.27061,271.21
3.5838e-06,1.4574e-05,2.6802e+25,19.72,0.074719,272.3
3.5838e-06,1.5052e-05,2.6903e+25,21.65,0.34217,271.93
3.5838e-06,1.553e-05,2.6732e+25,24.433,0.98531,272.8
3.5838e-06,1.6007e-05,2.6661e+25,27.093,1.0088,273.73
3.5838e-06,1.6485e-05,2.6753e+25,29.151,0.036628,273.29
3.5838e-06,1.6963e-05,2.6763e+25,32.159,-0.20364,273.46
4.0616e-06,-1.6963e-05,2.6807e+25,-1.2684,-0.053503,272.25
4.0616e-06,-1.6485e-05,2.678e+25,-1.0967,-0.98671,273.19
4.0616e-06,-1.6007e-05,2.6838e+25,-2.2408,-1.312,272.77
4.0616e-06,-1.553e-05,2.6892e+25,-2.7597,-1.0388,272.2
4.0616e-06,-1.5052e-05,2.6948e+25,-2.5233,-0.85525,271.56
4.0616e-06,-1.4574e-05,2.6928e+25,-2.8229,-0.62884,271.4
4.0616e-06,-1.4096e-05,2.7031e+25,-2.8852,-0.27536,271.42
4.0616e-06,-1.3618e-05,2.7114e+25,-3.117,-0.61024,270.47
4.0616e-06,-1.314e-05,2.7115e+25,-2.3526,-1.065,270.81
4.0616e-06,-1.2663e-05,2.7173e+25,-2.3824,-0.23944,270.08
4.0616e-06,-1.2185e-05,2.7156e+25,-2.1694,0.3568,270.22
4.0616e-06,-1.1707e-05,2.7142e+25,-0.48454,0.7121,270.7
4.0616e-06,-1.1229e-05,2.715e+25,-1.8847,0.77812,270.51
4.0616e-06,-1.0751e-05,2.6998e+25,-2.4893,0.70949,271.27
4.0616e-06,-1.0273e-05,2.6927e+25,-3.4023,1.0898,271.44
4.0616e-06,-9.7956e-06,2.705e+25,-4.2204,0.58843,270.93
4.0616e-06,-9.3178e-06,2.7038e+25,-3.7767,0.39659,271.08
4.0616e-06,-8.8399e-06,2.6996e+25,-4.3537,-0.41482,271.33
4.0616e-06,-8.3621e-06,2.7045e+25,-4.7883,-0.12595,270.5
4.0616e-06,-7.8842e-06,2.6939e+25,-4.3304,-0.15757,271.44
4.0616e-06,-7.4064e-06,2.6861e+25,-3.7075,-0.70515,271.53
4.0616e-06,-6.9286e-06,2.6861e+25,-3.2922,-1.3646,272.06
4.0616e-06,-6.4508e-06,2.7032e+25,-2.8785,-1.4558,270.34
4.0616e-06,-5.9729e-06,2.699e+25,-2.5538,-1.2131,271.05
4.0616e-06,-5.4951e-06,2.6949e+25,-2.7561,-1.6403,271.43
4.0616e-06,-5.0173e-06,2.6848e+25,-4.5289,-1.7888,272.68
4.0616e-06,-4.5394e-06,2.6849e+25,-4.938,-1.5472,272.47
4.0616e-06,-4.0616e-06,2.6893e+25,-6.4745,-1.6955,271.95
4.0616e-06,-3.5838e-06,2.6972e+25,-6.7576,-1.8926,271.48
4.0616e-06,-3.1059e-06,2.6966e+25,-8.1241,-2.1943,271.03
4.0616e-06,-2.6281e-06,2.6934e+25,-9.2099,-1.9544,271.26
4.0616e-06,-2.1502e-06,2.6874e+25,-8.5045,-1.8608,272.45
4.0616e-06,-1.6724e-06,2.6976e+25,-8.721,-1.5723,271.92
4.0616e-06,-1.1946e-06,2.6926e+25,-9.7246,-1.616,271.84
4.0616e-06,-7.1675e-07,2.6814e+25,-8.8988,-1.5089,272.88
4.0616e-06,-2.3892e-07,2.6789e+25,-8.0815,-1.9194,272.74
4.0616e-06,2.3892e-07,2.6819e+25,-8.5275,-2.0111,271.77
4.0616e-06,7.1675e-07,2.691e+25,-9.0948,-1.7664,271.26
4.0616e-06,1.1946e-06,2.6912e+25,-7.7984,-2.0316,272.12
4.0616e-06,1.6724e-06,2.6902e+25,-6.841,-2.0503,271.58
4.0616e-06,2.1502e-06,2.6946e+25,-7.9705,-1.569,271.42
4.0616e-06,2.6281e-06,2.6819e+25,-7.0601,-1.0158,272.96
4.0616e-06,3.1059e-06,2.6823e+25,-7.3384,-0.43972,272.39
4.0616e-06,3.5838e-06,2.6783e+25,-6.6373,-0.31305,272.91
4.0616e-06,4.0616e-06,2.6792e+25,-7.2073,-0.30594,272.09
4.0616e-06,4.5394e-06,2.6897e+25,-6.3277,0.097738,272.1
4.0616e-06,5.0173e-06,2.6858e+25,-5.3021,0.13601,271.17
4.0616e-06,5.4951e-06,2.6897e+25,-4.549,0.5734,272.12
4.0616e-06,5.9729e-06,2.6864e+25,-4.5915,0.7818,271.9
4.0616e-06,6.4508e-06,2.6976e+25,-4.3699,0.34428,271.64
4.0616e-06,6.9286e-06,2.6828e+25,-3.2086,-0.3011,272.61
4.0616e-06,7.4064e-06,2.6865e+25,-1.2349,-0.35257,272.5
4.0616e-06,7.8842e-06,2.6835e+25,0.40584,0.086375,272.31
4.0616e-06,8.3621e-06,2.7023e+25,1.2783,0.27024,271.45
4.0616e-06,8.8399e-06,2.6974e+25,1.6281,0.47872,270.2
4.0616e-06,9.3178e-06,2.6873e+25,1.9749,0.17484,271.78
4.0616e-06,9.7956e-06,2.6904e+25,2.7089,-0.55168,271.76
4.0616e-06,1.0273e-05,2.6802e+25,3.5933,-0.63949,272.02
4.0616e-06,1.0751e-05,2.6823e+25,4.4976,-0.38364,272.38
4.0616e-06,1.1229e-05,2.6835e+25,6.8106,-0.28429,272.41
4.0616e-06,1.1707e-05,2.6925e+25,8.6506,-0.98488,271.67
4.0616e-06,1.2185e-05,2.687e+25,9.9189,-0.56046,272.01
4.0616e-06,1.2663e-05,2.6834e+25,10.625,-0.23881,272.12
4.0616e-06,1.314e-05,2.6861e+25,13.162,-0.069557,271.77
4.0616e-06,1.3618e-05,2.6907e+25,15.834,0.082898,271.16
4.0616e-06,1.4096e-05,2.6852e+25,17.812,-0.17999,271.83
4.0616e-06,1.4574e-05,2.6928e+25,18.993,0.15059,271.65
4.0616e-06,1.5052e-05,2.6932e+25,21.131,1.0314,271.67
4.0616e-06,1.553e-05,2.6905e+25,23.966,1.3155,271.87
4.0616e-06,1.6007e-05,2.6819e+25,26.846,1.884,272.67
4.0616e-06,1.6485e-05,2.682e+25,30.025,1.309,273.01
4.0616e-06,1.6963e-05,2.685e+25,32.41,0.34265,273.23
4.5394e-06,-1.6963e-05,2.689e+25,-0.48017,-0.3375,272.08
4.5394e-06,-1.6485e-05,2.6731e+25,-0.37923,-0.83763,273.92
4.5394e-06,-1.6007e-05,2.6776e+25,-2.3386,-1.1174,272.97
4.5394e-06,-1.553e-05,2.6957e+25,-2.9385,-1.0351,271.93
4.5394e-06,-1.5052e-05,2.6953e+25,-2.6087,-0.70501,271.83
4.5394e-06,-1.4574e-05,2.7018e+25,-3.2143,-0.51495,271.61
4.5394e-06,-1.4096e-05,2.7052e+25,-2.9704,-0.59473,270.78
4.5394e-06,-1.3618e-05,2.704e+25,-2.1248,-1.2476,270.95
4.5394e-06,-1.314e-05,2.7052e+25,-2.5233,-1.5119,271.07
4.5394e-06,-1.2663e-05,2.7038e+25,-3.2852,-1.2196,270.63
4.5394e-06,-1.2185e-05,2.7048e+25,-2.4236,-0.82124,270.38
4.5394e-06,-1.1707e-05,2.6966e+25,-1.4435,-0.018534,271.56
4.5394e-06,-1.1229e-05,2.6944e+25,-2.1692,0.82062,271.49
4.5394e-06,-1.0751e-05,2.6916e+25,-2.9164,1.654,272.27
4.5394e-06,-1.0273e-05,2.6905e+25,-2.9525,1.2113,272.2
4.5394e-06,-9.7956e-06,2.6952e+25,-3.2954,0.68851,271.67
4.5394e-06,-9.3178e-06,2.7018e+25,-3.7397,-0.0041105,271.06
4.5394e-06,-8.8399e-06,2.6899e+25,-3.9668,-0.13389,271.53
4.5394e-06,-8.3621e-06,2.6914e+25,-4.2771,-1.0692,272.01
4.5394e-06,-7.8842e-06,2.6964e+25,-4.0496,-1.6923,271.8
4.5394e-06,-7.4064e-06,2.6954e+25,-3.7017,-1.6355,271.51
4.5394e-06,-6.9286e-06,2.6956e+25,-2.7664,-1.6776,271.76
4.5394e-06,-6.4508e-06,2.701e+25,-2.8041,-2.0876,271.31
4.5394e-06,-5.9729e-06,2.697e+25,-2.8933,-2.0272,271.17
4.5394e-06,-5.4951e-06,2.7002e+25,-2.5703,-1.656,271.13
4.5394e-06,-5.0173e-06,2.6858e+25,-4.4538,-1.6434,271.9
4.5394e-06,-4.5394e-06,2.6946e+25,-5.0624,-1.851,271.44
4.5394e-06,-4.0616e-06,2.6957e+25,-5.9695,-2.066,271.64
4.5394e-06,-3.5838e-06,2.6966e+25,-6.696,-2.3399,270.93
4.5394e-06,-3.1059e-06,2.7043e+25,-8.1246,-2.1429,271.18
4.5394e-06,-2.6281e-06,2.6991e+25,-9.3941,-2.1182,270.99
4.5394e-06,-2.1502e-06,2.6994e+25,-8.7878,-1.5999,271.52
4.5394e-06,-1.6724e-06,2.6839e+25,-8.79,-1.6642,272.44
4.5394e-06,-1.1946e-06,2.6927e+25,-9.5773,-1.7404,271.62
4.5394e-06,-7.1675e-07,2.678e+25,-8.6138,-2.142,271.86
4.5394e-06,-2.3892e-07,2.6674e+25,-8.1953,-1.9299,272.8
4.5394e-06,2.3892e-07,2.6801e+25,-8.5383,-1.7023,272.26
4.5394e-06,7.1675e-07,2.6932e+25,-8.8926,-2.0782,271.83
4.5394e-06,1.1946e-06,2.6879e+25,-8.0425,-2.1384,272.39
4.5394e-06,1.6724e-06,2.6802e+25,-7.478,-1.1021,272.06
4.5394e-06,2.1502e-06,2.6947e+25,-8.0732,-0.9705,271.57
4.5394e-06,2.6281e-06,2.6876e+25,-7.0323,-1.6568,272.2
4.5394e-06,3.1059e-06,2.677e+25,-7.5048,-1.9234,272.19
4.5394e-06,3.5838e-06,2.6842e+25,-6.8807,-1.6095,272.76
4.5394e-06,4.0616e-06,2.6753e+25,-7.4167,-0.93006,272.43
4.5394e-06,4.5394e-06,2.6994e+25,-6.5187,-1.0047,270.93
4.5394e-06,5.0173e-06,2.6953e+25,-5.4401,-0.63754,271.47
4.5394e-06,5.4951e-06,2.6832e+25,-4.8861,-0.56714,272.13
4.5394e-06,5.9729e-06,2.6788e+25,-4.5811,-0.5105,272.48
4.5394e-06,6.4508e-06,2.6818e+25,-3.4201,-0.9516,272.62
4.5394e-06,6.9286e-06,2.6788e+25,-3.2093,-1.2978,272.5
4.5394e-06,7.4064e-06,2.6674e+25,-1.118,-1.4903,273.29
4.5394e-06,7.8842e-06,2.6788e+25,-0.056942,-1.2872,272.64
4.5394e-06,8.3621e-06,2.6905e+25,0.99026,-0.77466,271.77
4.5394e-06,8.8399e-06,2.6973e+25,1.3568,0.019176,270.43
4.5394e-06,9.3178e-06,2.6886e+25,2.607,-0.11644,271.44
4.5394e-06,9.7956e-06,2.6837e+25,3.6018,-0.86935,272.14
4.5394e-06,1.0273e-05,2.684e+25,3.5595,-1.585,272.38
4.5394e-06,1.0751e-05,2.6933e+25,3.9619,-1.5011,271.32
4.5394e-06,1.1229e-05,2.6912e+25,6.4991,-0.97889,271.26
4.5394e-06,1.1707e-05,2.6895e+25,8.5595,-0.1541,271.49
4.5394e-06,1.2185e-05,2.6901e+25,8.9911,0.74673,271.85
4.5394e-06,1.2663e-05,2.6899e+25,11.258,0.49627,272.09
4.5394e-06,1.314e-05,2.694e+25,13.13,-0.31698,271.84
4.5394e-06,1.3618e-05,2.6937e+25,15.469,-0.15357,271.29
4.5394e-06,1.4096e-05,2.685e+25,17.882,0.055695,272.14
4.5394e-06,1.4574e-05,2.6834e+25,18.795,0.13926,272.12
4.5394e-06,1.5052e-05,2.6879e+25,20.871,-0.024288,272.32
4.5394e-06,1.553e-05,2.69e+25,22.933,0.47989,271.9
4.5394e-06,1.6007e-05,2.6939e+25,26.844,0.97052,271.81
4.5394e-06,1.6485e-05,2.6865e+25,30.697,0.76714,272.53
4.5394e-06,1.6963e-05,2.6739e+25,33.203,0.20208,273.52
5.0173e-06,-1.6963e-05,2.6856e+25,-0.31887,-0.097298,272.52
5.0173e-06,-1.6485e-05,2.6781e+25,-0.35918,0.27284,273.27
5.0173e-06,-1.6007e-05,2.6772e+25,-1.7081,-0.33944,273.3
5.0173e-06,-1.553e-05,2.6816e+25,-3.1649,-0.59309,272.24
5.0173e-06,-1.5052e-05,2.6803e+25,-3.113,-0.29953,272.13
5.0173e-06,-1.4574e-05,2.6914e+25,-3.2275,0.1268,271.47
5.0173e-06,-1.4096e-05,2.6996e+25,-2.8758,0.18104,270.9
5.0173e-06,-1.3618e-05,2.6998e+25,-1.5547,0.19195,271.07
5.0173e-06,-1.314e-05,2.7011e+25,-1.9536,-0.75718,270.91
5.0173e-06,-1.2663e-05,2.7015e+25,-3.0876,-1.5694,270.83
5.0173e-06,-1.2185e-05,2.699e+25,-2.7012,-1.8069,271.06
5.0173e-06,-1.1707e-05,2.6976e+25,-1.8587,-1.7298,271.87
5.0173e-06,-1.1229e-05,2.6901e+25,-3.1678,-1.1506,271.87
5.0173e-06,-1.0751e-05,2.6857e+25,-3.0995,-0.75799,271.92
5.0173e-06,-1.0273e-05,2.6888e+25,-2.7735,-0.70229,272.14
5.0173e-06,-9.7956e-06,2.685e+25,-2.939,-0.95757,272.57
5.0173e-06,-9.3178e-06,2.6909e+25,-3.034,-1.2407,272.23
5.0173e-06,-8.8399e-06,2.6834e+25,-3.8144,-1.5692,272.6
5.0173e-06,-8.3621e-06,2.6762e+25,-3.5967,-1.5699,273.44
5.0173e-06,-7.8842e-06,2.684e+25,-3.7235,-2.0863,272.27
5.0173e-06,-7.4064e-06,2.6987e+25,-3.5017,-2.9012,271.99
5.0173e-06,-6.9286e-06,2.6944e+25,-2.227,-3.2352,271.86
5.0173e-06,-6.4508e-06,2.7033e+25,-3.0638,-3.2946,271.06
5.0173e-06,-5.9729e-06,2.7056e+25,-3.123,-2.743,270.63
5.0173e-06,-5.4951e-06,2.7048e+25,-2.9316,-2.247,270.86
5.0173e-06,-5.0173e-06,2.7014e+25,-4.1191,-2.4463,271.07
5.0173e-06,-4.5394e-06,2.7061e+25,-5.1553,-2.1017,270.97
5.0173e-06,-4.0616e-06,2.7022e+25,-5.8519,-1.845,270.74
5.0173e-06,-3.5838e-06,2.7031e+25,-7.2242,-1.3757,270.56
5.0173e-06,-3.1059e-06,2.7017e+25,-8.1064,-1.2001,270.65
5.0173e-06,-2.6281e-06,2.6894e+25,-9.3626,-1.2899,271.8
5.0173e-06,-2.1502e-06,2.6966e+25,-8.8055,-1.7407,271.6
5.0173e-06,-1.6724e-06,2.6891e+25,-8.6574,-1.7377,271.81
5.0173e-06,-1.1946e-06,2.6889e+25,-9.416,-2.003,271.77
5.0173e-06,-7.1675e-07,2.684e+25,-8.6566,-1.9172,272.69
5.0173e-06,-2.3892e-07,2.679e+25,-8.7754,-1.2548,273.13
5.0173e-06,2.3892e-07,2.6799e+25,-8.2472,-1.2597,272.82
5.0173e-06,7.1675e-07,2.6919e+25,-8.4495,-1.8183,271.62
5.0173e-06,1.1946e-06,2.6769e+25,-8.3894,-1.9368,272.05
5.0173e-06,1.6724e-06,2.6849e+25,-7.9965,-1.7581,271.68
5.0173e-06,2.1502e-06,2.6883e+25,-7.2537,-2.2033,271.99
5.0173e-06,2.6281e-06,2.6891e+25,-6.7915,-2.3986,272.85
5.0173e-06,3.1059e-06,2.6693e+25,-7.5363,-2.681,273.2
5.0173e-06,3.5838e-06,2.6709e+25,-7.5742,-2.4663,273.62
5.0173e-06,4.0616e-06,2.681e+25,-7.1356,-2.3159,272.84
5.0173e-06,4.5394e-06,2.6915e+25,-6.9792,-2.2461,271.55
5.0173e-06,5.0173e-06,2.6893e+25,-5.6754,-1.9206,271.13
5.0173e-06,5.4951e-06,2.6865e+25,-5.1563,-1.7432,272.25
5.0173e-06,5.9729e-06,2.6855e+25,-4.3985,-1.3099,272
5.0173e-06,6.4508e-06,2.6914e+25,-3.3909,-1.3549,272.03
5.0173e-06,6.9286e-06,2.6817e+25,-2.7058,-1.6933,273.35
5.0173e-06,7.4064e-06,2.685e+25,-1.2224,-1.9162,272.45
5.0173e-06,7.8842e-06,2.681e+25,-0.77258,-1.3663,272.28
5.0173e-06,8.3621e-06,2.6842e+25,0.58475,-1.0962,272.34
5.0173e-06,8.8399e-06,2.6972e+25,1.1714,-1.1395,270.82
5.0173e-06,9.3178e-06,2.6932e+25,3.128,-1.3114,271.24
5.0173e-06,9.7956e-06,2.6831e+25,3.7284,-1.5962,271.92
5.0173e-06,1.0273e-05,2.671e+25,4.2126,-1.6875,272.78
5.0173e-06,1.0751e-05,2.6843e+25,3.7383,-1.8867,271.59
5.0173e-06,1.1229e-05,2.6888e+25,5.8216,-1.4739,271.28
5.0173e-06,1.1707e-05,2.7006e+25,7.7738,-0.87666,271.02
5.0173e-06,1.2185e-05,2.6898e+25,8.7817,-0.71926,272.03
5.0173e-06,1.2663e-05,2.6871e+25,11.772,-0.67926,272.05
5.0173e-06,1.314e-05,2.6882e+25,13.194,-0.43637,271.68
5.0173e-06,1.3618e-05,2.6876e+25,15.39,-0.44927,271.76
5.0173e-06,1.4096e-05,2.6936e+25,17.371,-0.11947,271.58
5.0173e-06,1.4574e-05,2.6863e+25,18.856,0.4886,272.02
5.0173e-06,1.5052e-05,2.6879e+25,20.854,0.36554,271.76
5.0173e-06,1.553e-05,2.6877e+25,22.784,0.3008,272.06
5.0173e-06,1.6007e-05,2.6783e+25,27.234,-0.24125,273.07
5.0173e-06,1.6485e-05,2.6912e+25,30.724,-0.33906,272.6
5.0173e-06,1.6963e-05,2.6743e+25,33.451,-0.19924,273.15
5.4951e-06,-1.6963e-05,2.673e+25,-0.60309,0.16653,273.19
5.4951e-06,-1.6485e-05,2.6813e+25,-0.59477,0.48917,272.91
5.4951e-06,-1.6007e-05,2.698e+25,-1.4784,0.82618,272.05
5.4951e-06,-1.553e-05,2.6962e+25,-3.1409,0.77819,271.13
5.4951e-06,-1.5052e-05,2.6981e+25,-2.9153,0.25405,271.37
5.4951e-06,-1.4574e-05,2.7058e+25,-2.8369,-0.31946,270.62
5.4951e-06,-1.4096e-05,2.6936e+25,-2.6954,-1.214,271.66
5.4951e-06,-1.3618e-05,2.6992e+25,-1.5245,-1.1193,271.02
5.4951e-06,-1.314e-05,2.7021e+25,-1.6347,-0.55894,271.24
5.4951e-06,-1.2663e-05,2.6991e+25,-2.5724,-0.85406,270.7
5.4951e-06,-1.2185e-05,2.6977e+25,-2.4547,-1.4367,271.48
5.4951e-06,-1.1707e-05,2.6972e+25,-2.3405,-1.5767,271.89
5.4951e-06,-1.1229e-05,2.6834e+25,-3.3106,-1.446,272.61
5.4951e-06,-1.0751e-05,2.6821e+25,-3.1208,-1.8497,272.57
5.4951e-06,-1.0273e-05,2.678e+25,-2.7566,-1.6911,273.03
5.4951e-06,-9.7956e-06,2.6819e+25,-2.7203,-1.5514,272.81
5.4951e-06,-9.3178e-06,2.6848e+25,-2.597,-1.874,272.59
5.4951e-06,-8.8399e-06,2.6692e+25,-3.7839,-2.5265,273.56
5.4951e-06,-8.3621e-06,2.6836e+25,-3.3804,-2.6867,273.02
5.4951e-06,-7.8842e-06,2.6886e+25,-2.9384,-2.8738,272.45
5.4951e-06,-7.4064e-06,2.7059e+25,-2.9138,-3.5783,271.51
5.4951e-06,-6.9286e-06,2.693e+25,-2.5607,-3.6064,271.62
5.4951e-06,-6.4508e-06,2.6991e+25,-3.5027,-2.608,271.16
5.4951e-06,-5.9729e-06,2.6927e+25,-3.5676,-2.6442,271.36
5.4951e-06,-5.4951e-06,2.7003e+25,-3.086,-2.5793,271.65
5.4951e-06,-5.0173e-06,2.6986e+25,-4.4742,-1.9381,271.2
5.4951e-06,-4.5394e-06,2.6915e+25,-5.8075,-1.596,272.06
5.4951e-06,-4.0616e-06,2.6926e+25,-5.6848,-1.6414,270.92
5.4951e-06,-3.5838e-06,2.7043e+25,-7.409,-1.8868,271.01
5.4951e-06,-3.1059e-06,2.7019e+25,-7.8206,-2.01,271.4
5.4951e-06,-2.6281e-06,2.6907e+25,-9.0937,-2.3683,271.94
5.4951e-06,-2.1502e-06,2.6911e+25,-9.0805,-1.9514,271.94
5.4951e-06,-1.6724e-06,2.7013e+25,-8.8426,-1.7364,270.91
5.4951e-06,-1.1946e-06,2.6858e+25,-9.0989,-1.5139,272.38
5.4951e-06,-7.1675e-07,2.6904e+25,-8.8717,-1.4825,272.64
5.4951e-06,-2.3892e-07,2.6967e+25,-9.0209,-1.3927,271.99
5.4951e-06,2.3892e-07,2.6922e+25,-8.1916,-1.6186,271.66
5.4951e-06,7.1675e-07,2.69e+25,-7.7741,-1.9131,271.91
5.4951e-06,1.1946e-06,2.6905e+25,-8.2077,-2.1194,271.94
5.4951e-06,1.6724e-06,2.6958e+25,-8.2512,-2.3098,271.86
5.4951e-06,2.1502e-06,2.6806e+25,-6.7353,-2.4956,272.28
5.4951e-06,2.6281e-06,2.6742e+25,-6.3883,-3.05,272.66
5.4951e-06,3.1059e-06,2.6732e+25,-7.4787,-3.1006,273.18
5.4951e-06,3.5838e-06,2.6719e+25,-7.7995,-3.457,273.61
5.4951e-06,4.0616e-06,2.6778e+25,-7.2615,-3.1416,272.79
5.4951e-06,4.5394e-06,2.6846e+25,-7.1999,-3.2392,272.08
5.4951e-06,5.0173e-06,2.6913e+25,-5.4745,-3.1712,271.52
5.4951e-06,5.4951e-06,2.6935e+25,-5.8541,-2.7051,271.74
5.4951e-06,5.9729e-06,2.6764e+25,-4.5907,-2.1907,272.71
5.4951e-06,6.4508e-06,2.6744e+25,-3.1672,-2.3185,273.39
5.4951e-06,6.9286e-06,2.6761e+25,-2.2622,-2.4928,272.89
5.4951e-06,7.4064e-06,2.6797e+25,-1.4181,-2.6214,272.59
5.4951e-06,7.8842e-06,2.6766e+25,-0.7599,-2.8756,272.58
5.4951e-06,8.3621e-06,2.6773e+25,0.064606,-2.5951,272.88
5.4951e-06,8.8399e-06,2.6792e+25,1.5596,-2.5701,272.11
5.4951e-06,9.3178e-06,2.6943e+25,2.9923,-2.3878,271.28
5.4951e-06,9.7956e-06,2.6968e+25,3.6766,-1.9326,271
5.4951e-06,1.0273e-05,2.6866e+25,4.0128,-1.5529,271.56
5.4951e-06,1.0751e-05,2.6983e+25,3.9714,-1.479,270.91
5.4951e-06,1.1229e-05,2.6967e+25,5.4894,-1.6208,270.88
5.4951e-06,1.1707e-05,2.7007e+25,7.2246,-0.90825,271.27
5.4951e-06,1.2185e-05,2.6888e+25,8.8834,-0.88223,271.86
5.4951e-06,1.2663e-05,2.6885e+25,11.235,-0.56334,271.95
5.4951e-06,1.314e-05,2.6911e+25,13.235,-0.44717,272.38
5.4951e-06,1.3618e-05,2.6909e+25,15.559,-0.59789,272.13
5.4951e-06,1.4096e-05,2.686e+25,16.799,-0.41898,271.59
5.4951e-06,1.4574e-05,2.6992e+25,18.79,-0.65721,270.58
5.4951e-06,1.5052e-05,2.6985e+25,20.906,-0.40725,271.59
5.4951e-06,1.553e-05,2.6828e+25,23.062,-0.68845,272.76
5.4951e-06,1.6007e-05,2.6803e+25,27.368,-0.828,272.72
5.4951e-06,1.6485e-05,2.6818e+25,30.603,-0.55077,273.35
5.4951e-06,1.6963e-05,2.673e+25,33.1,-0.0059654,273.3
5.9729e-06,-1.6963e-05,2.6877e+25,-0.58294,-0.31135,272.55
5.9729e-06,-1.6485e-05,2.6764e+25,-0.93688,0.0098449,272.82
5.9729e-06,-1.6007e-05,2.6926e+25,-1.5674,0.16151,272.26
5.9729e-06,-1.553e-05,2.6929e+25,-2.8558,0.019861,271.59
5.9729e-06,-1.5052e-05,2.7047e+25,-2.2294,-0.44022,271.06
5.9729e-06,-1.4574e-05,2.7045e+25,-2.4037,-1.0795,270.51
5.9729e-06,-1.4096e-05,2.6998e+25,-2.2229,-0.90304,271.16
5.9729e-06,-1.3618e-05,2.702e+25,-1.9762,-1.219,270.61
5.9729e-06,-1.314e-05,2.7049e+25,-1.7311,-1.1104,271.15
5.9729e-06,-1.2663e-05,2.7059e+25,-2.1081,-1.0731,270.59
5.9729e-06,-1.2185e-05,2.6907e+25,-2.7339,-0.61225,271.39
5.9729e-06,-1.1707e-05,2.6892e+25,-2.2719,-0.17007,272.36
5.9729e-06,-1.1229e-05,2.6828e+25,-2.6177,-0.72372,273.02
5.9729e-06,-1.0751e-05,2.6785e+25,-2.8394,-1.5429,272.76
5.9729e-06,-1.0273e-05,2.6836e+25,-2.9521,-1.4288,272.87
5.9729e-06,-9.7956e-06,2.6776e+25,-2.547,-2.1527,273.02
5.9729e-06,-9.3178e-06,2.6771e+25,-1.8739,-2.8319,272.77
5.9729e-06,-8.8399e-06,2.686e+25,-3.1592,-3.3404,272.53
5.9729e-06,-8.3621e-06,2.6873e+25,-3.6333,-3.9683,272.74
5.9729e-06,-7.8842e-06,2.6907e+25,-3.1096,-3.6026,271.92
5.9729e-06,-7.4064e-06,2.6888e+25,-2.5682,-3.0688,272.04
5.9729e-06,-6.9286e-06,2.7012e+25,-2.9946,-2.911,271.4
5.9729e-06,-6.4508e-06,2.7001e+25,-4.1118,-2.2642,270.73
5.9729e-06,-5.9729e-06,2.6986e+25,-3.0753,-2.1385,270.92
5.9729e-06,-5.4951e-06,2.6938e+25,-3.6194,-2.0895,271.43
5.9729e-06,-5.0173e-06,2.6897e+25,-4.5688,-1.859,271.67
5.9729e-06,-4.5394e-06,2.6884e+25,-5.2991,-2.3756,272.17
5.9729e-06,-4.0616e-06,2.6941e+25,-5.7139,-3.0385,271.71
5.9729e-06,-3.5838e-06,2.6949e+25,-7.2963,-3.0071,270.98
5.9729e-06,-3.1059e-06,2.6843e+25,-8.3332,-2.5712,271.92
5.9729e-06,-2.6281e-06,2.6753e+25,-9.1035,-1.9264,273.16
5.9729e-06,-2.1502e-06,2.688e+25,-9.2445,-2.3384,272.28
5.9729e-06,-1.6724e-06,2.6979e+25,-8.9467,-1.999,271.91
5.9729e-06,-1.1946e-06,2.6973e+25,-9.3289,-1.8817,271.94
5.9729e-06,-7.1675e-07,2.6981e+25,-9.3815,-1.5093,271.24
5.9729e-06,-2.3892e-07,2.6925e+25,-8.5793,-1.6034,271.54
5.9729e-06,2.3892e-07,2.6837e+25,-7.5594,-2.2035,272.4
5.9729e-06,7.1675e-07,2.7003e+25,-7.7544,-2.5333,271.76
5.9729e-06,1.1946e-06,2.6873e+25,-8.121,-2.5269,272.31
5.9729e-06,1.6724e-06,2.6947e+25,-7.728,-2.8827,271.61
5.9729e-06,2.1502e-06,2.6794e+25,-6.0405,-3.5778,272.28
5.9729e-06,2.6281e-06,2.6745e+25,-6.8865,-3.4974,273.44
5.9729e-06,3.1059e-06,2.6802e+25,-6.9402,-3.6279,272.94
5.9729e-06,3.5838e-06,2.6757e+25,-7.5049,-3.6855,273.14
5.9729e-06,4.0616e-06,2.6805e+25,-7.0593,-4.4622,272.92
5.9729e-06,4.5394e-06,2.6851e+25,-7.0673,-5.1105,272.05
5.9729e-06,5.0173e-06,2.6981e+25,-6.1233,-4.6646,271.81
5.9729e-06,5.4951e-06,2.6914e+25,-5.7534,-4.5391,271.59
5.9729e-06,5.9729e-06,2.6929e+25,-4.7969,-5.0505,271.61
5.9729e-06,6.4508e-06,2.6743e+25,-3.3574,-4.7713,273.12
5.9729e-06,6.9286e-06,2.681e+25,-2.0464,-4.3968,273.06
5.9729e-06,7.4064e-06,2.683e+25,-1.1829,-4.6626,272.86
5.9729e-06,7.8842e-06,2.6818e+25,-0.8935,-4.297,272.65
5.9729e-06,8.3621e-06,2.683e+25,0.088747,-4.2562,272.27
5.9729e-06,8.8399e-06,2.6919e+25,1.2288,-3.9449,271.72
5.9729e-06,9.3178e-06,2.6896e+25,2.7592,-3.7178,271.74
5.9729e-06,9.7956e-06,2.6848e+25,3.3146,-3.4946,271.78
5.9729e-06,1.0273e-05,2.695e+25,3.7632,-3.2091,271.15
5.9729e-06,1.0751e-05,2.7094e+25,3.8485,-3.0743,270.38
5.9729e-06,1.1229e-05,2.702e+25,4.159,-1.9626,270.44
5.9729e-06,1.1707e-05,2.7053e+25,6.7891,-0.83133,270.35
5.9729e-06,1.2185e-05,2.6929e+25,8.8,-0.33943,271.43
5.9729e-06,1.2663e-05,2.6931e+25,10.983,-0.43232,271.84
5.9729e-06,1.314e-05,2.694e+25,13.554,-0.62133,271.96
5.9729e-06,1.3618e-05,2.6946e+25,15.07,-0.49561,271.81
5.9729e-06,1.4096e-05,2.7025e+25,16.831,0.023438,270.8
5.9729e-06,1.4574e-05,2.6948e+25,18.713,-0.20799,271
5.9729e-06,1.5052e-05,2.6897e+25,21.018,-0.38512,271.02
5.9729e-06,1.553e-05,2.6811e+25,23.62,-0.43163,271.93
5.9729e-06,1.6007e-05,2.6926e+25,27.124,-0.58825,272.48
5.9729e-06,1.6485e-05,2.6722e+25,30.526,-0.78627,273.42
5.9729e-06,1.6963e-05,2.6758e+25,32.441,-0.31543,273.06
6.4508e-06,-1.6963e-05,2.6832e+25,-0.71479,0.43938,272.66
6.4508e-06,-1.6485e-05,2.687e+25,-1.5364,0.55286,272.45
6.4508e-06,-1.6007e-05,2.7052e+25,-1.312,0.91537,271.65
6.4508e-06,-1.553e-05,2.7005e+25,-2.2856,0.38525,271.15
6.4508e-06,-1.5052e-05,2.7118e+25,-1.6623,-0.23131,270.84
6.4508e-06,-1.4574e-05,2.7066e+25,-2.2066,-0.40387,270.45
6.4508e-06,-1.4096e-05,2.6972e+25,-2.4558,-0.11062,271.09
6.4508e-06,-1.3618e-05,2.6982e+25,-2.0469,0.1516,270.7
6.4508e-06,-1.314e-05,2.6963e+25,-1.8638,0.27597,271.35
6.4508e-06,-1.2663e-05,2.6925e+25,-2.351,0.68884,271.55
6.4508e-06,-1.2185e-05,2.6918e+25,-3.1029,0.65189,271.6
6.4508e-06,-1.1707e-05,2.6878e+25,-2.6051,0.942,272.18
6.4508e-06,-1.1229e-05,2.6857e+25,-1.7684,0.94473,272.01
6.4508e-06,-1.0751e-05,2.6924e+25,-2.1684,0.054485,272.23
6.4508e-06,-1.0273e-05,2.6882e+25,-2.3195,-1.39,272.51
6.4508e-06,-9.7956e-06,2.6918e+25,-1.6143,-1.8538,272.31
6.4508e-06,-9.3178e-06,2.687e+25,-1.2271,-2.5949,272.97
6.4508e-06,-8.8399e-06,2.6853e+25,-2.4949,-3.3869,271.99
6.4508e-06,-8.3621e-06,2.698e+25,-3.4039,-3.5532,271.39
6.4508e-06,-7.8842e-06,2.6983e+25,-3.313,-3.726,271.53
6.4508e-06,-7.4064e-06,2.6949e+25,-3.0595,-3.3968,271.37
6.4508e-06,-6.9286e-06,2.7021e+25,-3.4078,-3.0376,270.94
6.4508e-06,-6.4508e-06,2.6956e+25,-4.3218,-2.9152,271.04
6.4508e-06,-5.9729e-06,2.7022e+25,-3.802,-2.2213,271.13
6.4508e-06,-5.4951e-06,2.6935e+25,-3.8428,-1.487,271.57
6.4508e-06,-5.0173e-06,2.6936e+25,-4.7108,-1.2698,271.81
6.4508e-06,-4.5394e-06,2.6909e+25,-4.7418,-1.1514,272.09
6.4508e-06,-4.0616e-06,2.6909e+25,-5.4287,-1.1888,271.46
6.4508e-06,-3.5838e-06,2.7031e+25,-6.8917,-1.8503,271.32
6.4508e-06,-3.1059e-06,2.6982e+25,-8.7871,-2.373,271.01
6.4508e-06,-2.6281e-06,2.6878e+25,-8.8887,-2.4653,271.94
6.4508e-06,-2.1502e-06,2.6972e+25,-9.0631,-2.441,271.71
6.4508e-06,-1.6724e-06,2.6931e+25,-9.5345,-2.2348,271.47
6.4508e-06,-1.1946e-06,2.6962e+25,-8.9801,-2.3546,271.28
6.4508e-06,-7.1675e-07,2.6974e+25,-9.5798,-2.5702,270.94
6.4508e-06,-2.3892e-07,2.6897e+25,-8.0213,-2.6685,271.76
6.4508e-06,2.3892e-07,2.678e+25,-7.3391,-3.1014,272.54
6.4508e-06,7.1675e-07,2.6813e+25,-7.9298,-2.9849,272.58
6.4508e-06,1.1946e-06,2.6918e+25,-8.0127,-2.9964,272.02
6.4508e-06,1.6724e-06,2.6892e+25,-7.1356,-3.412,272.69
6.4508e-06,2.1502e-06,2.6814e+25,-6.1871,-3.3847,273.02
6.4508e-06,2.6281e-06,2.6802e+25,-6.2459,-3.9408,273.03
6.4508e-06,3.1059e-06,2.6802e+25,-6.6633,-4.5652,273.31
6.4508e-06,3.5838e-06,2.6836e+25,-6.8406,-5.5413,272.76
6.4508e-06,4.0616e-06,2.69e+25,-6.3153,-6.1951,271.79
6.4508e-06,4.5394e-06,2.6919e+25,-6.6798,-6.3118,271.88
6.4508e-06,5.0173e-06,2.6858e+25,-6.5896,-6.5371,272.19
6.4508e-06,5.4951e-06,2.6926e+25,-5.493,-6.5406,270.84
6.4508e-06,5.9729e-06,2.6934e+25,-4.1315,-6.7331,271.11
6.4508e-06,6.4508e-06,2.6902e+25,-3.9323,-6.8303,272.14
6.4508e-06,6.9286e-06,2.6746e+25,-2.0669,-6.8369,273.32
6.4508e-06,7.4064e-06,2.6852e+25,-1.5285,-6.5877,272.27
6.4508e-06,7.8842e-06,2.6812e+25,-1.0923,-6.4944,272.18
6.4508e-06,8.3621e-06,2.6826e+25,0.012181,-6.2314,271.83
6.4508e-06,8.8399e-06,2.6961e+25,0.75848,-5.9025,271.1
6.4508e-06,9.3178e-06,2.6946e+25,2.1841,-5.308,271.72
6.4508e-06,9.7956e-06,2.6824e+25,3.2066,-4.9349,272.32
6.4508e-06,1.0273e-05,2.6852e+25,3.2244,-4.1403,271.57
6.4508e-06,1.0751e-05,2.7054e+25,3.4629,-3.9752,270.7
6.4508e-06,1.1229e-05,2.7048e+25,3.3456,-3.4095,270.98
6.4508e-06,1.1707e-05,2.7023e+25,5.3232,-2.3885,270.51
6.4508e-06,1.2185e-05,2.6939e+25,8.0663,-0.69699,271.43
6.4508e-06,1.2663e-05,2.6934e+25,11.023,0.39092,270.94
6.4508e-06,1.314e-05,2.6952e+25,13.885,0.32749,271.1
6.4508e-06,1.3618e-05,2.6968e+25,14.697,0.22436,271.09
6.4508e-06,1.4096e-05,2.7019e+25,16.764,0.27249,270.67
6.4508e-06,1.4574e-05,2.7104e+25,18.784,0.13633,270.33
6.4508e-06,1.5052e-05,2.6967e+25,21.141,0.19751,270.8
6.4508e-06,1.553e-05,2.6919e+25,23.742,-0.24095,271.85
6.4508e-06,1.6007e-05,2.6814e+25,27.54,-0.62728,273.28
6.4508e-06,1.6485e-05,2.6823e+25,29.788,-0.052593,273.16
6.4508e-06,1.6963e-05,2.6803e+25,32.372,0.23004,272.89
6.9286e-06,-1.6963e-05,2.6766e+25,-0.80494,-0.32662,273.01
6.9286e-06,-1.6485e-05,2.6866e+25,-1.3731,-0.54789,272.58
6.9286e-06,-1.6007e-05,2.6994e+25,-1.5196,-0.4976,271.52
6.9286e-06,-1.553e-05,2.6955e+25,-2.1396,-0.28246,271.27
6.9286e-06,-1.5052e-05,2.7046e+25,-1.5933,-0.0075018,270.94
6.9286e-06,-1.4574e-05,2.7125e+25,-2.2926,0.078163,270.9
6.9286e-06,-1.4096e-05,2.7037e+25,-2.7275,0.075147,271.09
6.9286e-06,-1.3618e-05,2.7058e+25,-2.1525,0.28132,270.56
6.9286e-06,-1.314e-05,2.7048e+25,-2.04,0.65835,271.19
6.9286e-06,-1.2663e-05,2.6946e+25,-2.7506,0.56749,271.78
6.9286e-06,-1.2185e-05,2.6941e+25,-3.0158,0.97734,271.78
6.9286e-06,-1.1707e-05,2.6967e+25,-2.7594,1.0756,271.79
6.9286e-06,-1.1229e-05,2.6816e+25,-1.3613,0.58381,272.58
6.9286e-06,-1.0751e-05,2.6826e+25,-1.1058,0.33494,272.5
6.9286e-06,-1.0273e-05,2.6818e+25,-1.3441,-0.28272,272.84
6.9286e-06,-9.7956e-06,2.6863e+25,-1.0645,-1.3339,272.71
6.9286e-06,-9.3178e-06,2.6868e+25,-0.79807,-1.7522,272.26
6.9286e-06,-8.8399e-06,2.695e+25,-1.7458,-1.811,271.94
6.9286e-06,-8.3621e-06,2.6927e+25,-3.2865,-2.6019,271.4
6.9286e-06,-7.8842e-06,2.6978e+25,-3.5568,-2.5824,271.74
6.9286e-06,-7.4064e-06,2.7002e+25,-2.9659,-2.8315,271.37
6.9286e-06,-6.9286e-06,2.6998e+25,-3.7869,-2.3828,271.64
6.9286e-06,-6.4508e-06,2.7022e+25,-4.6888,-2.187,271.02
6.9286e-06,-5.9729e-06,2.6903e+25,-4.5598,-1.6059,272.49
6.9286e-06,-5.4951e-06,2.6849e+25,-4.5081,-1.4356,272.52
6.9286e-06,-5.0173e-06,2.6874e+25,-4.8759,-0.72525,272.41
6.9286e-06,-4.5394e-06,2.693e+25,-4.7463,-0.97293,272.16
6.9286e-06,-4.0616e-06,2.6991e+25,-5.146,-1.1559,271.56
6.9286e-06,-3.5838e-06,2.7004e+25,-6.3553,-1.0119,271.49
6.9286e-06,-3.1059e-06,2.6979e+25,-8.1744,-1.8367,271.2
6.9286e-06,-2.6281e-06,2.6976e+25,-8.6553,-2.6368,271.3
6.9286e-06,-2.1502e-06,2.6996e+25,-9.0906,-2.9916,270.92
6.9286e-06,-1.6724e-06,2.6866e+25,-9.37,-2.9827,271.76
6.9286e-06,-1.1946e-06,2.6847e+25,-9.155,-3.0882,272.98
6.9286e-06,-7.1675e-07,2.6906e+25,-8.8432,-3.8129,271.66
6.9286e-06,-2.3892e-07,2.6926e+25,-8.0038,-4.3747,271.39
6.9286e-06,2.3892e-07,2.6811e+25,-7.3057,-4.2,272.32
6.9286e-06,7.1675e-07,2.6796e+25,-7.684,-4.4342,273
6.9286e-06,1.1946e-06,2.6811e+25,-7.5259,-4.9798,272.77
6.9286e-06,1.6724e-06,2.6841e+25,-6.7844,-5.7023,272.72
6.9286e-06,2.1502e-06,2.673e+25,-6.3777,-5.9843,273.8
6.9286e-06,2.6281e-06,2.6701e+25,-5.7496,-5.7021,273.78
6.9286e-06,3.1059e-06,2.6851e+25,-6.1028,-6.0945,272.65
6.9286e-06,3.5838e-06,2.6797e+25,-6.3506,-5.8744,272.48
6.9286e-06,4.0616e-06,2.6944e+25,-5.9364,-6.2825,272.13
6.9286e-06,4.5394e-06,2.6842e+25,-6.4035,-6.6145,272.13
6.9286e-06,5.0173e-06,2.6859e+25,-6.076,-7.1795,272.44
6.9286e-06,5.4951e-06,2.6953e+25,-5.0249,-8.0445,271.42
6.9286e-06,5.9729e-06,2.6879e+25,-4.0722,-8.4423,271.39
6.9286e-06,6.4508e-06,2.6862e+25,-3.9507,-8.5968,271.55
6.9286e-06,6.9286e-06,2.6871e+25,-2.4752,-8.1783,272.21
6.9286e-06,7.4064e-06,2.6824e+25,-1.7239,-7.7648,272.27
6.9286e-06,7.8842e-06,2.6934e+25,-1.2001,-7.2664,271.58
6.9286e-06,8.3621e-06,2.6902e+25,-0.47088,-7.0044,272.03
6.9286e-06,8.8399e-06,2.6892e+25,0.31822,-6.5374,271.53
6.9286e-06,9.3178e-06,2.6847e+25,2.0993,-6.3024,271.36
6.9286e-06,9.7956e-06,2.7009e+25,2.123,-5.6691,270.61
6.9286e-06,1.0273e-05,2.7002e+25,2.6865,-4.6583,270.66
6.9286e-06,1.0751e-05,2.705e+25,2.685,-3.4049,270.87
6.9286e-06,1.1229e-05,2.7103e+25,2.8044,-3.163,269.73
6.9286e-06,1.1707e-05,2.7085e+25,4.4047,-3.01,269.88
6.9286e-06,1.2185e-05,2.7072e+25,6.6233,-2.3024,269.99
6.9286e-06,1.2663e-05,2.6975e+25,10.491,-1.407,270.86
6.9286e-06,1.314e-05,2.689e+25,13.708,-0.7224,271.44
6.9286e-06,1.3618e-05,2.6935e+25,14.486,-0.12392,271.59
6.9286e-06,1.4096e-05,2.698e+25,17.157,-0.37314,271.08
6.9286e-06,1.4574e-05,2.6963e+25,18.717,-0.40376,271.03
6.9286e-06,1.5052e-05,2.7041e+25,20.894,-0.087487,270.41
6.9286e-06,1.553e-05,2.6908e+25,24.106,0.079488,271.29
6.9286e-06,1.6007e-05,2.6848e+25,27.261,0.44053,272.16
6.9286e-06,1.6485e-05,2.6693e+25,29.561,0.4039,273.67
6.9286e-06,1.6963e-05,2.6827e+25,32.753,-0.064086,273.03
7.4064e-06,-1.6963e-05,2.6792e+25,-0.38964,-0.139,272.66
7.4064e-06,-1.6485e-05,2.6964e+25,-1.2101,-0.261,271.97
7.4064e-06,-1.6007e-05,2.6815e+25,-1.8977,-0.22071,271.93
7.4064e-06,-1.553e-05,2.686e+25,-2.4224,0.086779,272.18
7.4064e-06,-1.5052e-05,2.6878e+25,-1.3215,-0.16322,271.94
7.4064e-06,-1.4574e-05,2.6943e+25,-2.664,-0.65777,272.09
7.4064e-06,-1.4096e-05,2.687e+25,-2.2072,-0.55782,271.85
7.4064e-06,-1.3618e-05,2.6927e+25,-2.8554,-0.5527,271.56
7.4064e-06,-1.314e-05,2.6946e+25,-2.3444,0.041506,271.87
7.4064e-06,-1.2663e-05,2.6845e+25,-2.7288,0.56114,272.31
7.4064e-06,-1.2185e-05,2.6836e+25,-3.0205,0.3564,272.58
7.4064e-06,-1.1707e-05,2.6787e+25,-2.6258,-0.11562,272.65
7.4064e-06,-1.1229e-05,2.679e+25,-1.367,0.13207,272.59
7.4064e-06,-1.0751e-05,2.6781e+25,-1.0621,0.24487,273.09
7.4064e-06,-1.0273e-05,2.6837e+25,-0.21362,-0.22741,273.04
7.4064e-06,-9.7956e-06,2.685e+25,-0.41673,-0.66919,272.77
7.4064e-06,-9.3178e-06,2.6836e+25,-1.2363,-0.56344,272.65
7.4064e-06,-8.8399e-06,2.6831e+25,-1.566,-0.15208,272.84
7.4064e-06,-8.3621e-06,2.6854e+25,-2.6679,0.024046,271.46
7.4064e-06,-7.8842e-06,2.683e+25,-3.231,-0.79017,272.05
7.4064e-06,-7.4064e-06,2.6902e+25,-3.3566,-0.67831,271.43
7.4064e-06,-6.9286e-06,2.7014e+25,-4.2693,-0.19792,271.04
7.4064e-06,-6.4508e-06,2.695e+25,-4.8527,0.21161,271.69
7.4064e-06,-5.9729e-06,2.6899e+25,-4.7746,-0.040598,272.21
7.4064e-06,-5.4951e-06,2.6815e+25,-4.6866,0.13731,272.22
7.4064e-06,-5.0173e-06,2.6914e+25,-4.434,-0.43715,272.12
7.4064e-06,-4.5394e-06,2.6825e+25,-4.3007,-1.1163,272.08
7.4064e-06,-4.0616e-06,2.6912e+25,-5.3012,-1.4079,271.72
7.4064e-06,-3.5838e-06,2.6967e+25,-6.1082,-1.78,271.58
7.4064e-06,-3.1059e-06,2.6941e+25,-7.3023,-2.0687,271.45
7.4064e-06,-2.6281e-06,2.6938e+25,-8.2329,-2.7145,271.97
7.4064e-06,-2.1502e-06,2.6958e+25,-9.0416,-2.5293,271.97
7.4064e-06,-1.6724e-06,2.6853e+25,-9.0903,-3.1315,272.3
7.4064e-06,-1.1946e-06,2.6846e+25,-8.5686,-4.0609,272.39
7.4064e-06,-7.1675e-07,2.6917e+25,-7.8146,-4.8346,271.69
7.4064e-06,-2.3892e-07,2.6942e+25,-8.2831,-4.9023,271.39
7.4064e-06,2.3892e-07,2.6905e+25,-7.6106,-4.537,272.33
7.4064e-06,7.1675e-07,2.6817e+25,-7.1078,-4.5897,272.51
7.4064e-06,1.1946e-06,2.6724e+25,-6.6357,-5.6791,273.63
7.4064e-06,1.6724e-06,2.686e+25,-5.8015,-6.6487,272.68
7.4064e-06,2.1502e-06,2.6807e+25,-6.3206,-7.2318,272.97
7.4064e-06,2.6281e-06,2.6837e+25,-6.0494,-7.2712,272.85
7.4064e-06,3.1059e-06,2.6836e+25,-6.119,-6.6954,272.59
7.4064e-06,3.5838e-06,2.68e+25,-6.3418,-6.9128,272.67
7.4064e-06,4.0616e-06,2.6817e+25,-5.7631,-6.8359,272.5
7.4064e-06,4.5394e-06,2.6955e+25,-5.7947,-7.0275,271.6
7.4064e-06,5.0173e-06,2.6924e+25,-5.3486,-7.943,271.45
7.4064e-06,5.4951e-06,2.6799e+25,-4.5567,-8.1931,272.15
7.4064e-06,5.9729e-06,2.6908e+25,-3.7625,-8.6879,271.7
7.4064e-06,6.4508e-06,2.6946e+25,-3.7483,-8.7404,271.29
7.4064e-06,6.9286e-06,2.6889e+25,-3.221,-8.6376,272.14
7.4064e-06,7.4064e-06,2.6915e+25,-1.8474,-8.1542,271.73
7.4064e-06,7.8842e-06,2.6964e+25,-1.6855,-7.812,270.56
7.4064e-06,8.3621e-06,2.6966e+25,-0.86107,-7.3586,271.13
7.4064e-06,8.8399e-06,2.7073e+25,-0.23199,-6.6972,270.51
7.4064e-06,9.3178e-06,2.7004e+25,1.5108,-6.2502,271.51
7.4064e-06,9.7956e-06,2.694e+25,1.3338,-5.2362,271.23
7.4064e-06,1.0273e-05,2.7112e+25,1.7959,-4.7966,270
7.4064e-06,1.0751e-05,2.6993e+25,1.9068,-4.4217,270.46
7.4064e-06,1.1229e-05,2.7109e+25,3.2733,-4.089,269.9
7.4064e-06,1.1707e-05,2.7079e+25,3.9534,-4.2268,270.18
7.4064e-06,1.2185e-05,2.6998e+25,6.1695,-4.0912,270.3
7.4064e-06,1.2663e-05,2.7051e+25,9.3436,-3.524,270.49
7.4064e-06,1.314e-05,2.6924e+25,12.829,-2.8559,271.02
7.4064e-06,1.3618e-05,2.6963e+25,14.856,-2.3288,270.68
7.4064e-06,1.4096e-05,2.7009e+25,16.713,-2.1235,270.8
7.4064e-06,1.4574e-05,2.6897e+25,18.745,-1.5601,271
7.4064e-06,1.5052e-05,2.6929e+25,20.189,-1.019,271.35
7.4064e-06,1.553e-05,2.6897e+25,24.013,-0.27456,271.7
7.4064e-06,1.6007e-05,2.6898e+25,26.453,0.39159,272.29
7.4064e-06,1.6485e-05,2.6876e+25,30.098,0.43988,272.53
7.4064e-06,1.6963e-05,2.6772e+25,32.784,0.14926,273.11
7.8842e-06,-1.6963e-05,2.6939e+25,-0.58217,0.20855,272.42
7.8842e-06,-1.6485e-05,2.6958e+25,-0.92513,0.26897,271.54
7.8842e-06,-1.6007e-05,2.6946e+25,-1.9699,-0.11067,271.47
7.8842e-06,-1.553e-05,2.6907e+25,-2.0294,-0.38443,272.11
7.8842e-06,-1.5052e-05,2.6931e+25,-1.1712,-0.58373,272.75
7.8842e-06,-1.4574e-05,2.682e+25,-2.3077,-0.57105,272.88
7.8842e-06,-1.4096e-05,2.6758e+25,-2.1699,-1.2305,273.62
7.8842e-06,-1.3618e-05,2.6932e+25,-2.8351,-1.4236,272.31
7.8842e-06,-1.314e-05,2.6906e+25,-3.0873,-1.0427,272.72
7.8842e-06,-1.2663e-05,2.6944e+25,-3.0886,-0.95403,272.28
7.8842e-06,-1.2185e-05,2.6841e+25,-2.8597,-0.28734,272.61
7.8842e-06,-1.1707e-05,2.6728e+25,-2.2439,-0.33816,273.61
7.8842e-06,-1.1229e-05,2.685e+25,-1.7471,-0.71103,272.45
7.8842e-06,-1.0751e-05,2.6785e+25,-0.6032,-0.61832,272.93
7.8842e-06,-1.0273e-05,2.6812e+25,-0.38954,-0.50701,272.85
7.8842e-06,-9.7956e-06,2.6774e+25,-0.59437,-0.12852,273.13
7.8842e-06,-9.3178e-06,2.6837e+25,-1.7731,0.58762,272.7
7.8842e-06,-8.8399e-06,2.6795e+25,-1.9307,0.76845,272.81
7.8842e-06,-8.3621e-06,2.679e+25,-2.454,0.62506,272.35
7.8842e-06,-7.8842e-06,2.6823e+25,-2.9495,0.79607,272.49
7.8842e-06,-7.4064e-06,2.6982e+25,-3.5654,0.5832,271.75
7.8842e-06,-6.9286e-06,2.6966e+25,-4.1064,0.45466,271.74
7.8842e-06,-6.4508e-06,2.697e+25,-5.0025,0.28682,271.42
7.8842e-06,-5.9729e-06,2.6978e+25,-4.2959,0.17717,271.59
7.8842e-06,-5.4951e-06,2.6941e+25,-4.5969,-0.36791,272.15
7.8842e-06,-5.0173e-06,2.6956e+25,-4.0804,0.0040711,272.35
7.8842e-06,-4.5394e-06,2.7004e+25,-3.974,0.31372,271.29
7.8842e-06,-4.0616e-06,2.6911e+25,-4.5046,-0.22947,270.92
7.8842e-06,-3.5838e-06,2.7015e+25,-5.7674,-1.046,270.8
7.8842e-06,-3.1059e-06,2.6947e+25,-6.5984,-2.0789,271.37
7.8842e-06,-2.6281e-06,2.6937e+25,-7.8409,-2.7044,272.08
7.8842e-06,-2.1502e-06,2.691e+25,-8.5293,-3.7369,271.58
7.8842e-06,-1.6724e-06,2.7022e+25,-8.0112,-4.5709,270.76
7.8842e-06,-1.1946e-06,2.6935e+25,-7.8655,-5.3553,271.39
7.8842e-06,-7.1675e-07,2.7004e+25,-7.6255,-5.3323,270.75
7.8842e-06,-2.3892e-07,2.6886e+25,-8.2228,-5.3944,271.48
7.8842e-06,2.3892e-07,2.6927e+25,-7.5575,-6.0374,271.47
7.8842e-06,7.1675e-07,2.6866e+25,-6.4015,-6.526,272.07
7.8842e-06,1.1946e-06,2.6854e+25,-5.5689,-7.221,272.39
7.8842e-06,1.6724e-06,2.6888e+25,-5.8042,-7.4177,272.13
7.8842e-06,2.1502e-06,2.6845e+25,-5.9857,-7.1443,272.24
7.8842e-06,2.6281e-06,2.6828e+25,-6.1554,-7.2537,272.77
7.8842e-06,3.1059e-06,2.6851e+25,-6.0424,-7.5761,272.22
7.8842e-06,3.5838e-06,2.6812e+25,-6.0689,-8.239,272.37
7.8842e-06,4.0616e-06,2.681e+25,-6.0458,-8.4721,272.61
7.8842e-06,4.5394e-06,2.6994e+25,-5.1429,-8.3659,271.14
7.8842e-06,5.0173e-06,2.7014e+25,-5.0818,-8.5616,270.8
7.8842e-06,5.4951e-06,2.6853e+25,-4.4051,-8.5645,272.11
7.8842e-06,5.9729e-06,2.6865e+25,-3.6864,-7.9127,271.72
7.8842e-06,6.4508e-06,2.6865e+25,-3.9495,-8.0454,271.97
7.8842e-06,6.9286e-06,2.684e+25,-3.1561,-8.118,272.13
7.8842e-06,7.4064e-06,2.6986e+25,-1.8829,-8.1992,270.84
7.8842e-06,7.8842e-06,2.6953e+25,-2.145,-8.423,271.28
7.8842e-06,8.3621e-06,2.6981e+25,-1.0138,-8.541,270.91
7.8842e-06,8.8399e-06,2.698e+25,-0.63555,-8.0972,270.87
7.8842e-06,9.3178e-06,2.7003e+25,0.21963,-7.1151,270.87
7.8842e-06,9.7956e-06,2.6966e+25,0.66442,-5.9456,270.69
7.8842e-06,1.0273e-05,2.7066e+25,1.425,-5.5271,270.4
7.8842e-06,1.0751e-05,2.7067e+25,1.9232,-5.2261,270.09
7.8842e-06,1.1229e-05,2.7034e+25,2.6667,-4.9756,269.46
7.8842e-06,1.1707e-05,2.707e+25,4.682,-4.802,269.81
7.8842e-06,1.2185e-05,2.7085e+25,6.3365,-5.8185,270.26
7.8842e-06,1.2663e-05,2.6968e+25,8.8271,-5.8012,270.76
7.8842e-06,1.314e-05,2.7041e+25,11.735,-4.8537,270.94
7.8842e-06,1.3618e-05,2.7044e+25,14.364,-4.1914,270.79
7.8842e-06,1.4096e-05,2.7058e+25,15.758,-3.1921,270.99
7.8842e-06,1.4574e-05,2.6996e+25,17.817,-1.8908,271.06
7.8842e-06,1.5052e-05,2.6983e+25,19.627,-1.1031,271.42
7.8842e-06,1.553e-05,2.6973e+25,22.998,-0.23496,271.5
7.8842e-06,1.6007e-05,2.693e+25,26.516,0.1771,271.97
7.8842e-06,1.6485e-05,2.6962e+25,30.231,-0.29425,272.4
7.8842e-06,1.6963e-05,2.6874e+25,32.599,-0.13182,273.07
8.3621e-06,-1.6963e-05,2.692e+25,-0.50167,-0.14608,272.33
8.3621e-06,-1.6485e-05,2.7009e+25,-0.90593,-0.37297,271.64
8.3621e-06,-1.6007e-05,2.6954e+25,-1.7503,-0.37081,271.95
8.3621e-06,-1.553e-05,2.689e+25,-1.8143,-0.35266,272.11
8.3621e-06,-1.5052e-05,2.6917e+25,-1.2481,-0.43076,272.33
8.3621e-06,-1.4574e-05,2.6836e+25,-1.9035,-0.43073,273.15
8.3621e-06,-1.4096e-05,2.6756e+25,-1.7921,-0.63492,273.41
8.3621e-06,-1.3618e-05,2.6759e+25,-2.5479,-1.2102,273.11
8.3621e-06,-1.314e-05,2.6755e+25,-3.3069,-1.6747,273.15
8.3621e-06,-1.2663e-05,2.6918e+25,-3.0612,-1.7172,272.36
8.3621e-06,-1.2185e-05,2.6737e+25,-3.0473,-1.9724,273.6
8.3621e-06,-1.1707e-05,2.6723e+25,-2.5481,-1.4191,273.29
8.3621e-06,-1.1229e-05,2.6701e+25,-1.6534,-0.84649,273.43
8.3621e-06,-1.0751e-05,2.6821e+25,-0.96429,-0.51288,273.69
8.3621e-06,-1.0273e-05,2.6822e+25,-0.88265,0.23513,272.43
8.3621e-06,-9.7956e-06,2.6826e+25,-1.0567,0.60638,272.63
8.3621e-06,-9.3178e-06,2.6811e+25,-1.7542,0.59034,273.08
8.3621e-06,-8.8399e-06,2.6844e+25,-1.8662,0.35491,272.71
8.3621e-06,-8.3621e-06,2.6833e+25,-2.4333,0.27436,272.68
8.3621e-06,-7.8842e-06,2.6892e+25,-3.2125,0.6492,272
8.3621e-06,-7.4064e-06,2.6814e+25,-3.2411,0.64293,272.47
8.3621e-06,-6.9286e-06,2.6861e+25,-4.0567,0.15846,272.48
8.3621e-06,-6.4508e-06,2.6925e+25,-4.4312,-0.32574,271.94
8.3621e-06,-5.9729e-06,2.6912e+25,-4.3501,-0.26136,271.94
8.3621e-06,-5.4951e-06,2.6895e+25,-4.3476,-0.19725,272
8.3621e-06,-5.0173e-06,2.6961e+25,-4.7636,-0.76398,271.17
8.3621e-06,-4.5394e-06,2.7104e+25,-4.1109,-0.27001,270.76
8.3621e-06,-4.0616e-06,2.7129e+25,-3.8169,-0.091278,269.67
8.3621e-06,-3.5838e-06,2.717e+25,-4.6372,-0.64091,269.38
8.3621e-06,-3.1059e-06,2.7088e+25,-5.7506,-1.0074,270.26
8.3621e-06,-2.6281e-06,2.6962e+25,-6.8089,-2.2498,271.12
8.3621e-06,-2.1502e-06,2.6996e+25,-6.9226,-3.7755,271.23
8.3621e-06,-1.6724e-06,2.6975e+25,-7.1699,-5.2714,271.76
8.3621e-06,-1.1946e-06,2.701e+25,-7.2017,-6.2651,271.02
8.3621e-06,-7.1675e-07,2.7062e+25,-7.5602,-6.8045,270.44
8.3621e-06,-2.3892e-07,2.6936e+25,-7.4388,-7.5588,271.2
8.3621e-06,2.3892e-07,2.6991e+25,-6.8395,-8.1083,271.35
8.3621e-06,7.1675e-07,2.6878e+25,-5.9384,-8.5668,271.74
8.3621e-06,1.1946e-06,2.693e+25,-5.5536,-8.6844,271.46
8.3621e-06,1.6724e-06,2.6907e+25,-6.2048,-7.9422,271.68
8.3621e-06,2.1502e-06,2.6906e+25,-6.043,-7.9993,271.61
8.3621e-06,2.6281e-06,2.6869e+25,-6.2623,-7.801,271.79
8.3621e-06,3.1059e-06,2.6898e+25,-5.0044,-8.1544,271.88
8.3621e-06,3.5838e-06,2.6861e+25,-4.9261,-9.4803,271.77
8.3621e-06,4.0616e-06,2.6974e+25,-5.9877,-9.9797,271.39
8.3621e-06,4.5394e-06,2.6872e+25,-5.2257,-10.154,271.42
8.3621e-06,5.0173e-06,2.6925e+25,-5.1371,-9.6846,271.68
8.3621e-06,5.4951e-06,2.6817e+25,-5.068,-9.478,272.85
8.3621e-06,5.9729e-06,2.6894e+25,-4.1196,-8.9812,272.63
8.3621e-06,6.4508e-06,2.6854e+25,-3.9838,-8.3559,272.06
8.3621e-06,6.9286e-06,2.6885e+25,-3.1527,-8.2908,271.9
8.3621e-06,7.4064e-06,2.6991e+25,-2.036,-8.083,270.82
8.3621e-06,7.8842e-06,2.7005e+25,-1.7716,-7.9922,270.67
8.3621e-06,8.3621e-06,2.6962e+25,-1.4901,-7.6362,270.48
8.3621e-06,8.8399e-06,2.6921e+25,-1.0352,-7.4524,270.98
8.3621e-06,9.3178e-06,2.7041e+25,-0.69651,-6.7813,270.12
8.3621e-06,9.7956e-06,2.6976e+25,-0.031505,-6.3672,270.51
8.3621e-06,1.0273e-05,2.6978e+25,1.1223,-5.9221,270.65
8.3621e-06,1.0751e-05,2.7116e+25,1.9927,-6.1432,269.74
8.3621e-06,1.1229e-05,2.7122e+25,2.7012,-6.4615,270.19
8.3621e-06,1.1707e-05,2.7024e+25,4.4379,-6.2991,270.34
8.3621e-06,1.2185e-05,2.698e+25,6.6199,-5.4539,270.51
8.3621e-06,1.2663e-05,2.6897e+25,8.5782,-5.7356,271.84
8.3621e-06,1.314e-05,2.6898e+25,11.034,-5.1728,271.33
8.3621e-06,1.3618e-05,2.6969e+25,13.186,-4.0591,270.89
8.3621e-06,1.4096e-05,2.6988e+25,14.853,-2.9294,271.61
8.3621e-06,1.4574e-05,2.6955e+25,16.614,-1.8294,271.22
8.3621e-06,1.5052e-05,2.7003e+25,18.922,-0.97524,271.7
8.3621e-06,1.553e-05,2.6954e+25,22.317,-0.71681,271.42
8.3621e-06,1.6007e-05,2.6924e+25,26.695,-0.65938,271.76
8.3621e-06,1.6485e-05,2.6966e+25,29.898,-0.053146,272.43
8.3621e-06,1.6963e-05,2.6892e+25,32.627,0.073627,272.68
8.8399e-06,-1.6963e-05,2.6936e+25,-0.19609,0.053429,272.18
8.8399e-06,-1.6485e-05,2.6877e+25,-0.46497,-0.43239,272.47
8.8399e-06,-1.6007e-05,2.6869e+25,-1.7774,-1.0475,272.32
8.8399e-06,-1.553e-05,2.6851e+25,-1.7377,-1.1067,272.36
8.8399e-06,-1.5052e-05,2.6888e+25,-1.4543,-0.74187,272.46
8.8399e-06,-1.4574e-05,2.6827e+25,-2.1863,-0.31558,272.62
8.8399e-06,-1.4096e-05,2.6818e+25,-1.238,-0.30081,272.84
8.8399e-06,-1.3618e-05,2.6871e+25,-1.7816,-1.1789,272.5
8.8399e-06,-1.314e-05,2.6892e+25,-3.0531,-1.5983,272.92
8.8399e-06,-1.2663e-05,2.6788e+25,-3.2799,-1.7341,273.32
8.8399e-06,-1.2185e-05,2.6678e+25,-2.8674,-1.6281,274.48
8.8399e-06,-1.1707e-05,2.6668e+25,-3.3173,-1.5622,274.54
8.8399e-06,-1.1229e-05,2.6759e+25,-1.8827,-1.3395,274.08
8.8399e-06,-1.0751e-05,2.6803e+25,-1.9719,-0.85725,273.27
8.8399e-06,-1.0273e-05,2.6835e+25,-1.4037,-0.035384,272.63
8.8399e-06,-9.7956e-06,2.6874e+25,-1.1105,0.4674,272.67
8.8399e-06,-9.3178e-06,2.6803e+25,-1.6635,0.32622,273.4
8.8399e-06,-8.8399e-06,2.6931e+25,-1.8197,0.33678,272.25
8.8399e-06,-8.3621e-06,2.6965e+25,-2.2142,0.079946,271.31
8.8399e-06,-7.8842e-06,2.6886e+25,-2.9198,-1.0673,272.28
8.8399e-06,-7.4064e-06,2.6844e+25,-2.8573,-1.414,272.88
8.8399e-06,-6.9286e-06,2.6789e+25,-3.8318,-1.3263,272.45
8.8399e-06,-6.4508e-06,2.6907e+25,-4.2834,-1.7344,271.58
8.8399e-06,-5.9729e-06,2.6893e+25,-4.6937,-1.5625,272.05
8.8399e-06,-5.4951e-06,2.6927e+25,-4.0137,-1.5288,271.45
8.8399e-06,-5.0173e-06,2.6956e+25,-4.3706,-1.8906,270.62
8.8399e-06,-4.5394e-06,2.7123e+25,-4.5594,-1.9234,269.84
8.8399e-06,-4.0616e-06,2.7047e+25,-3.7172,-1.6493,271.1
8.8399e-06,-3.5838e-06,2.7049e+25,-4.3299,-2.1469,270.31
8.8399e-06,-3.1059e-06,2.7075e+25,-5.292,-2.8012,271
8.8399e-06,-2.6281e-06,2.6889e+25,-4.9264,-4.145,271.58
8.8399e-06,-2.1502e-06,2.6883e+25,-5.7161,-5.4398,272.03
8.8399e-06,-1.6724e-06,2.6927e+25,-6.0654,-6.2245,271.24
8.8399e-06,-1.1946e-06,2.6972e+25,-6.3742,-6.5116,270.63
8.8399e-06,-7.1675e-07,2.7092e+25,-6.8372,-7.468,270.4
8.8399e-06,-2.3892e-07,2.6957e+25,-6.8655,-8.2525,271.17
8.8399e-06,2.3892e-07,2.6934e+25,-6.8827,-8.3256,272.03
8.8399e-06,7.1675e-07,2.684e+25,-6.0296,-7.8787,272.73
8.8399e-06,1.1946e-06,2.6872e+25,-5.4766,-7.9043,272.13
8.8399e-06,1.6724e-06,2.6852e+25,-6.3968,-7.9915,272.17
8.8399e-06,2.1502e-06,2.6907e+25,-6.0888,-7.8974,271.82
8.8399e-06,2.6281e-06,2.6909e+25,-5.9667,-8.0126,271.97
8.8399e-06,3.1059e-06,2.6801e+25,-4.8596,-8.5191,272.56
8.8399e-06,3.5838e-06,2.6906e+25,-4.0127,-8.3143,272.01
8.8399e-06,4.0616e-06,2.6998e+25,-5.423,-9.1183,270.89
8.8399e-06,4.5394e-06,2.6971e+25,-5.3809,-9.5558,270.93
8.8399e-06,5.0173e-06,2.6934e+25,-5.1824,-9.7445,271.76
8.8399e-06,5.4951e-06,2.6891e+25,-5.8606,-9.4729,271.91
8.8399e-06,5.9729e-06,2.6806e+25,-4.4312,-9.1756,272.51
8.8399e-06,6.4508e-06,2.6882e+25,-4.202,-9.2187,271.88
8.8399e-06,6.9286e-06,2.6935e+25,-2.9827,-9.2657,271.42
8.8399e-06,7.4064e-06,2.6919e+25,-2.5051,-8.9726,271.56
8.8399e-06,7.8842e-06,2.6987e+25,-2.4787,-7.9283,270.84
8.8399e-06,8.3621e-06,2.693e+25,-1.7912,-7.1785,270.93
8.8399e-06,8.8399e-06,2.7016e+25,-1.6692,-6.6863,270.67
8.8399e-06,9.3178e-06,2.7118e+25,-1.1342,-6.247,270.21
8.8399e-06,9.7956e-06,2.6983e+25,-0.5058,-5.7187,271.15
8.8399e-06,1.0273e-05,2.6958e+25,1.5797,-6.012,270.96
8.8399e-06,1.0751e-05,2.7097e+25,2.5208,-6.8122,269.92
8.8399e-06,1.1229e-05,2.7074e+25,2.6469,-6.8369,270.57
8.8399e-06,1.1707e-05,2.7035e+25,3.7925,-6.4877,271.07
8.8399e-06,1.2185e-05,2.7057e+25,5.7222,-5.7482,270.67
8.8399e-06,1.2663e-05,2.6947e+25,8.665,-4.7352,271.95
8.8399e-06,1.314e-05,2.686e+25,9.8086,-4.1316,272.42
8.8399e-06,1.3618e-05,2.6906e+25,12.583,-3.0887,272.5
8.8399e-06,1.4096e-05,2.6885e+25,14.009,-2.8996,271.93
8.8399e-06,1.4574e-05,2.7044e+25,15.607,-2.4091,270.87
8.8399e-06,1.5052e-05,2.6867e+25,18.982,-2.1361,271.8
8.8399e-06,1.553e-05,2.683e+25,22.063,-1.8111,272.39
8.8399e-06,1.6007e-05,2.6897e+25,26.513,-1.2255,272.11
8.8399e-06,1.6485e-05,2.6857e+25,29.27,-0.6164,273.04
8.8399e-06,1.6963e-05,2.685e+25,32.514,-0.22634,272.83
9.3178e-06,-1.6963e-05,2.6826e+25,-0.0010365,-0.14314,272.94
9.3178e-06,-1.6485e-05,2.6758e+25,-0.3935,-0.34091,272.88
9.3178e-06,-1.6007e-05,2.6935e+25,-1.2751,0.050811,272.32
9.3178e-06,-1.553e-05,2.6962e+25,-2.0548,0.08925,271.97
9.3178e-06,-1.5052e-05,2.6826e+25,-1.5132,-0.26907,272.7
9.3178e-06,-1.4574e-05,2.6866e+25,-1.8853,-0.92602,272.44
9.3178e-06,-1.4096e-05,2.6922e+25,-1.0413,-1.1988,271.81
9.3178e-06,-1.3618e-05,2.6933e+25,-1.3144,-0.89948,272.02
9.3178e-06,-1.314e-05,2.684e+25,-2.863,-1.0683,273.03
9.3178e-06,-1.2663e-05,2.6616e+25,-3.4751,-0.90348,274.46
9.3178e-06,-1.2185e-05,2.6639e+25,-3.0913,-0.94793,274.75
9.3178e-06,-1.1707e-05,2.6676e+25,-3.0812,-1.0209,274.06
9.3178e-06,-1.1229e-05,2.6767e+25,-1.9632,-1.1257,273.44
9.3178e-06,-1.0751e-05,2.68e+25,-2.059,-1.2847,272.82
9.3178e-06,-1.0273e-05,2.6825e+25,-2.1317,-1.5685,272.25
9.3178e-06,-9.7956e-06,2.6843e+25,-1.1658,-1.3924,272.95
9.3178e-06,-9.3178e-06,2.6835e+25,-1.7882,-0.88112,272.96
9.3178e-06,-8.8399e-06,2.6774e+25,-1.6629,-1.1555,273.39
9.3178e-06,-8.3621e-06,2.6828e+25,-1.3406,-1.4923,272.76
9.3178e-06,-7.8842e-06,2.6833e+25,-2.062,-2.0816,272.42
9.3178e-06,-7.4064e-06,2.6859e+25,-3.4512,-1.6108,272.72
9.3178e-06,-6.9286e-06,2.6877e+25,-3.296,-2.0017,272.46
9.3178e-06,-6.4508e-06,2.7058e+25,-3.9308,-2.6054,271.16
9.3178e-06,-5.9729e-06,2.7071e+25,-4.6387,-3.064,270.98
9.3178e-06,-5.4951e-06,2.7076e+25,-3.8341,-3.1422,271.23
9.3178e-06,-5.0173e-06,2.7015e+25,-4.2314,-3.1365,271.77
9.3178e-06,-4.5394e-06,2.704e+25,-4.4733,-3.2152,270.27
9.3178e-06,-4.0616e-06,2.6895e+25,-3.8554,-3.6684,271.56
9.3178e-06,-3.5838e-06,2.6944e+25,-3.4805,-3.8183,271.47
9.3178e-06,-3.1059e-06,2.7003e+25,-4.3691,-4.4152,271.22
9.3178e-06,-2.6281e-06,2.6935e+25,-3.9141,-5.0634,271.29
9.3178e-06,-2.1502e-06,2.6972e+25,-5.244,-5.6253,271.64
9.3178e-06,-1.6724e-06,2.6993e+25,-5.7224,-5.9845,271.1
9.3178e-06,-1.1946e-06,2.7081e+25,-6.1485,-6.327,270.94
9.3178e-06,-7.1675e-07,2.6952e+25,-6.1992,-6.2819,271.45
9.3178e-06,-2.3892e-07,2.6825e+25,-6.0052,-7.1671,271.99
9.3178e-06,2.3892e-07,2.6907e+25,-7.3155,-7.6992,271.75
9.3178e-06,7.1675e-07,2.6894e+25,-5.9343,-7.7616,272.06
9.3178e-06,1.1946e-06,2.6898e+25,-5.5494,-7.6386,272.58
9.3178e-06,1.6724e-06,2.6755e+25,-6.2981,-7.4657,272.46
9.3178e-06,2.1502e-06,2.6804e+25,-5.9956,-7.9684,272.27
9.3178e-06,2.6281e-06,2.6738e+25,-5.3346,-8.6756,272.5
9.3178e-06,3.1059e-06,2.6778e+25,-4.7168,-8.6316,273.1
9.3178e-06,3.5838e-06,2.6905e+25,-4.1316,-9.0044,271.39
9.3178e-06,4.0616e-06,2.7074e+25,-4.333,-9.1442,270.66
9.3178e-06,4.5394e-06,2.6952e+25,-5.2865,-9.5655,270.7
9.3178e-06,5.0173e-06,2.6858e+25,-4.8798,-9.8585,271.53
9.3178e-06,5.4951e-06,2.694e+25,-5.5892,-10.431,271.63
9.3178e-06,5.9729e-06,2.6829e+25,-4.0816,-10.852,272.11
9.3178e-06,6.4508e-06,2.6883e+25,-4.4565,-11.078,272.14
9.3178e-06,6.9286e-06,2.6956e+25,-3.3987,-10.268,271.51
9.3178e-06,7.4064e-06,2.6936e+25,-3.6031,-9.4632,271.25
9.3178e-06,7.8842e-06,2.6832e+25,-2.7475,-9.0818,271.99
9.3178e-06,8.3621e-06,2.6964e+25,-2.1694,-8.7907,271.85
9.3178e-06,8.8399e-06,2.6979e+25,-1.9171,-8.6739,271.06
9.3178e-06,9.3178e-06,2.7099e+25,-1.8302,-8.2304,270.47
9.3178e-06,9.7956e-06,2.6924e+25,-0.5783,-7.8137,271.27
9.3178e-06,1.0273e-05,2.6933e+25,1.8853,-7.4839,271.5
9.3178e-06,1.0751e-05,2.7051e+25,2.3427,-7.1603,270.68
9.3178e-06,1.1229e-05,2.7009e+25,2.5379,-6.715,270.9
9.3178e-06,1.1707e-05,2.7015e+25,3.1597,-6.3354,271.68
9.3178e-06,1.2185e-05,2.7004e+25,4.884,-5.7585,270.98
9.3178e-06,1.2663e-05,2.697e+25,7.3172,-4.491,272.02
9.3178e-06,1.314e-05,2.6836e+25,9.4103,-3.5846,272.78
9.3178e-06,1.3618e-05,2.6889e+25,11.487,-2.8562,272.11
9.3178e-06,1.4096e-05,2.7001e+25,13.986,-2.1107,271.58
9.3178e-06,1.4574e-05,2.6881e+25,15.954,-2.5731,271.89
9.3178e-06,1.5052e-05,2.6833e+25,18.938,-2.9894,271.99
9.3178e-06,1.553e-05,2.6863e+25,21.508,-3.0193,272.21
9.3178e-06,1.6007e-05,2.6759e+25,25.629,-1.8342,272.6
9.3178e-06,1.6485e-05,2.6824e+25,28.664,-0.63488,272.44
9.3178e-06,1.6963e-05,2.6822e+25,32.223,0.068048,272.94
9.7956e-06,-1.6963e-05,2.6905e+25,0.26579,-0.056928,272.62
9.7956e-06,-1.6485e-05,2.6881e+25,-0.91927,0.23859,271.92
9.7956e-06,-1.6007e-05,2.6973e+25,-1.2326,-0.074436,271.26
9.7956e-06,-1.553e-05,2.697e+25,-1.874,-0.55492,271.81
9.7956e-06,-1.5052e-05,2.6862e+25,-1.1617,-0.57924,272.01
9.7956e-06,-1.4574e-05,2.6844e+25,-1.6827,-0.73778,272.99
9.7956e-06,-1.4096e-05,2.6814e+25,-1.1811,-0.65406,272.79
9.7956e-06,-1.3618e-05,2.6933e+25,-1.7602,-0.32724,272.19
9.7956e-06,-1.314e-05,2.6753e+25,-2.6322,-0.44133,273.71
9.7956e-06,-1.2663e-05,2.6707e+25,-3.4414,-0.29693,274.46
9.7956e-06,-1.2185e-05,2.663e+25,-2.8585,-0.54918,274.36
9.7956e-06,-1.1707e-05,2.6661e+25,-2.4108,-1.3836,274.29
9.7956e-06,-1.1229e-05,2.6775e+25,-1.9603,-2.0174,273.61
9.7956e-06,-1.0751e-05,2.6758e+25,-2.2027,-1.5078,272.97
9.7956e-06,-1.0273e-05,2.6707e+25,-1.7974,-1.4688,274.01
9.7956e-06,-9.7956e-06,2.6722e+25,-1.6674,-1.3951,274
9.7956e-06,-9.3178e-06,2.679e+25,-1.9138,-1.1898,273.5
9.7956e-06,-8.8399e-06,2.6859e+25,-1.0176,-1.6242,272.91
9.7956e-06,-8.3621e-06,2.6733e+25,-1.509,-1.5925,272.96
9.7956e-06,-7.8842e-06,2.693e+25,-2.0515,-1.3848,272.17
9.7956e-06,-7.4064e-06,2.6874e+25,-3.2237,-1.8078,272.45
9.7956e-06,-6.9286e-06,2.6815e+25,-2.7668,-2.2806,272.16
9.7956e-06,-6.4508e-06,2.7037e+25,-3.377,-2.6917,271.3
9.7956e-06,-5.9729e-06,2.7004e+25,-4.432,-2.961,271.07
9.7956e-06,-5.4951e-06,2.7098e+25,-3.7423,-3.1797,270.64
9.7956e-06,-5.0173e-06,2.6965e+25,-4.2334,-3.3381,271.12
9.7956e-06,-4.5394e-06,2.7103e+25,-4.1481,-3.5296,270.66
9.7956e-06,-4.0616e-06,2.7036e+25,-3.4823,-3.943,270.97
9.7956e-06,-3.5838e-06,2.7035e+25,-3.3006,-4.196,270.67
9.7956e-06,-3.1059e-06,2.7054e+25,-3.7448,-4.5205,270.87
9.7956e-06,-2.6281e-06,2.6963e+25,-3.611,-4.8145,270.69
9.7956e-06,-2.1502e-06,2.6946e+25,-4.6635,-5.2274,271.47
9.7956e-06,-1.6724e-06,2.6885e+25,-4.9171,-6.2909,271.38
9.7956e-06,-1.1946e-06,2.7055e+25,-5.8694,-6.8752,270.6
9.7956e-06,-7.1675e-07,2.6963e+25,-5.6433,-7.394,271.5
9.7956e-06,-2.3892e-07,2.6878e+25,-5.5629,-7.7548,272.13
9.7956e-06,2.3892e-07,2.6909e+25,-6.4554,-8.3084,271.9
9.7956e-06,7.1675e-07,2.688e+25,-5.9406,-8.6973,272.4
9.7956e-06,1.1946e-06,2.6861e+25,-6.1574,-8.7437,272.5
9.7956e-06,1.6724e-06,2.6815e+25,-6.061,-8.6319,272.47
9.7956e-06,2.1502e-06,2.6827e+25,-5.3034,-9.0125,272.83
9.7956e-06,2.6281e-06,2.6751e+25,-5.0894,-9.5344,273.06
9.7956e-06,3.1059e-06,2.6836e+25,-4.5198,-9.8418,272.51
9.7956e-06,3.5838e-06,2.696e+25,-3.9749,-9.7889,271.49
9.7956e-06,4.0616e-06,2.7083e+25,-4.4744,-9.5958,270.85
9.7956e-06,4.5394e-06,2.7055e+25,-4.4506,-10.043,270.61
9.7956e-06,5.0173e-06,2.6885e+25,-4.7537,-10.487,271.62
9.7956e-06,5.4951e-06,2.6999e+25,-4.9394,-10.649,271.47
9.7956e-06,5.9729e-06,2.6865e+25,-4.1389,-11.147,272.01
9.7956e-06,6.4508e-06,2.6833e+25,-4.5586,-10.86,272.33
9.7956e-06,6.9286e-06,2.6878e+25,-4.3534,-10.555,272.21
9.7956e-06,7.4064e-06,2.6933e+25,-3.7429,-10.129,271.63
9.7956e-06,7.8842e-06,2.6989e+25,-3.2158,-9.915,271.07
9.7956e-06,8.3621e-06,2.6945e+25,-2.5752,-9.3954,270.99
9.7956e-06,8.8399e-06,2.6992e+25,-1.7298,-9.4443,271.5
9.7956e-06,9.3178e-06,2.6961e+25,-2.447,-9.3148,271.22
9.7956e-06,9.7956e-06,2.6842e+25,-0.78968,-9.0375,272.03
9.7956e-06,1.0273e-05,2.6943e+25,0.94391,-8.0872,271.56
9.7956e-06,1.0751e-05,2.6986e+25,2.0514,-7.1298,271.18
9.7956e-06,1.1229e-05,2.7037e+25,1.7567,-6.7502,270.53
9.7956e-06,1.1707e-05,2.7067e+25,2.8791,-6.1022,270.76
9.7956e-06,1.2185e-05,2.7044e+25,4.1737,-5.702,270.94
9.7956e-06,1.2663e-05,2.6973e+25,6.3332,-5.1681,271.19
9.7956e-06,1.314e-05,2.6968e+25,8.8887,-4.5101,271.6
9.7956e-06,1.3618e-05,2.6936e+25,10.473,-3.7765,272.44
9.7956e-06,1.4096e-05,2.6981e+25,13.341,-2.6934,271.9
9.7956e-06,1.4574e-05,2.704e+25,16.244,-2.2866,271.48
9.7956e-06,1.5052e-05,2.6903e+25,18.868,-2.1201,272.1
9.7956e-06,1.553e-05,2.6863e+25,21.101,-1.6841,272.74
9.7956e-06,1.6007e-05,2.6909e+25,24.456,-1.5066,272.32
9.7956e-06,1.6485e-05,2.6836e+25,27.479,-0.57611,273.14
9.7956e-06,1.6963e-05,2.6837e+25,32.188,-0.061934,272.74
1.0273e-05,-1.6963e-05,2.6806e+25,0.29785,0.037409,273.22
1.0273e-05,-1.6485e-05,2.6885e+25,-0.60348,-0.22435,272.44
1.0273e-05,-1.6007e-05,2.692e+25,-1.2474,-0.45862,271.55
1.0273e-05,-1.553e-05,2.6924e+25,-0.96643,-0.35749,271.96
1.0273e-05,-1.5052e-05,2.6939e+25,-0.93125,-1.2877,272.28
1.0273e-05,-1.4574e-05,2.6939e+25,-1.1784,-1.5728,272.46
1.0273e-05,-1.4096e-05,2.6747e+25,-1.7618,-1.9554,273.46
1.0273e-05,-1.3618e-05,2.6763e+25,-1.7625,-1.4647,273.06
1.0273e-05,-1.314e-05,2.6679e+25,-3.2133,-0.44237,273.67
1.0273e-05,-1.2663e-05,2.673e+25,-3.5316,-0.18501,273.86
1.0273e-05,-1.2185e-05,2.6667e+25,-2.0373,-0.61004,274.56
1.0273e-05,-1.1707e-05,2.6715e+25,-1.5,-1.2588,274.24
1.0273e-05,-1.1229e-05,2.6795e+25,-2.2796,-1.9019,273.31
1.0273e-05,-1.0751e-05,2.6778e+25,-2.0303,-1.8612,272.96
1.0273e-05,-1.0273e-05,2.6701e+25,-2.1682,-1.6546,274.14
1.0273e-05,-9.7956e-06,2.6776e+25,-1.7863,-1.4749,273.68
1.0273e-05,-9.3178e-06,2.6778e+25,-1.5097,-1.6864,273.82
1.0273e-05,-8.8399e-06,2.675e+25,-0.9771,-1.6852,273.29
1.0273e-05,-8.3621e-06,2.6795e+25,-1.9181,-1.5031,272.53
1.0273e-05,-7.8842e-06,2.6903e+25,-1.6288,-1.8207,272.57
1.0273e-05,-7.4064e-06,2.6816e+25,-2.5787,-2.4119,272.83
1.0273e-05,-6.9286e-06,2.6858e+25,-2.2553,-3.1171,272.78
1.0273e-05,-6.4508e-06,2.7011e+25,-2.7967,-3.6371,272.01
1.0273e-05,-5.9729e-06,2.7019e+25,-4.4406,-3.9172,271.2
1.0273e-05,-5.4951e-06,2.6904e+25,-3.4814,-4.3161,271.55
1.0273e-05,-5.0173e-06,2.6861e+25,-3.8008,-4.5294,272.05
1.0273e-05,-4.5394e-06,2.7091e+25,-3.9849,-4.7894,270.52
1.0273e-05,-4.0616e-06,2.7042e+25,-3.1312,-4.8248,270.55
1.0273e-05,-3.5838e-06,2.6986e+25,-3.1497,-5.0958,270.78
1.0273e-05,-3.1059e-06,2.7047e+25,-3.4342,-5.3724,270.89
1.0273e-05,-2.6281e-06,2.7139e+25,-3.2259,-5.804,270.58
1.0273e-05,-2.1502e-06,2.7151e+25,-3.9559,-6.0986,270.39
1.0273e-05,-1.6724e-06,2.7117e+25,-4.3483,-6.5155,270.71
1.0273e-05,-1.1946e-06,2.7017e+25,-5.047,-7.442,270.63
1.0273e-05,-7.1675e-07,2.6951e+25,-5.562,-8.1793,270.9
1.0273e-05,-2.3892e-07,2.694e+25,-4.9193,-8.3333,271.5
1.0273e-05,2.3892e-07,2.6871e+25,-5.8639,-9.145,271.79
1.0273e-05,7.1675e-07,2.687e+25,-5.8984,-9.3551,271.99
1.0273e-05,1.1946e-06,2.6921e+25,-6.3354,-8.7256,272.13
1.0273e-05,1.6724e-06,2.6856e+25,-6.0105,-9.0623,272.31
1.0273e-05,2.1502e-06,2.6843e+25,-5.1122,-9.2014,272.26
1.0273e-05,2.6281e-06,2.6775e+25,-4.108,-10.007,272.36
1.0273e-05,3.1059e-06,2.6877e+25,-3.9899,-10.844,272.26
1.0273e-05,3.5838e-06,2.6935e+25,-4.0345,-11.045,272.24
1.0273e-05,4.0616e-06,2.694e+25,-4.4332,-11.044,271.67
1.0273e-05,4.5394e-06,2.6982e+25,-4.4681,-10.765,271.4
1.0273e-05,5.0173e-06,2.6924e+25,-4.677,-10.647,271.83
1.0273e-05,5.4951e-06,2.6919e+25,-4.2965,-11.213,272.29
1.0273e-05,5.9729e-06,2.6876e+25,-3.9754,-11.639,272.22
1.0273e-05,6.4508e-06,2.6845e+25,-4.6682,-11.681,271.98
1.0273e-05,6.9286e-06,2.685e+25,-4.4557,-12.139,272.63
1.0273e-05,7.4064e-06,2.6935e+25,-3.9823,-12.205,271.58
1.0273e-05,7.8842e-06,2.6951e+25,-3.7432,-11.553,271.92
1.0273e-05,8.3621e-06,2.694e+25,-2.4489,-11.426,271.5
1.0273e-05,8.8399e-06,2.6945e+25,-2.2149,-10.853,272.15
1.0273e-05,9.3178e-06,2.6903e+25,-2.697,-10.484,271.88
1.0273e-05,9.7956e-06,2.6816e+25,-1.5186,-9.8565,272.82
1.0273e-05,1.0273e-05,2.6853e+25,-0.22141,-8.8605,272
1.0273e-05,1.0751e-05,2.7048e+25,1.3271,-7.7811,271.3
1.0273e-05,1.1229e-05,2.7e+25,1.1304,-6.9614,271.34
1.0273e-05,1.1707e-05,2.7042e+25,2.1418,-6.0306,270.02
1.0273e-05,1.2185e-05,2.6936e+25,3.9531,-5.6839,271.01
1.0273e-05,1.2663e-05,2.6896e+25,5.5543,-5.1971,272.27
1.0273e-05,1.314e-05,2.6896e+25,7.9854,-4.5072,272.57
1.0273e-05,1.3618e-05,2.6936e+25,9.8667,-3.542,272.58
1.0273e-05,1.4096e-05,2.6972e+25,12.727,-2.9822,272.14
1.0273e-05,1.4574e-05,2.6962e+25,15.867,-2.2117,271.33
1.0273e-05,1.5052e-05,2.6929e+25,18.424,-1.7475,271.73
1.0273e-05,1.553e-05,2.6866e+25,20.963,-1.1639,272.75
1.0273e-05,1.6007e-05,2.6911e+25,23.842,-0.87679,272.28
1.0273e-05,1.6485e-05,2.6834e+25,27.026,-0.54711,272.98
1.0273e-05,1.6963e-05,2.6878e+25,31.843,-0.27255,272.46
1.0751e-05,-1.6963e-05,2.6762e+25,0.031103,0.098129,273.13
1.0751e-05,-1.6485e-05,2.6912e+25,0.1107,-0.23194,272.06
1.0751e-05,-1.6007e-05,2.6889e+25,-0.99845,-0.83846,272.09
1.0751e-05,-1.553e-05,2.6948e+25,-1.2937,-1.0859,271.86
1.0751e-05,-1.5052e-05,2.6882e+25,-0.61288,-0.35147,272.06
1.0751e-05,-1.4574e-05,2.6789e+25,-0.91526,-0.38409,273.16
1.0751e-05,-1.4096e-05,2.6696e+25,-1.7323,-0.57288,274.11
1.0751e-05,-1.3618e-05,2.6778e+25,-2.4581,-0.33504,273.39
1.0751e-05,-1.314e-05,2.6913e+25,-3.3399,-0.60013,272.45
1.0751e-05,-1.2663e-05,2.6808e+25,-3.254,-0.95746,272.47
1.0751e-05,-1.2185e-05,2.6778e+25,-1.7757,-1.113,273.15
1.0751e-05,-1.1707e-05,2.6734e+25,-0.91738,-1.4483,273.8
1.0751e-05,-1.1229e-05,2.6776e+25,-1.677,-1.8693,273.46
1.0751e-05,-1.0751e-05,2.6703e+25,-2.9181,-1.4658,273.46
1.0751e-05,-1.0273e-05,2.6737e+25,-2.366,-0.83787,273.86
1.0751e-05,-9.7956e-06,2.6793e+25,-1.5291,-1.0406,273.67
1.0751e-05,-9.3178e-06,2.6801e+25,-1.6001,-1.1524,272.89
1.0751e-05,-8.8399e-06,2.6842e+25,-1.3384,-0.80654,272.66
1.0751e-05,-8.3621e-06,2.6817e+25,-1.1349,-1.2059,272.78
1.0751e-05,-7.8842e-06,2.6856e+25,-1.2286,-1.7209,272.31
1.0751e-05,-7.4064e-06,2.6806e+25,-1.6857,-2.8049,273.02
1.0751e-05,-6.9286e-06,2.6907e+25,-2.1226,-3.2468,272.16
1.0751e-05,-6.4508e-06,2.684e+25,-2.4175,-3.1868,272.8
1.0751e-05,-5.9729e-06,2.6843e+25,-3.8051,-4.2376,272.69
1.0751e-05,-5.4951e-06,2.6867e+25,-2.9294,-4.909,271.85
1.0751e-05,-5.0173e-06,2.6964e+25,-3.4724,-5.5035,271.41
1.0751e-05,-4.5394e-06,2.6987e+25,-3.8755,-5.7419,270.42
1.0751e-05,-4.0616e-06,2.7081e+25,-3.0289,-5.8929,270.19
1.0751e-05,-3.5838e-06,2.7078e+25,-2.649,-6.2978,270.51
1.0751e-05,-3.1059e-06,2.7084e+25,-3.085,-6.6995,270.54
1.0751e-05,-2.6281e-06,2.71e+25,-2.8372,-7.0439,270.39
1.0751e-05,-2.1502e-06,2.6958e+25,-3.7494,-7.3086,270.49
1.0751e-05,-1.6724e-06,2.6891e+25,-3.6056,-7.7303,271
1.0751e-05,-1.1946e-06,2.7032e+25,-3.9959,-8.5788,271.25
1.0751e-05,-7.1675e-07,2.6976e+25,-5.1209,-9.2798,270.84
1.0751e-05,-2.3892e-07,2.697e+25,-5.0673,-9.2351,270.82
1.0751e-05,2.3892e-07,2.698e+25,-5.5512,-8.9513,270.5
1.0751e-05,7.1675e-07,2.6979e+25,-6.3231,-8.8164,271.49
1.0751e-05,1.1946e-06,2.6905e+25,-5.9303,-9.0901,272.17
1.0751e-05,1.6724e-06,2.6933e+25,-5.3198,-9.8153,272.32
1.0751e-05,2.1502e-06,2.6909e+25,-4.3252,-10.985,271.62
1.0751e-05,2.6281e-06,2.6938e+25,-4.0123,-11.252,271.81
1.0751e-05,3.1059e-06,2.6849e+25,-3.7637,-10.711,272.89
1.0751e-05,3.5838e-06,2.6873e+25,-3.9642,-10.617,271.91
1.0751e-05,4.0616e-06,2.7002e+25,-4.3635,-10.855,271.69
1.0751e-05,4.5394e-06,2.708e+25,-4.3846,-11.341,271.13
1.0751e-05,5.0173e-06,2.6924e+25,-4.6505,-11.623,271.3
1.0751e-05,5.4951e-06,2.6957e+25,-3.6363,-11.689,271.17
1.0751e-05,5.9729e-06,2.7025e+25,-3.9972,-11.658,271.18
1.0751e-05,6.4508e-06,2.6804e+25,-4.2646,-11.975,271.89
1.0751e-05,6.9286e-06,2.6721e+25,-3.918,-12.504,272.64
1.0751e-05,7.4064e-06,2.6855e+25,-4.4039,-12.318,272.04
1.0751e-05,7.8842e-06,2.6857e+25,-4.1863,-11.9,272.17
1.0751e-05,8.3621e-06,2.6891e+25,-2.8944,-11.635,271.49
1.0751e-05,8.8399e-06,2.6911e+25,-3.0278,-10.613,272.1
1.0751e-05,9.3178e-06,2.6974e+25,-3.075,-10.011,271.94
1.0751e-05,9.7956e-06,2.6896e+25,-2.3416,-9.7168,271.91
1.0751e-05,1.0273e-05,2.6889e+25,-1.4986,-8.7598,272.21
1.0751e-05,1.0751e-05,2.6997e+25,0.42652,-7.5606,271.28
1.0751e-05,1.1229e-05,2.6965e+25,0.62563,-7.1992,271.3
1.0751e-05,1.1707e-05,2.7073e+25,1.548,-6.7842,271.09
1.0751e-05,1.2185e-05,2.6936e+25,3.4215,-6.0978,271.56
1.0751e-05,1.2663e-05,2.6972e+25,5.3371,-5.9238,272.61
1.0751e-05,1.314e-05,2.6835e+25,7.169,-5.6855,272.69
1.0751e-05,1.3618e-05,2.6902e+25,9.2217,-5.2199,272.73
1.0751e-05,1.4096e-05,2.6881e+25,11.39,-4.1745,272.95
1.0751e-05,1.4574e-05,2.6903e+25,14.841,-2.4338,272.3
1.0751e-05,1.5052e-05,2.6859e+25,17.617,-1.0445,272.79
1.0751e-05,1.553e-05,2.686e+25,20.51,-0.1638,273.21
1.0751e-05,1.6007e-05,2.6897e+25,23.512,0.25565,273
1.0751e-05,1.6485e-05,2.685e+25,26.898,0.46298,272.58
1.0751e-05,1.6963e-05,2.6893e+25,31.682,0.27278,272.54
1.1229e-05,-1.6963e-05,2.6796e+25,0.089201,0.051972,272.64
1.1229e-05,-1.6485e-05,2.6883e+25,0.37627,0.040992,272.04
1.1229e-05,-1.6007e-05,2.6877e+25,-0.37348,-0.22755,272.31
1.1229e-05,-1.553e-05,2.7011e+25,-1.7448,-0.33673,271.51
1.1229e-05,-1.5052e-05,2.6902e+25,-1.0493,0.15807,272.9
1.1229e-05,-1.4574e-05,2.687e+25,-0.66159,-0.14941,272.86
1.1229e-05,-1.4096e-05,2.6729e+25,-1.8916,-0.18874,273.29
1.1229e-05,-1.3618e-05,2.6715e+25,-2.427,-0.25108,273.52
1.1229e-05,-1.314e-05,2.6902e+25,-2.8955,-0.39455,271.97
1.1229e-05,-1.2663e-05,2.6991e+25,-2.7051,-1.0453,271.62
1.1229e-05,-1.2185e-05,2.6817e+25,-1.7443,-1.3137,273.19
1.1229e-05,-1.1707e-05,2.6775e+25,-0.86911,-1.0172,273.11
1.1229e-05,-1.1229e-05,2.6731e+25,-1.7714,-0.79466,273.78
1.1229e-05,-1.0751e-05,2.679e+25,-2.6914,-1.5033,273.3
1.1229e-05,-1.0273e-05,2.6868e+25,-2.1301,-2.1517,272.37
1.1229e-05,-9.7956e-06,2.6809e+25,-1.6546,-2.0997,273.28
1.1229e-05,-9.3178e-06,2.6853e+25,-2.0394,-1.4484,272.66
1.1229e-05,-8.8399e-06,2.6895e+25,-1.3235,-1.1655,272.27
1.1229e-05,-8.3621e-06,2.6809e+25,-0.7723,-1.3289,273.41
1.1229e-05,-7.8842e-06,2.691e+25,-0.74994,-1.7052,272.65
1.1229e-05,-7.4064e-06,2.6752e+25,-0.97419,-1.8162,273.59
1.1229e-05,-6.9286e-06,2.6833e+25,-1.5836,-2.4009,273.4
1.1229e-05,-6.4508e-06,2.686e+25,-2.3447,-2.7403,272.92
1.1229e-05,-5.9729e-06,2.687e+25,-2.1691,-3.6255,272.78
1.1229e-05,-5.4951e-06,2.6886e+25,-2.5296,-4.8933,272.19
1.1229e-05,-5.0173e-06,2.6963e+25,-2.8384,-5.824,271.48
1.1229e-05,-4.5394e-06,2.6943e+25,-3.4379,-6.6313,271.09
1.1229e-05,-4.0616e-06,2.6958e+25,-2.9532,-6.7849,271.46
1.1229e-05,-3.5838e-06,2.7075e+25,-2.3827,-6.8778,270.76
1.1229e-05,-3.1059e-06,2.7098e+25,-2.7702,-7.0577,270.56
1.1229e-05,-2.6281e-06,2.7056e+25,-2.6816,-7.0883,270.35
1.1229e-05,-2.1502e-06,2.7073e+25,-3.2009,-7.2547,270.89
1.1229e-05,-1.6724e-06,2.6969e+25,-3.3262,-7.8633,271.6
1.1229e-05,-1.1946e-06,2.7052e+25,-3.0666,-8.1537,270.37
1.1229e-05,-7.1675e-07,2.7057e+25,-4.5396,-9.0373,270.63
1.1229e-05,-2.3892e-07,2.7047e+25,-4.904,-9.8242,270.86
1.1229e-05,2.3892e-07,2.7041e+25,-5.7606,-9.5471,270.77
1.1229e-05,7.1675e-07,2.6995e+25,-6.1714,-9.6183,270.75
1.1229e-05,1.1946e-06,2.7052e+25,-5.4278,-10.034,270.6
1.1229e-05,1.6724e-06,2.6986e+25,-4.2157,-10.99,272.04
1.1229e-05,2.1502e-06,2.6913e+25,-3.4199,-11.654,271.96
1.1229e-05,2.6281e-06,2.6802e+25,-4.1073,-12.146,272.76
1.1229e-05,3.1059e-06,2.6889e+25,-4.1976,-12.076,272.34
1.1229e-05,3.5838e-06,2.6884e+25,-4.0461,-12.126,271.94
1.1229e-05,4.0616e-06,2.7072e+25,-3.9922,-11.945,270.68
1.1229e-05,4.5394e-06,2.7026e+25,-3.7749,-12.213,269.98
1.1229e-05,5.0173e-06,2.7011e+25,-4.2011,-13.057,270.79
1.1229e-05,5.4951e-06,2.7009e+25,-3.6072,-13.454,271.08
1.1229e-05,5.9729e-06,2.6959e+25,-4.0194,-13.952,271.79
1.1229e-05,6.4508e-06,2.6928e+25,-3.9374,-13.994,272.1
1.1229e-05,6.9286e-06,2.6861e+25,-3.892,-13.547,271.97
1.1229e-05,7.4064e-06,2.6949e+25,-5.048,-13.162,271.63
1.1229e-05,7.8842e-06,2.6907e+25,-4.5752,-12.603,271.36
1.1229e-05,8.3621e-06,2.6953e+25,-3.3426,-12.046,271.5
1.1229e-05,8.8399e-06,2.6928e+25,-3.9885,-11.404,272.2
1.1229e-05,9.3178e-06,2.7015e+25,-3.4864,-10.748,271.63
1.1229e-05,9.7956e-06,2.6979e+25,-2.6929,-9.937,271.4
1.1229e-05,1.0273e-05,2.6973e+25,-2.1562,-9.7881,271.69
1.1229e-05,1.0751e-05,2.695e+25,-0.6974,-9.0392,271.71
1.1229e-05,1.1229e-05,2.7052e+25,0.23322,-8.0227,270.6
1.1229e-05,1.1707e-05,2.7096e+25,1.216,-7.4662,270.8
1.1229e-05,1.2185e-05,2.7103e+25,2.956,-7.1231,270.58
1.1229e-05,1.2663e-05,2.6939e+25,4.992,-6.8971,272.4
1.1229e-05,1.314e-05,2.6757e+25,7.1519,-6.6334,273.66
1.1229e-05,1.3618e-05,2.6823e+25,8.6095,-6.1421,273.62
1.1229e-05,1.4096e-05,2.6732e+25,9.9032,-5.1874,273.78
1.1229e-05,1.4574e-05,2.6767e+25,13.446,-4.0957,273.49
1.1229e-05,1.5052e-05,2.6781e+25,16.373,-2.6811,273.31
1.1229e-05,1.553e-05,2.6853e+25,19.545,-1.3781,272.94
1.1229e-05,1.6007e-05,2.6853e+25,22.926,-0.19748,273.53
1.1229e-05,1.6485e-05,2.6811e+25,27.289,-0.15813,273.15
1.1229e-05,1.6963e-05,2.6825e+25,31.846,-0.3266,273.47
1.1707e-05,-1.6963e-05,2.6825e+25,-0.11745,0.25015,272.44
1.1707e-05,-1.6485e-05,2.6919e+25,0.41726,0.62893,271.96
1.1707e-05,-1.6007e-05,2.6822e+25,-0.31243,0.57229,272.15
1.1707e-05,-1.553e-05,2.6778e+25,-1.4614,0.34316,273.04
1.1707e-05,-1.5052e-05,2.6704e+25,-1.6987,0.2494,273.67
1.1707e-05,-1.4574e-05,2.676e+25,-0.47028,0.78426,273.55
1.1707e-05,-1.4096e-05,2.6754e+25,-1.3349,0.57196,273.15
1.1707e-05,-1.3618e-05,2.6784e+25,-2.3645,-0.28672,273.21
1.1707e-05,-1.314e-05,2.6822e+25,-2.2588,-0.84064,272.86
1.1707e-05,-1.2663e-05,2.686e+25,-2.267,-1.4751,272.7
1.1707e-05,-1.2185e-05,2.6804e+25,-1.6939,-1.518,273.63
1.1707e-05,-1.1707e-05,2.6739e+25,-1.0845,-1.424,273.44
1.1707e-05,-1.1229e-05,2.6859e+25,-1.95,-1.0272,272.63
1.1707e-05,-1.0751e-05,2.6776e+25,-2.0231,-0.86523,273.19
1.1707e-05,-1.0273e-05,2.6912e+25,-1.7856,-1.3686,271.92
1.1707e-05,-9.7956e-06,2.6802e+25,-1.4035,-1.8494,273.06
1.1707e-05,-9.3178e-06,2.6818e+25,-2.184,-2.5948,272.77
1.1707e-05,-8.8399e-06,2.6786e+25,-1.5702,-2.5567,272.29
1.1707e-05,-8.3621e-06,2.6767e+25,-0.50562,-2.5545,273.27
1.1707e-05,-7.8842e-06,2.6695e+25,-0.35513,-2.6688,273.74
1.1707e-05,-7.4064e-06,2.6751e+25,-1.3138,-2.5078,273.8
1.1707e-05,-6.9286e-06,2.6763e+25,-1.3199,-2.1175,272.71
1.1707e-05,-6.4508e-06,2.6877e+25,-1.443,-2.775,272.3
1.1707e-05,-5.9729e-06,2.6836e+25,-1.0708,-3.9995,272.63
1.1707e-05,-5.4951e-06,2.6902e+25,-1.3139,-4.8838,272.35
1.1707e-05,-5.0173e-06,2.6989e+25,-2.2747,-5.3312,271.74
1.1707e-05,-4.5394e-06,2.7015e+25,-2.926,-5.5327,270.75
1.1707e-05,-4.0616e-06,2.6866e+25,-2.5407,-6.4707,271.69
1.1707e-05,-3.5838e-06,2.7052e+25,-2.6037,-6.3361,270.42
1.1707e-05,-3.1059e-06,2.7021e+25,-2.6065,-6.2781,270.86
1.1707e-05,-2.6281e-06,2.7086e+25,-2.8001,-6.6934,269.88
1.1707e-05,-2.1502e-06,2.7064e+25,-2.5343,-7.1392,270.36
1.1707e-05,-1.6724e-06,2.7071e+25,-2.6709,-7.9044,270.92
1.1707e-05,-1.1946e-06,2.7133e+25,-2.2672,-8.8834,269.99
1.1707e-05,-7.1675e-07,2.7011e+25,-3.4846,-9.7105,270.99
1.1707e-05,-2.3892e-07,2.6879e+25,-5.0689,-10.123,271.36
1.1707e-05,2.3892e-07,2.6925e+25,-5.8288,-10.554,271.33
1.1707e-05,7.1675e-07,2.6956e+25,-6.0045,-10.698,271.3
1.1707e-05,1.1946e-06,2.7172e+25,-4.7133,-11.091,270.36
1.1707e-05,1.6724e-06,2.7063e+25,-3.8203,-11.583,270.81
1.1707e-05,2.1502e-06,2.6926e+25,-3.3139,-11.309,271.7
1.1707e-05,2.6281e-06,2.686e+25,-3.5614,-11.314,272.31
1.1707e-05,3.1059e-06,2.6843e+25,-3.3506,-12.737,272.85
1.1707e-05,3.5838e-06,2.6902e+25,-4.2604,-13.238,271.77
1.1707e-05,4.0616e-06,2.7031e+25,-4.0628,-13.275,270.9
1.1707e-05,4.5394e-06,2.7075e+25,-3.5983,-13.104,270.6
1.1707e-05,5.0173e-06,2.6999e+25,-3.8489,-13.001,270.93
1.1707e-05,5.4951e-06,2.6907e+25,-2.9381,-13.738,271.68
1.1707e-05,5.9729e-06,2.688e+25,-4.0205,-13.932,272.08
1.1707e-05,6.4508e-06,2.6958e+25,-4.3479,-13.71,272.11
1.1707e-05,6.9286e-06,2.6927e+25,-4.5241,-13.043,271.75
1.1707e-05,7.4064e-06,2.699e+25,-5.7076,-12.281,271.41
1.1707e-05,7.8842e-06,2.6865e+25,-4.4778,-12.204,272.26
1.1707e-05,8.3621e-06,2.6898e+25,-4.2824,-11.88,271.51
1.1707e-05,8.8399e-06,2.6858e+25,-3.7588,-12.304,272.23
1.1707e-05,9.3178e-06,2.6902e+25,-4.1621,-12.539,271.97
1.1707e-05,9.7956e-06,2.6967e+25,-3.4708,-12.068,271.42
1.1707e-05,1.0273e-05,2.6932e+25,-2.6294,-10.919,272.08
1.1707e-05,1.0751e-05,2.7029e+25,-1.5408,-10.275,271.84
1.1707e-05,1.1229e-05,2.6954e+25,-0.17442,-9.8747,271.62
1.1707e-05,1.1707e-05,2.7001e+25,0.73832,-9.7319,271.22
1.1707e-05,1.2185e-05,2.6927e+25,2.6905,-9.2466,271.62
1.1707e-05,1.2663e-05,2.6881e+25,4.4595,-8.6177,272.11
1.1707e-05,1.314e-05,2.6758e+25,6.0913,-7.416,273.55
1.1707e-05,1.3618e-05,2.6742e+25,7.8935,-6.4164,274.79
1.1707e-05,1.4096e-05,2.6771e+25,9.4016,-5.7081,274.52
1.1707e-05,1.4574e-05,2.6847e+25,12.007,-4.447,273.26
1.1707e-05,1.5052e-05,2.6858e+25,14.845,-2.9115,272.88
1.1707e-05,1.553e-05,2.6927e+25,18.52,-1.8097,272.55
1.1707e-05,1.6007e-05,2.6939e+25,22.108,-0.82811,272.78
1.1707e-05,1.6485e-05,2.6847e+25,27.202,-0.30661,273.22
1.1707e-05,1.6963e-05,2.6858e+25,31.55,0.019323,273.35
1.2185e-05,-1.6963e-05,2.6886e+25,-0.57838,0.040214,271.9
1.2185e-05,-1.6485e-05,2.6795e+25,-0.082334,0.58578,273.01
1.2185e-05,-1.6007e-05,2.6912e+25,-0.22449,1.1647,272.16
1.2185e-05,-1.553e-05,2.6895e+25,-1.1865,1.0332,272.91
1.2185e-05,-1.5052e-05,2.6775e+25,-1.2834,0.47196,273.47
1.2185e-05,-1.4574e-05,2.6671e+25,-0.66034,0.055736,273.34
1.2185e-05,-1.4096e-05,2.6834e+25,-0.79476,-0.71409,273.29
1.2185e-05,-1.3618e-05,2.6738e+25,-1.1189,-1.3796,273.21
1.2185e-05,-1.314e-05,2.6823e+25,-1.9526,-2.3765,272.68
1.2185e-05,-1.2663e-05,2.6776e+25,-2.2706,-2.1397,273.35
1.2185e-05,-1.2185e-05,2.6765e+25,-1.9541,-1.6152,273.34
1.2185e-05,-1.1707e-05,2.6889e+25,-1.6411,-0.98983,272.24
1.2185e-05,-1.1229e-05,2.681e+25,-2.1471,-0.95502,273.14
1.2185e-05,-1.0751e-05,2.6751e+25,-1.721,-1.033,273.53
1.2185e-05,-1.0273e-05,2.6811e+25,-1.381,-1.202,273.02
1.2185e-05,-9.7956e-06,2.6864e+25,-0.48393,-1.9597,273.07
1.2185e-05,-9.3178e-06,2.694e+25,-1.6934,-2.8653,271.87
1.2185e-05,-8.8399e-06,2.688e+25,-1.2221,-3.5766,272.27
1.2185e-05,-8.3621e-06,2.6803e+25,-0.82515,-3.6781,273.38
1.2185e-05,-7.8842e-06,2.6763e+25,-0.75699,-3.2097,273.6
1.2185e-05,-7.4064e-06,2.6817e+25,-1.3116,-3.3866,273.15
1.2185e-05,-6.9286e-06,2.6723e+25,-0.97049,-3.6128,272.8
1.2185e-05,-6.4508e-06,2.6856e+25,-0.6628,-4.3862,271.92
1.2185e-05,-5.9729e-06,2.6812e+25,-0.44274,-4.4396,272.17
1.2185e-05,-5.4951e-06,2.6932e+25,-0.83041,-4.7413,271.79
1.2185e-05,-5.0173e-06,2.6935e+25,-1.9629,-4.9081,271.64
1.2185e-05,-4.5394e-06,2.6935e+25,-2.3058,-5.9451,271.72
1.2185e-05,-4.0616e-06,2.693e+25,-2.2083,-6.0739,271.51
1.2185e-05,-3.5838e-06,2.6905e+25,-2.4318,-6.6247,271.6
1.2185e-05,-3.1059e-06,2.6972e+25,-2.496,-6.6476,270.99
1.2185e-05,-2.6281e-06,2.7005e+25,-2.2619,-7.1237,270.62
1.2185e-05,-2.1502e-06,2.7139e+25,-2.0287,-7.7112,269.99
1.2185e-05,-1.6724e-06,2.7134e+25,-1.6747,-8.3843,270.35
1.2185e-05,-1.1946e-06,2.7042e+25,-1.9044,-8.8064,270.37
1.2185e-05,-7.1675e-07,2.7062e+25,-2.6653,-9.3945,270.71
1.2185e-05,-2.3892e-07,2.6942e+25,-4.4358,-10.065,271.77
1.2185e-05,2.3892e-07,2.689e+25,-5.4319,-10.458,271.8
1.2185e-05,7.1675e-07,2.691e+25,-5.3052,-11.203,271.5
1.2185e-05,1.1946e-06,2.6935e+25,-4.0798,-12.113,271.79
1.2185e-05,1.6724e-06,2.6931e+25,-3.6226,-12.391,271.71
1.2185e-05,2.1502e-06,2.6869e+25,-3.9586,-12.325,272.02
1.2185e-05,2.6281e-06,2.6899e+25,-2.7052,-12.826,271.45
1.2185e-05,3.1059e-06,2.689e+25,-2.6964,-12.828,272.31
1.2185e-05,3.5838e-06,2.6841e+25,-3.7469,-13.447,272.42
1.2185e-05,4.0616e-06,2.6957e+25,-3.8512,-13.781,271.86
1.2185e-05,4.5394e-06,2.7046e+25,-3.942,-13.938,270.66
1.2185e-05,5.0173e-06,2.7024e+25,-3.3177,-13.939,271.06
1.2185e-05,5.4951e-06,2.6914e+25,-3.1447,-13.807,271.33
1.2185e-05,5.9729e-06,2.6881e+25,-3.6118,-13.954,271.16
1.2185e-05,6.4508e-06,2.6861e+25,-4.8377,-13.904,271.94
1.2185e-05,6.9286e-06,2.6993e+25,-5.2109,-13.54,271.42
1.2185e-05,7.4064e-06,2.6961e+25,-5.3849,-13.61,271.12
1.2185e-05,7.8842e-06,2.6917e+25,-4.7699,-14.051,272.44
1.2185e-05,8.3621e-06,2.6949e+25,-3.738,-14.501,271.88
1.2185e-05,8.8399e-06,2.6937e+25,-3.5093,-14.574,271.55
1.2185e-05,9.3178e-06,2.6993e+25,-4.1601,-14.272,271.5
1.2185e-05,9.7956e-06,2.6919e+25,-4.1468,-14.156,271.97
1.2185e-05,1.0273e-05,2.692e+25,-3.7853,-13.25,271.93
1.2185e-05,1.0751e-05,2.6874e+25,-2.471,-12.027,272.14
1.2185e-05,1.1229e-05,2.702e+25,-0.21935,-11.17,272.03
1.2185e-05,1.1707e-05,2.7015e+25,0.0099921,-10.646,271.77
1.2185e-05,1.2185e-05,2.6894e+25,2.2899,-10.107,272.33
1.2185e-05,1.2663e-05,2.6901e+25,3.9067,-9.9547,272.1
1.2185e-05,1.314e-05,2.6868e+25,4.9916,-9.2672,273.32
1.2185e-05,1.3618e-05,2.6852e+25,6.7754,-7.9091,274.01
1.2185e-05,1.4096e-05,2.6822e+25,8.0581,-6.3564,273.78
1.2185e-05,1.4574e-05,2.6832e+25,10.173,-4.9807,273.47
1.2185e-05,1.5052e-05,2.6939e+25,13.749,-3.299,272.3
1.2185e-05,1.553e-05,2.7017e+25,17.172,-2.3842,271.46
1.2185e-05,1.6007e-05,2.7075e+25,21.195,-1.2215,271.99
1.2185e-05,1.6485e-05,2.6961e+25,26.662,-0.47424,272.37
1.2185e-05,1.6963e-05,2.6919e+25,31.328,-0.37705,272.69
1.2663e-05,-1.6963e-05,2.6838e+25,-0.76632,-0.039638,273.28
1.2663e-05,-1.6485e-05,2.6847e+25,-0.84772,0.34011,272.84
1.2663e-05,-1.6007e-05,2.7017e+25,-0.47547,0.79384,271.76
1.2663e-05,-1.553e-05,2.6919e+25,-0.77822,0.73257,272.19
1.2663e-05,-1.5052e-05,2.688e+25,-0.59337,-0.085481,272.83
1.2663e-05,-1.4574e-05,2.6786e+25,0.40458,-1.0264,272.88
1.2663e-05,-1.4096e-05,2.6924e+25,-0.12963,-1.6325,272.33
1.2663e-05,-1.3618e-05,2.6831e+25,-0.40965,-2.4356,272.75
1.2663e-05,-1.314e-05,2.6873e+25,-1.9202,-2.4849,272.5
1.2663e-05,-1.2663e-05,2.6811e+25,-2.7347,-2.0471,273.06
1.2663e-05,-1.2185e-05,2.6858e+25,-2.3974,-1.8983,272.91
1.2663e-05,-1.1707e-05,2.6828e+25,-1.6706,-2.1069,272.9
1.2663e-05,-1.1229e-05,2.6817e+25,-2.2521,-1.6408,273.11
1.2663e-05,-1.0751e-05,2.6814e+25,-1.6941,-1.4487,272.3
1.2663e-05,-1.0273e-05,2.6906e+25,-0.88972,-2.0298,272.24
1.2663e-05,-9.7956e-06,2.6865e+25,0.051402,-1.867,272.27
1.2663e-05,-9.3178e-06,2.6852e+25,-0.44701,-2.5489,271.88
1.2663e-05,-8.8399e-06,2.6866e+25,-1.1186,-3.2436,272.33
1.2663e-05,-8.3621e-06,2.685e+25,-0.77884,-3.0469,272.7
1.2663e-05,-7.8842e-06,2.6861e+25,-0.20704,-3.7489,271.75
1.2663e-05,-7.4064e-06,2.6922e+25,-0.933,-4.1506,272.22
1.2663e-05,-6.9286e-06,2.6891e+25,-0.30258,-4.8295,272.24
1.2663e-05,-6.4508e-06,2.6837e+25,-0.671,-4.9337,272.15
1.2663e-05,-5.9729e-06,2.687e+25,-0.58726,-4.5404,272.23
1.2663e-05,-5.4951e-06,2.6912e+25,-0.3922,-4.5755,272.63
1.2663e-05,-5.0173e-06,2.6936e+25,-1.3979,-5.3499,272.11
1.2663e-05,-4.5394e-06,2.6822e+25,-1.873,-5.5018,272.22
1.2663e-05,-4.0616e-06,2.6856e+25,-1.7187,-6.1922,272.43
1.2663e-05,-3.5838e-06,2.7014e+25,-2.2034,-6.6661,271.34
1.2663e-05,-3.1059e-06,2.6987e+25,-1.9682,-6.9733,271.37
1.2663e-05,-2.6281e-06,2.7037e+25,-1.4159,-7.6207,270.28
1.2663e-05,-2.1502e-06,2.7113e+25,-1.5302,-8.2364,270.19
1.2663e-05,-1.6724e-06,2.708e+25,-1.2654,-8.7163,270.17
1.2663e-05,-1.1946e-06,2.7074e+25,-1.6906,-8.8815,270.48
1.2663e-05,-7.1675e-07,2.7035e+25,-2.2677,-8.7461,270.5
1.2663e-05,-2.3892e-07,2.6978e+25,-3.7679,-9.4512,270.79
1.2663e-05,2.3892e-07,2.7083e+25,-5.0959,-10.122,270.81
1.2663e-05,7.1675e-07,2.6941e+25,-4.2279,-10.954,271.85
1.2663e-05,1.1946e-06,2.6759e+25,-3.6193,-11.556,272.35
1.2663e-05,1.6724e-06,2.6918e+25,-3.4762,-11.942,271.88
1.2663e-05,2.1502e-06,2.6975e+25,-3.4661,-12.506,270.73
1.2663e-05,2.6281e-06,2.7025e+25,-2.6189,-12.899,271.38
1.2663e-05,3.1059e-06,2.6965e+25,-2.8904,-12.823,271.46
1.2663e-05,3.5838e-06,2.6913e+25,-3.3769,-12.572,271.68
1.2663e-05,4.0616e-06,2.7027e+25,-3.4881,-12.681,271.18
1.2663e-05,4.5394e-06,2.6989e+25,-3.6171,-13.163,271.37
1.2663e-05,5.0173e-06,2.6976e+25,-3.8182,-13.302,270.63
1.2663e-05,5.4951e-06,2.7065e+25,-2.8009,-13.306,270.55
1.2663e-05,5.9729e-06,2.704e+25,-3.5266,-13.563,270.56
1.2663e-05,6.4508e-06,2.6982e+25,-4.4584,-13.914,271.52
1.2663e-05,6.9286e-06,2.6974e+25,-4.9472,-14.976,271.36
1.2663e-05,7.4064e-06,2.6991e+25,-5.1157,-15.386,270.71
1.2663e-05,7.8842e-06,2.7021e+25,-4.2877,-15.637,271.34
1.2663e-05,8.3621e-06,2.6981e+25,-3.8161,-15.715,271.68
1.2663e-05,8.8399e-06,2.6916e+25,-3.9436,-15.161,271.88
1.2663e-05,9.3178e-06,2.6879e+25,-4.3229,-15.082,272.34
1.2663e-05,9.7956e-06,2.6888e+25,-4.7169,-14.69,272.42
1.2663e-05,1.0273e-05,2.6899e+25,-4.8075,-14.072,272.66
1.2663e-05,1.0751e-05,2.6876e+25,-3.2919,-13.563,272.45
1.2663e-05,1.1229e-05,2.7081e+25,-1.0382,-12.782,271.6
1.2663e-05,1.1707e-05,2.6999e+25,-0.23149,-12.282,272.01
1.2663e-05,1.2185e-05,2.685e+25,1.9298,-12.028,272.57
1.2663e-05,1.2663e-05,2.6852e+25,3.3417,-11.476,273.11
1.2663e-05,1.314e-05,2.6862e+25,3.4518,-10.296,273.15
1.2663e-05,1.3618e-05,2.6867e+25,5.1316,-8.6687,273.38
1.2663e-05,1.4096e-05,2.687e+25,6.8107,-7.2588,273.7
1.2663e-05,1.4574e-05,2.6867e+25,8.5535,-5.931,273.19
1.2663e-05,1.5052e-05,2.7003e+25,12.358,-4.4019,272.2
1.2663e-05,1.553e-05,2.6964e+25,16.007,-2.7964,272.17
1.2663e-05,1.6007e-05,2.708e+25,20.321,-1.6401,271.96
1.2663e-05,1.6485e-05,2.701e+25,25.648,-0.84287,271.84
1.2663e-05,1.6963e-05,2.6916e+25,31.102,0.11984,273.17
1.314e-05,-1.6963e-05,2.682e+25,-0.38068,-0.35528,273.12
1.314e-05,-1.6485e-05,2.6858e+25,-1.3131,-0.34303,272.71
1.314e-05,-1.6007e-05,2.6835e+25,-0.96271,0.28409,272.7
1.314e-05,-1.553e-05,2.6937e+25,-0.018702,0.005314,271.71
1.314e-05,-1.5052e-05,2.6915e+25,0.14707,-0.7418,271.56
1.314e-05,-1.4574e-05,2.693e+25,0.58687,-0.94766,271.83
1.314e-05,-1.4096e-05,2.6834e+25,0.70139,-1.2759,272.88
1.314e-05,-1.3618e-05,2.6846e+25,-0.31387,-1.4511,272.54
1.314e-05,-1.314e-05,2.6942e+25,-1.4501,-1.7922,271.63
1.314e-05,-1.2663e-05,2.6799e+25,-2.9021,-2.74,272.57
1.314e-05,-1.2185e-05,2.6814e+25,-2.2998,-2.7301,273.07
1.314e-05,-1.1707e-05,2.6724e+25,-2.2109,-2.2302,273.26
1.314e-05,-1.1229e-05,2.6758e+25,-2.4931,-1.8124,272.97
1.314e-05,-1.0751e-05,2.6791e+25,-1.3955,-2.1055,273.05
1.314e-05,-1.0273e-05,2.6889e+25,-0.75437,-2.2227,272.56
1.314e-05,-9.7956e-06,2.6769e+25,-0.39539,-2.1943,272.67
1.314e-05,-9.3178e-06,2.684e+25,0.064301,-1.7355,272.26
1.314e-05,-8.8399e-06,2.6783e+25,-0.52074,-2.1236,272.7
1.314e-05,-8.3621e-06,2.6865e+25,-0.51226,-2.9517,272.35
1.314e-05,-7.8842e-06,2.6922e+25,0.39787,-3.246,271.46
1.314e-05,-7.4064e-06,2.6952e+25,-0.43943,-3.7301,272.02
1.314e-05,-6.9286e-06,2.6931e+25,-0.39306,-4.037,271.57
1.314e-05,-6.4508e-06,2.687e+25,-0.68481,-3.8136,272.21
1.314e-05,-5.9729e-06,2.6717e+25,-0.57947,-3.92,273.24
1.314e-05,-5.4951e-06,2.6814e+25,-0.65772,-3.5667,272.9
1.314e-05,-5.0173e-06,2.6826e+25,-0.30733,-4.2561,272.67
1.314e-05,-4.5394e-06,2.6822e+25,-1.3255,-5.3311,272.71
1.314e-05,-4.0616e-06,2.6794e+25,-1.0106,-6.0903,273.26
1.314e-05,-3.5838e-06,2.699e+25,-1.5759,-6.6135,271.48
1.314e-05,-3.1059e-06,2.7034e+25,-1.3905,-7.5711,271.06
1.314e-05,-2.6281e-06,2.704e+25,-1.1491,-7.773,270.69
1.314e-05,-2.1502e-06,2.6985e+25,-0.96125,-7.889,271.17
1.314e-05,-1.6724e-06,2.6979e+25,-1.0741,-8.0353,270.82
1.314e-05,-1.1946e-06,2.7086e+25,-1.6381,-8.3505,270.29
1.314e-05,-7.1675e-07,2.7008e+25,-2.5057,-8.1926,270.17
1.314e-05,-2.3892e-07,2.699e+25,-3.1948,-7.9315,270.77
1.314e-05,2.3892e-07,2.6952e+25,-3.8555,-9.3018,270.92
1.314e-05,7.1675e-07,2.6948e+25,-3.7341,-10.029,271.15
1.314e-05,1.1946e-06,2.684e+25,-3.3315,-10.271,272.16
1.314e-05,1.6724e-06,2.6857e+25,-2.9467,-10.152,272.16
1.314e-05,2.1502e-06,2.6884e+25,-2.6271,-11.255,271.79
1.314e-05,2.6281e-06,2.6942e+25,-2.4807,-12.181,271.54
1.314e-05,3.1059e-06,2.6976e+25,-2.7208,-12.343,271.63
1.314e-05,3.5838e-06,2.7029e+25,-3.5534,-12.537,270.75
1.314e-05,4.0616e-06,2.6937e+25,-3.2017,-12.519,272.25
1.314e-05,4.5394e-06,2.6882e+25,-3.1924,-13.042,271.21
1.314e-05,5.0173e-06,2.6944e+25,-3.5712,-13.484,271.2
1.314e-05,5.4951e-06,2.697e+25,-2.8047,-13.669,271.21
1.314e-05,5.9729e-06,2.6874e+25,-3.5109,-13.456,272.21
1.314e-05,6.4508e-06,2.6895e+25,-3.4446,-14.067,272.04
1.314e-05,6.9286e-06,2.6913e+25,-4.5069,-14.656,271.75
1.314e-05,7.4064e-06,2.6873e+25,-4.5027,-15.4,271.58
1.314e-05,7.8842e-06,2.6842e+25,-4.1671,-15.854,272.03
1.314e-05,8.3621e-06,2.6948e+25,-4.2122,-15.726,272.12
1.314e-05,8.8399e-06,2.6825e+25,-3.8277,-16.381,272.88
1.314e-05,9.3178e-06,2.6767e+25,-4.2076,-16.598,273.63
1.314e-05,9.7956e-06,2.6744e+25,-4.9297,-16.691,273.47
1.314e-05,1.0273e-05,2.6848e+25,-5.1352,-16.648,272.71
1.314e-05,1.0751e-05,2.685e+25,-3.6349,-16.615,272.45
1.314e-05,1.1229e-05,2.6918e+25,-1.6929,-16.177,271.62
1.314e-05,1.1707e-05,2.6852e+25,-0.89341,-15.744,272.49
1.314e-05,1.2185e-05,2.6866e+25,1.0982,-14.782,273.24
1.314e-05,1.2663e-05,2.6877e+25,2.0124,-13.034,272.94
1.314e-05,1.314e-05,2.6953e+25,2.7545,-11.894,272.64
1.314e-05,1.3618e-05,2.7002e+25,3.4309,-11.05,272.85
1.314e-05,1.4096e-05,2.6979e+25,5.0337,-9.0695,272.98
1.314e-05,1.4574e-05,2.7005e+25,6.938,-7.0021,272.33
1.314e-05,1.5052e-05,2.6941e+25,10.585,-5.3902,272.56
1.314e-05,1.553e-05,2.6947e+25,14.524,-3.6797,272.85
1.314e-05,1.6007e-05,2.6943e+25,19.306,-2.3071,272.88
1.314e-05,1.6485e-05,2.703e+25,24.733,-1.0656,272.17
1.314e-05,1.6963e-05,2.6962e+25,30.577,-0.30084,272.49
1.3618e-05,-1.6963e-05,2.679e+25,-0.37744,0.23803,273.33
1.3618e-05,-1.6485e-05,2.676e+25,-1.5281,0.26421,273.24
1.3618e-05,-1.6007e-05,2.69e+25,-0.8024,-0.035853,272.32
1.3618e-05,-1.553e-05,2.6914e+25,0.40495,-0.29958,271.64
1.3618e-05,-1.5052e-05,2.6965e+25,0.31516,-0.37941,271.43
1.3618e-05,-1.4574e-05,2.6904e+25,0.8193,-0.27871,272.09
1.3618e-05,-1.4096e-05,2.6919e+25,0.78307,-0.2723,272
1.3618e-05,-1.3618e-05,2.688e+25,-0.2261,-0.42121,272.28
1.3618e-05,-1.314e-05,2.6953e+25,-1.023,-0.62609,271.77
1.3618e-05,-1.2663e-05,2.6861e+25,-2.0189,-0.7483,272.04
1.3618e-05,-1.2185e-05,2.6927e+25,-2.4144,-1.3132,271.99
1.3618e-05,-1.1707e-05,2.6884e+25,-2.5863,-1.3581,272.51
1.3618e-05,-1.1229e-05,2.6844e+25,-2.3005,-1.4537,273.04
1.3618e-05,-1.0751e-05,2.6782e+25,-1.1744,-1.6995,273.38
1.3618e-05,-1.0273e-05,2.6761e+25,-0.57167,-1.8336,273.01
1.3618e-05,-9.7956e-06,2.6771e+25,-0.77508,-1.7781,272.52
1.3618e-05,-9.3178e-06,2.6891e+25,-0.01383,-1.7651,272.72
1.3618e-05,-8.8399e-06,2.6869e+25,0.044998,-1.806,272.35
1.3618e-05,-8.3621e-06,2.7081e+25,-0.014197,-2.3716,271.08
1.3618e-05,-7.8842e-06,2.7047e+25,0.39853,-2.4959,270.96
1.3618e-05,-7.4064e-06,2.6951e+25,0.39039,-2.945,271.64
1.3618e-05,-6.9286e-06,2.6967e+25,-0.38461,-3.0947,271.96
1.3618e-05,-6.4508e-06,2.6954e+25,-0.58138,-3.6679,271.63
1.3618e-05,-5.9729e-06,2.7004e+25,-0.57093,-3.7774,271.72
1.3618e-05,-5.4951e-06,2.6926e+25,-0.18492,-4.5105,272.26
1.3618e-05,-5.0173e-06,2.6875e+25,0.24672,-4.6743,271.99
1.3618e-05,-4.5394e-06,2.6792e+25,-0.47935,-4.9187,272.94
1.3618e-05,-4.0616e-06,2.6932e+25,-0.43395,-5.2547,271.37
1.3618e-05,-3.5838e-06,2.6893e+25,-0.66981,-6.4072,271.55
1.3618e-05,-3.1059e-06,2.6897e+25,-0.42013,-7.3505,271.59
1.3618e-05,-2.6281e-06,2.6903e+25,-1.1497,-8.3002,271.79
1.3618e-05,-2.1502e-06,2.6873e+25,-1.0519,-8.2115,271.56
1.3618e-05,-1.6724e-06,2.7025e+25,-0.8385,-8.3365,270.63
1.3618e-05,-1.1946e-06,2.7072e+25,-1.8187,-7.7332,270.6
1.3618e-05,-7.1675e-07,2.7041e+25,-2.7983,-7.4132,270.53
1.3618e-05,-2.3892e-07,2.701e+25,-2.4417,-7.6612,270.62
1.3618e-05,2.3892e-07,2.7036e+25,-2.5869,-8.3727,270.44
1.3618e-05,7.1675e-07,2.7095e+25,-3.3381,-9.4615,271.11
1.3618e-05,1.1946e-06,2.695e+25,-3.6615,-9.6838,272.09
1.3618e-05,1.6724e-06,2.6887e+25,-2.8648,-9.7905,272.14
1.3618e-05,2.1502e-06,2.6999e+25,-1.074,-10.133,271.33
1.3618e-05,2.6281e-06,2.7104e+25,-2.0486,-10.764,270.7
1.3618e-05,3.1059e-06,2.701e+25,-2.581,-11.095,271.13
1.3618e-05,3.5838e-06,2.6953e+25,-3.0971,-11.738,271.43
1.3618e-05,4.0616e-06,2.6979e+25,-2.8871,-12.454,271.18
1.3618e-05,4.5394e-06,2.6914e+25,-3.0402,-12.536,271.46
1.3618e-05,5.0173e-06,2.6934e+25,-2.8946,-12.747,271.22
1.3618e-05,5.4951e-06,2.6882e+25,-3.1568,-12.858,271.96
1.3618e-05,5.9729e-06,2.6884e+25,-2.8923,-13.396,272.62
1.3618e-05,6.4508e-06,2.6835e+25,-2.7515,-14.165,272.98
1.3618e-05,6.9286e-06,2.6954e+25,-4.0397,-14.467,272.49
1.3618e-05,7.4064e-06,2.6964e+25,-3.9672,-14.959,271.88
1.3618e-05,7.8842e-06,2.6825e+25,-3.7645,-15.605,272.43
1.3618e-05,8.3621e-06,2.6908e+25,-3.4494,-16.525,272.64
1.3618e-05,8.8399e-06,2.6834e+25,-3.2934,-17.392,273.12
1.3618e-05,9.3178e-06,2.6851e+25,-3.9082,-17.768,272.6
1.3618e-05,9.7956e-06,2.6909e+25,-5.1292,-17.675,272.26
1.3618e-05,1.0273e-05,2.6915e+25,-5.0546,-17.529,272.26
1.3618e-05,1.0751e-05,2.684e+25,-3.6133,-17.708,272.63
1.3618e-05,1.1229e-05,2.6888e+25,-2.0017,-17.524,272.49
1.3618e-05,1.1707e-05,2.6901e+25,-1.3105,-17.388,272.76
1.3618e-05,1.2185e-05,2.6746e+25,-0.37917,-16.53,273.82
1.3618e-05,1.2663e-05,2.6993e+25,0.44574,-15.125,272.57
1.3618e-05,1.314e-05,2.6907e+25,1.8046,-13.72,272.71
1.3618e-05,1.3618e-05,2.7017e+25,2.0623,-12.372,272.38
1.3618e-05,1.4096e-05,2.7043e+25,3.1228,-11.077,272.41
1.3618e-05,1.4574e-05,2.7043e+25,5.2409,-9.2906,271.97
1.3618e-05,1.5052e-05,2.6988e+25,8.4311,-7.3214,272.07
1.3618e-05,1.553e-05,2.693e+25,12.801,-4.7735,272.86
1.3618e-05,1.6007e-05,2.698e+25,17.631,-2.811,272.13
1.3618e-05,1.6485e-05,2.6995e+25,23.658,-1.3701,273.04
1.3618e-05,1.6963e-05,2.6921e+25,29.977,-0.38473,273.27
1.4096e-05,-1.6963e-05,2.6734e+25,-0.52044,-0.13319,273.43
1.4096e-05,-1.6485e-05,2.6814e+25,-1.2463,-0.45328,273.47
1.4096e-05,-1.6007e-05,2.6849e+25,-0.49168,-0.87121,272.8
1.4096e-05,-1.553e-05,2.6922e+25,0.40218,-0.86686,272.11
1.4096e-05,-1.5052e-05,2.6961e+25,0.51271,-0.89126,271.81
1.4096e-05,-1.4574e-05,2.6929e+25,-0.19444,-0.32882,272.19
1.4096e-05,-1.4096e-05,2.6812e+25,0.7584,0.58037,272.42
1.4096e-05,-1.3618e-05,2.694e+25,0.28649,0.5123,271.8
1.4096e-05,-1.314e-05,2.6895e+25,-1.4399,0.57005,271.34
1.4096e-05,-1.2663e-05,2.6779e+25,-1.7598,0.77728,272.27
1.4096e-05,-1.2185e-05,2.6918e+25,-2.2179,1.0035,271.79
1.4096e-05,-1.1707e-05,2.6854e+25,-2.209,0.18517,271.8
1.4096e-05,-1.1229e-05,2.6866e+25,-1.8939,-0.55403,273.02
1.4096e-05,-1.0751e-05,2.6874e+25,-0.86611,-1.0171,272.88
1.4096e-05,-1.0273e-05,2.6969e+25,-0.42063,-1.2626,272.18
1.4096e-05,-9.7956e-06,2.6821e+25,-0.35463,-1.9717,272.44
1.4096e-05,-9.3178e-06,2.6824e+25,0.032514,-2.3962,271.81
1.4096e-05,-8.8399e-06,2.6903e+25,-0.13406,-2.1731,272.15
1.4096e-05,-8.3621e-06,2.7073e+25,0.45264,-1.8367,270.74
1.4096e-05,-7.8842e-06,2.7018e+25,0.70393,-2.4147,271.22
1.4096e-05,-7.4064e-06,2.6896e+25,0.41646,-2.5175,272.2
1.4096e-05,-6.9286e-06,2.6895e+25,0.061199,-2.735,272.11
1.4096e-05,-6.4508e-06,2.6922e+25,0.093624,-3.3444,271.42
1.4096e-05,-5.9729e-06,2.6902e+25,0.12461,-4.4652,272.05
1.4096e-05,-5.4951e-06,2.6972e+25,0.15243,-4.7502,272.17
1.4096e-05,-5.0173e-06,2.6893e+25,-0.14299,-4.5278,272.16
1.4096e-05,-4.5394e-06,2.6935e+25,-0.37208,-4.0233,272.41
1.4096e-05,-4.0616e-06,2.6924e+25,0.13332,-4.5912,272.29
1.4096e-05,-3.5838e-06,2.6861e+25,0.45601,-5.1543,272.98
1.4096e-05,-3.1059e-06,2.6883e+25,0.38237,-5.7652,271.98
1.4096e-05,-2.6281e-06,2.6927e+25,-0.97796,-5.7676,271.15
1.4096e-05,-2.1502e-06,2.7067e+25,-0.90207,-6.0709,270.52
1.4096e-05,-1.6724e-06,2.7086e+25,-0.98593,-5.833,270.72
1.4096e-05,-1.1946e-06,2.7015e+25,-2.0387,-6.1677,270.44
1.4096e-05,-7.1675e-07,2.6987e+25,-2.9067,-6.5593,271.21
1.4096e-05,-2.3892e-07,2.7008e+25,-2.3617,-6.6187,270.55
1.4096e-05,2.3892e-07,2.6932e+25,-1.6251,-6.9121,270.99
1.4096e-05,7.1675e-07,2.6983e+25,-2.5242,-7.3698,271.53
1.4096e-05,1.1946e-06,2.6915e+25,-3.3719,-8.2031,272.22
1.4096e-05,1.6724e-06,2.6768e+25,-2.5409,-8.7789,272.35
1.4096e-05,2.1502e-06,2.689e+25,-1.2038,-8.5564,272.24
1.4096e-05,2.6281e-06,2.69e+25,-1.2492,-8.8173,271.8
1.4096e-05,3.1059e-06,2.7102e+25,-2.1173,-9.5979,270.78
1.4096e-05,3.5838e-06,2.6946e+25,-1.8053,-10.743,271.73
1.4096e-05,4.0616e-06,2.6908e+25,-2.6861,-11.36,271.48
1.4096e-05,4.5394e-06,2.7015e+25,-2.5617,-11.848,271.2
1.4096e-05,5.0173e-06,2.7045e+25,-2.5413,-12.466,271.06
1.4096e-05,5.4951e-06,2.6955e+25,-3.1065,-12.772,271.4
1.4096e-05,5.9729e-06,2.6825e+25,-2.3462,-12.985,273.07
1.4096e-05,6.4508e-06,2.6789e+25,-2.3441,-13.147,272.91
1.4096e-05,6.9286e-06,2.7023e+25,-3.6214,-13.555,272.14
1.4096e-05,7.4064e-06,2.7019e+25,-2.927,-14.633,271.5
1.4096e-05,7.8842e-06,2.6983e+25,-2.7245,-15.669,271.47
1.4096e-05,8.3621e-06,2.6819e+25,-2.6205,-16.823,272.88
1.4096e-05,8.8399e-06,2.6833e+25,-3.1886,-16.96,272.75
1.4096e-05,9.3178e-06,2.6861e+25,-3.958,-16.758,272.53
1.4096e-05,9.7956e-06,2.6951e+25,-4.9441,-16.967,271.94
1.4096e-05,1.0273e-05,2.6981e+25,-4.4516,-17.751,271.92
1.4096e-05,1.0751e-05,2.6906e+25,-3.8513,-17.945,272.69
1.4096e-05,1.1229e-05,2.6844e+25,-2.2152,-17.84,272.62
1.4096e-05,1.1707e-05,2.6816e+25,-1.6785,-17.416,272.98
1.4096e-05,1.2185e-05,2.6743e+25,-1.3223,-17.193,273.75
1.4096e-05,1.2663e-05,2.6892e+25,-0.8309,-16.287,273.47
1.4096e-05,1.314e-05,2.6939e+25,0.53927,-15.297,272.78
1.4096e-05,1.3618e-05,2.702e+25,0.46676,-13.722,272.27
1.4096e-05,1.4096e-05,2.6968e+25,1.7924,-12.166,272.55
1.4096e-05,1.4574e-05,2.6982e+25,3.4537,-10.601,272.83
1.4096e-05,1.5052e-05,2.705e+25,6.2775,-8.6772,272.23
1.4096e-05,1.553e-05,2.7018e+25,10.204,-6.7708,272.21
1.4096e-05,1.6007e-05,2.7134e+25,15.876,-4.4732,271.68
1.4096e-05,1.6485e-05,2.7121e+25,21.748,-1.8192,272.15
1.4096e-05,1.6963e-05,2.6977e+25,29.096,-0.059915,273.59
1.4574e-05,-1.6963e-05,2.6769e+25,-0.04412,-0.10308,273.05
1.4574e-05,-1.6485e-05,2.6865e+25,-0.75321,-0.47853,272.56
1.4574e-05,-1.6007e-05,2.6863e+25,-0.23264,-0.94702,272.27
1.4574e-05,-1.553e-05,2.6901e+25,-0.068884,-0.55986,272.16
1.4574e-05,-1.5052e-05,2.6883e+25,0.3838,-0.064642,272.7
1.4574e-05,-1.4574e-05,2.6835e+25,-0.61743,-0.1754,272.86
1.4574e-05,-1.4096e-05,2.6812e+25,0.22042,0.025587,272.38
1.4574e-05,-1.3618e-05,2.6909e+25,0.23266,0.29707,271.88
1.4574e-05,-1.314e-05,2.6934e+25,-1.4018,0.37332,271.4
1.4574e-05,-1.2663e-05,2.6831e+25,-1.9295,0.37193,272.67
1.4574e-05,-1.2185e-05,2.6902e+25,-2.2301,0.47911,272.42
1.4574e-05,-1.1707e-05,2.6929e+25,-0.921,-0.050732,271.77
1.4574e-05,-1.1229e-05,2.6857e+25,-1.1162,-1.4566,272.27
1.4574e-05,-1.0751e-05,2.6839e+25,-0.68977,-1.9231,272.89
1.4574e-05,-1.0273e-05,2.7003e+25,0.33411,-2.3151,272.01
1.4574e-05,-9.7956e-06,2.6934e+25,0.12042,-2.7517,271.82
1.4574e-05,-9.3178e-06,2.6893e+25,-0.021242,-2.5865,271.54
1.4574e-05,-8.8399e-06,2.696e+25,-0.55158,-2.5032,271.61
1.4574e-05,-8.3621e-06,2.6958e+25,0.35184,-2.4513,271.26
1.4574e-05,-7.8842e-06,2.6961e+25,1.3038,-2.4777,271.3
1.4574e-05,-7.4064e-06,2.6867e+25,0.37307,-2.8282,272.36
1.4574e-05,-6.9286e-06,2.6863e+25,0.24471,-2.7898,272.33
1.4574e-05,-6.4508e-06,2.6943e+25,1.0621,-2.9469,272.29
1.4574e-05,-5.9729e-06,2.6799e+25,0.43478,-3.1803,273.18
1.4574e-05,-5.4951e-06,2.6848e+25,-0.34272,-2.9739,272.61
1.4574e-05,-5.0173e-06,2.6832e+25,-0.34414,-2.525,272.9
1.4574e-05,-4.5394e-06,2.6872e+25,0.052214,-2.7484,272.49
1.4574e-05,-4.0616e-06,2.685e+25,0.37723,-3.239,272.8
1.4574e-05,-3.5838e-06,2.6718e+25,1.0408,-3.4137,273.53
1.4574e-05,-3.1059e-06,2.6779e+25,0.22892,-3.4181,272.97
1.4574e-05,-2.6281e-06,2.6979e+25,-0.77076,-3.3189,271.48
1.4574e-05,-2.1502e-06,2.7011e+25,-0.85333,-3.3806,270.82
1.4574e-05,-1.6724e-06,2.6997e+25,-0.91492,-3.72,270.91
1.4574e-05,-1.1946e-06,2.7007e+25,-1.3128,-4.0517,271.39
1.4574e-05,-7.1675e-07,2.7012e+25,-2.4321,-4.6831,271.15
1.4574e-05,-2.3892e-07,2.6982e+25,-2.3737,-5.0007,271.31
1.4574e-05,2.3892e-07,2.6956e+25,-1.6039,-4.8578,271.22
1.4574e-05,7.1675e-07,2.6926e+25,-1.9652,-4.8574,271.83
1.4574e-05,1.1946e-06,2.6861e+25,-2.3106,-6.1804,272.8
1.4574e-05,1.6724e-06,2.6804e+25,-2.0498,-6.9833,272.46
1.4574e-05,2.1502e-06,2.6925e+25,-0.79057,-7.8959,272.11
1.4574e-05,2.6281e-06,2.6893e+25,-0.77957,-8.2936,271.73
1.4574e-05,3.1059e-06,2.6926e+25,-1.2886,-8.7787,271.78
1.4574e-05,3.5838e-06,2.6894e+25,-1.3613,-9.3658,271.68
1.4574e-05,4.0616e-06,2.6979e+25,-2.0435,-9.9077,271.32
1.4574e-05,4.5394e-06,2.6945e+25,-1.8222,-10.431,271.55
1.4574e-05,5.0173e-06,2.6989e+25,-2.4898,-10.837,271.32
1.4574e-05,5.4951e-06,2.6997e+25,-2.7827,-10.961,271.58
1.4574e-05,5.9729e-06,2.6924e+25,-2.3642,-10.844,271.85
1.4574e-05,6.4508e-06,2.7046e+25,-2.0952,-11.096,271
1.4574e-05,6.9286e-06,2.6981e+25,-2.0201,-12.184,271.19
1.4574e-05,7.4064e-06,2.6997e+25,-2.5387,-13.121,271.56
1.4574e-05,7.8842e-06,2.6934e+25,-1.5059,-13.793,271.88
1.4574e-05,8.3621e-06,2.6939e+25,-2.2857,-14.498,271.93
1.4574e-05,8.8399e-06,2.6857e+25,-2.822,-15.28,272.54
1.4574e-05,9.3178e-06,2.6995e+25,-3.5773,-15.916,272.16
1.4574e-05,9.7956e-06,2.697e+25,-4.2506,-16.611,271.76
1.4574e-05,1.0273e-05,2.6937e+25,-4.0022,-17.294,272.25
1.4574e-05,1.0751e-05,2.6905e+25,-3.5211,-18.307,272.11
1.4574e-05,1.1229e-05,2.6888e+25,-2.5751,-18.743,272.11
1.4574e-05,1.1707e-05,2.6978e+25,-1.5474,-18.708,272.38
1.4574e-05,1.2185e-05,2.6922e+25,-1.7886,-18.483,272.77
1.4574e-05,1.2663e-05,2.697e+25,-1.0203,-18.334,272.63
1.4574e-05,1.314e-05,2.6949e+25,-1.0355,-17.693,272.61
1.4574e-05,1.3618e-05,2.7013e+25,-1.0654,-16.314,272.42
1.4574e-05,1.4096e-05,2.7049e+25,0.15268,-14.788,272.37
1.4574e-05,1.4574e-05,2.7095e+25,1.8553,-13.202,272.7
1.4574e-05,1.5052e-05,2.7076e+25,4.0267,-11.371,272.58
1.4574e-05,1.553e-05,2.7092e+25,8.1304,-8.8091,272.31
1.4574e-05,1.6007e-05,2.7052e+25,12.657,-5.8469,272.77
1.4574e-05,1.6485e-05,2.7044e+25,19.203,-2.5999,273.2
1.4574e-05,1.6963e-05,2.6874e+25,28.256,-0.65553,273.95
1.5052e-05,-1.6963e-05,2.6868e+25,-0.043645,-0.17053,272.55
1.5052e-05,-1.6485e-05,2.6836e+25,-0.25505,-0.31137,272.23
1.5052e-05,-1.6007e-05,2.7016e+25,-0.024642,-0.38764,271.46
1.5052e-05,-1.553e-05,2.6981e+25,-0.34461,-0.48082,271.27
1.5052e-05,-1.5052e-05,2.6953e+25,-0.40427,-0.14432,271.61
1.5052e-05,-1.4574e-05,2.6864e+25,-0.014096,0.015305,272.54
1.5052e-05,-1.4096e-05,2.6801e+25,-0.024371,-0.58578,272.98
1.5052e-05,-1.3618e-05,2.6773e+25,-0.40022,0.22878,273.08
1.5052e-05,-1.314e-05,2.6878e+25,-1.1886,0.37676,272.75
1.5052e-05,-1.2663e-05,2.6743e+25,-1.8912,0.12294,273.25
1.5052e-05,-1.2185e-05,2.685e+25,-2.1527,-0.14493,272.83
1.5052e-05,-1.1707e-05,2.6865e+25,0.16101,-1.0194,272.54
1.5052e-05,-1.1229e-05,2.6804e+25,0.25083,-2.0174,272.7
1.5052e-05,-1.0751e-05,2.6904e+25,-0.27514,-3.1786,272.65
1.5052e-05,-1.0273e-05,2.6981e+25,0.1362,-3.1343,272.26
1.5052e-05,-9.7956e-06,2.6905e+25,0.11921,-2.8386,272.18
1.5052e-05,-9.3178e-06,2.7116e+25,-0.26803,-2.6105,270.74
1.5052e-05,-8.8399e-06,2.7097e+25,-0.44782,-2.4406,270.45
1.5052e-05,-8.3621e-06,2.6979e+25,0.88751,-3.0301,271.42
1.5052e-05,-7.8842e-06,2.6858e+25,1.1198,-2.9561,272.64
1.5052e-05,-7.4064e-06,2.6842e+25,0.52679,-2.5153,272.04
1.5052e-05,-6.9286e-06,2.6798e+25,0.18685,-2.4821,272.71
1.5052e-05,-6.4508e-06,2.6837e+25,0.6501,-2.1389,272.97
1.5052e-05,-5.9729e-06,2.6771e+25,0.051276,-1.4929,272.89
1.5052e-05,-5.4951e-06,2.6836e+25,-0.02225,-1.2228,272.5
1.5052e-05,-5.0173e-06,2.6848e+25,-0.37788,-1.9148,272.59
1.5052e-05,-4.5394e-06,2.6844e+25,0.10549,-1.9542,272.27
1.5052e-05,-4.0616e-06,2.6847e+25,1.07,-2.0848,272.23
1.5052e-05,-3.5838e-06,2.6874e+25,0.93703,-2.4023,272.46
1.5052e-05,-3.1059e-06,2.6858e+25,-0.13957,-1.796,271.89
1.5052e-05,-2.6281e-06,2.6886e+25,-0.84201,-1.5693,271.22
1.5052e-05,-2.1502e-06,2.6968e+25,-0.22918,-1.9328,271.33
1.5052e-05,-1.6724e-06,2.6958e+25,-0.26295,-2.6214,270.88
1.5052e-05,-1.1946e-06,2.7018e+25,-1.1074,-3.1665,271.69
1.5052e-05,-7.1675e-07,2.6828e+25,-1.9901,-3.6022,272.12
1.5052e-05,-2.3892e-07,2.693e+25,-1.9661,-4.0012,272.31
1.5052e-05,2.3892e-07,2.6892e+25,-1.5293,-4.3842,272.87
1.5052e-05,7.1675e-07,2.6831e+25,-1.5485,-4.757,272.79
1.5052e-05,1.1946e-06,2.689e+25,-1.6303,-4.813,272.32
1.5052e-05,1.6724e-06,2.6765e+25,-0.95666,-6.0055,272.86
1.5052e-05,2.1502e-06,2.6898e+25,-0.12954,-6.5017,271.9
1.5052e-05,2.6281e-06,2.6889e+25,-0.82897,-6.6742,272.04
1.5052e-05,3.1059e-06,2.6901e+25,-0.84905,-6.3653,272.44
1.5052e-05,3.5838e-06,2.6986e+25,-0.7012,-7.1026,271.66
1.5052e-05,4.0616e-06,2.6904e+25,-1.2619,-7.7579,271.92
1.5052e-05,4.5394e-06,2.6933e+25,-1.2933,-8.783,271.4
1.5052e-05,5.0173e-06,2.6899e+25,-2.4417,-9.0639,272
1.5052e-05,5.4951e-06,2.6925e+25,-2.347,-9.4667,271.81
1.5052e-05,5.9729e-06,2.6915e+25,-2.5338,-9.545,271.65
1.5052e-05,6.4508e-06,2.6851e+25,-1.7988,-9.2407,272.16
1.5052e-05,6.9286e-06,2.6928e+25,-1.2311,-9.7164,272.17
1.5052e-05,7.4064e-06,2.6827e+25,-1.2972,-10.847,272.86
1.5052e-05,7.8842e-06,2.6904e+25,-0.94029,-11.88,272.57
1.5052e-05,8.3621e-06,2.6902e+25,-1.6023,-12.564,272.28
1.5052e-05,8.8399e-06,2.6791e+25,-1.9579,-13.187,273.09
1.5052e-05,9.3178e-06,2.7014e+25,-3.0875,-13.915,272.13
1.5052e-05,9.7956e-06,2.6971e+25,-2.9417,-15.14,272.04
1.5052e-05,1.0273e-05,2.6908e+25,-2.5436,-17.077,272.63
1.5052e-05,1.0751e-05,2.6942e+25,-2.8454,-18.107,271.92
1.5052e-05,1.1229e-05,2.6958e+25,-2.0611,-18.365,272.38
1.5052e-05,1.1707e-05,2.6903e+25,-2.4098,-18.087,272.33
1.5052e-05,1.2185e-05,2.6927e+25,-1.3852,-17.799,272.93
1.5052e-05,1.2663e-05,2.6945e+25,-1.3319,-18.094,272.77
1.5052e-05,1.314e-05,2.6848e+25,-1.4028,-18.1,273.22
1.5052e-05,1.3618e-05,2.6995e+25,-2.1311,-17.763,272.52
1.5052e-05,1.4096e-05,2.7067e+25,-0.99604,-16.864,272.12
1.5052e-05,1.4574e-05,2.7139e+25,0.18188,-15.618,271.81
1.5052e-05,1.5052e-05,2.7171e+25,1.7803,-13.862,271.45
1.5052e-05,1.553e-05,2.72e+25,4.8441,-10.865,271.96
1.5052e-05,1.6007e-05,2.7049e+25,9.35,-7.4653,273.83
1.5052e-05,1.6485e-05,2.7035e+25,15.732,-3.8603,273.42
1.5052e-05,1.6963e-05,2.7091e+25,26.624,-0.79528,273.51
1.553e-05,-1.6963e-05,2.6901e+25,0.098638,0.23967,272.16
1.553e-05,-1.6485e-05,2.6942e+25,-0.030562,0.13391,271.93
1.553e-05,-1.6007e-05,2.6978e+25,-0.12523,-0.51548,271.1
1.553e-05,-1.553e-05,2.7062e+25,-0.32414,-0.32947,270.77
1.553e-05,-1.5052e-05,2.7011e+25,-0.40893,-0.030725,271.09
1.553e-05,-1.4574e-05,2.692e+25,0.0039271,-0.43277,272.33
1.553e-05,-1.4096e-05,2.6817e+25,-0.027149,0.11661,273.16
1.553e-05,-1.3618e-05,2.6878e+25,-0.92456,-0.41139,273.22
1.553e-05,-1.314e-05,2.6963e+25,-1.2345,0.103,272.14
1.553e-05,-1.2663e-05,2.6907e+25,-1.4586,0.23153,271.94
1.553e-05,-1.2185e-05,2.6925e+25,-1.0063,-0.8075,272.6
1.553e-05,-1.1707e-05,2.6844e+25,0.81359,-1.8079,272.59
1.553e-05,-1.1229e-05,2.6852e+25,1.0138,-2.0379,272.7
1.553e-05,-1.0751e-05,2.6856e+25,0.1487,-2.1081,272.24
1.553e-05,-1.0273e-05,2.6909e+25,0.19666,-2.5221,272.53
1.553e-05,-9.7956e-06,2.6864e+25,-0.16487,-2.5569,272.04
1.553e-05,-9.3178e-06,2.6977e+25,-0.58115,-2.4937,271.17
1.553e-05,-8.8399e-06,2.7004e+25,0.061625,-2.8497,271.09
1.553e-05,-8.3621e-06,2.6957e+25,0.91782,-2.8321,271.4
1.553e-05,-7.8842e-06,2.7003e+25,0.55044,-2.4693,271.89
1.553e-05,-7.4064e-06,2.6853e+25,0.20033,-2.0703,272.77
1.553e-05,-6.9286e-06,2.6841e+25,0.045796,-1.7489,272.8
1.553e-05,-6.4508e-06,2.6918e+25,0.14685,-1.4644,272.6
1.553e-05,-5.9729e-06,2.682e+25,-0.16973,-1.1891,272.65
1.553e-05,-5.4951e-06,2.6948e+25,0.18795,-1.36,272.8
1.553e-05,-5.0173e-06,2.684e+25,0.26682,-1.617,273.17
1.553e-05,-4.5394e-06,2.6943e+25,-0.027143,-2.1319,272.09
1.553e-05,-4.0616e-06,2.6935e+25,1.3778,-2.2947,272.09
1.553e-05,-3.5838e-06,2.6948e+25,0.23957,-1.6253,272.06
1.553e-05,-3.1059e-06,2.6895e+25,-0.64463,-0.85174,272.06
1.553e-05,-2.6281e-06,2.6935e+25,-0.47235,-0.87021,271.71
1.553e-05,-2.1502e-06,2.6944e+25,-0.17814,-1.042,271.74
1.553e-05,-1.6724e-06,2.6893e+25,-0.070896,-0.80241,271.96
1.553e-05,-1.1946e-06,2.6938e+25,-0.4206,-1.135,272.13
1.553e-05,-7.1675e-07,2.6823e+25,-1.3449,-2.0341,272.42
1.553e-05,-2.3892e-07,2.6884e+25,-1.6164,-2.6636,271.95
1.553e-05,2.3892e-07,2.6757e+25,-1.2351,-3.1114,272.88
1.553e-05,7.1675e-07,2.6803e+25,-0.9711,-3.876,273.32
1.553e-05,1.1946e-06,2.6879e+25,-1.3054,-4.6615,272.7
1.553e-05,1.6724e-06,2.678e+25,-0.015588,-4.8303,273.2
1.553e-05,2.1502e-06,2.6923e+25,-0.40586,-5.2587,271.91
1.553e-05,2.6281e-06,2.6896e+25,-0.84709,-5.0334,271.98
1.553e-05,3.1059e-06,2.6761e+25,-0.64858,-5.32,272.96
1.553e-05,3.5838e-06,2.6831e+25,-0.26569,-5.2476,272.76
1.553e-05,4.0616e-06,2.687e+25,-0.26565,-5.742,272.12
1.553e-05,4.5394e-06,2.6959e+25,-0.54749,-6.427,272.3
1.553e-05,5.0173e-06,2.694e+25,-1.8421,-7.2876,271.7
1.553e-05,5.4951e-06,2.6898e+25,-2.311,-7.4881,271.88
1.553e-05,5.9729e-06,2.6869e+25,-2.7105,-7.6842,272.16
1.553e-05,6.4508e-06,2.6767e+25,-1.202,-8.3221,272.88
1.553e-05,6.9286e-06,2.6825e+25,-0.69348,-9.3565,272.44
1.553e-05,7.4064e-06,2.6886e+25,-0.20917,-9.8147,272.22
1.553e-05,7.8842e-06,2.6941e+25,-0.42577,-10.28,272.29
1.553e-05,8.3621e-06,2.6888e+25,-0.85557,-10.536,272.91
1.553e-05,8.8399e-06,2.6794e+25,-1.2238,-11.368,272.54
1.553e-05,9.3178e-06,2.7013e+25,-1.8755,-12.286,271.96
1.553e-05,9.7956e-06,2.695e+25,-1.5388,-13.678,272.01
1.553e-05,1.0273e-05,2.6884e+25,-1.2019,-14.629,272.85
1.553e-05,1.0751e-05,2.6866e+25,-2.26,-15.483,272.98
1.553e-05,1.1229e-05,2.6907e+25,-1.7247,-15.974,273.14
1.553e-05,1.1707e-05,2.6922e+25,-2.5952,-16.498,272.01
1.553e-05,1.2185e-05,2.6956e+25,-1.4899,-16.592,272.18
1.553e-05,1.2663e-05,2.6998e+25,-1.1927,-16.673,272.35
1.553e-05,1.314e-05,2.7075e+25,-0.85879,-17.37,271.66
1.553e-05,1.3618e-05,2.7105e+25,-2.3399,-18.007,272.29
1.553e-05,1.4096e-05,2.7217e+25,-1.953,-17.427,271.47
1.553e-05,1.4574e-05,2.7189e+25,-1.0187,-16.7,271.78
1.553e-05,1.5052e-05,2.72e+25,-0.03711,-15.527,271.42
1.553e-05,1.553e-05,2.7196e+25,1.6445,-13.36,272.21
1.553e-05,1.6007e-05,2.7165e+25,5.4649,-9.9104,272.88
1.553e-05,1.6485e-05,2.7243e+25,11.669,-5.8011,273.02
1.553e-05,1.6963e-05,2.7088e+25,23.908,-1.5227,273.68
1.6007e-05,-1.6963e-05,2.6851e+25,-0.28886,-0.10849,273.05
1.6007e-05,-1.6485e-05,2.7005e+25,0.72801,-0.3765,271.97
1.6007e-05,-1.6007e-05,2.7166e+25,-0.12188,-0.26947,270.17
1.6007e-05,-1.553e-05,2.7107e+25,-0.87773,-0.074045,270.72
1.6007e-05,-1.5052e-05,2.7011e+25,-0.16311,-0.25402,271.35
1.6007e-05,-1.4574e-05,2.6959e+25,-0.03144,-0.14982,271.83
1.6007e-05,-1.4096e-05,2.6798e+25,-0.074244,-0.13621,272.66
1.6007e-05,-1.3618e-05,2.6829e+25,-0.55774,-0.0065473,272.65
1.6007e-05,-1.314e-05,2.691e+25,-1.7638,0.00034135,272.31
1.6007e-05,-1.2663e-05,2.6956e+25,-1.0783,-0.72061,271.98
1.6007e-05,-1.2185e-05,2.6924e+25,0.42673,-1.7715,272.06
1.6007e-05,-1.1707e-05,2.6869e+25,0.79955,-1.8953,272.17
1.6007e-05,-1.1229e-05,2.6789e+25,0.87715,-1.3671,272.98
1.6007e-05,-1.0751e-05,2.6889e+25,0.25424,-1.2842,272.93
1.6007e-05,-1.0273e-05,2.6917e+25,0.60636,-1.2946,272.33
1.6007e-05,-9.7956e-06,2.6926e+25,0.13263,-1.7758,271.78
1.6007e-05,-9.3178e-06,2.689e+25,0.047788,-2.3239,271.56
1.6007e-05,-8.8399e-06,2.7099e+25,-0.50304,-2.1422,270.28
1.6007e-05,-8.3621e-06,2.7011e+25,0.47375,-1.4699,271.09
1.6007e-05,-7.8842e-06,2.6975e+25,0.022747,-0.87346,271.51
1.6007e-05,-7.4064e-06,2.6964e+25,-0.08137,-0.66324,272.4
1.6007e-05,-6.9286e-06,2.6965e+25,0.098434,-0.80997,271.65
1.6007e-05,-6.4508e-06,2.6918e+25,-0.18976,-0.7798,272.27
1.6007e-05,-5.9729e-06,2.6871e+25,0.080495,-1.0791,272.2
1.6007e-05,-5.4951e-06,2.6814e+25,0.13348,-1.3078,272.52
1.6007e-05,-5.0173e-06,2.6682e+25,0.50716,-0.9007,273.49
1.6007e-05,-4.5394e-06,2.6862e+25,0.1764,-0.98301,271.98
1.6007e-05,-4.0616e-06,2.6837e+25,0.74504,-0.35261,272.28
1.6007e-05,-3.5838e-06,2.6917e+25,-0.31107,-0.0056139,272.23
1.6007e-05,-3.1059e-06,2.6927e+25,-1.0854,-0.0025644,272.39
1.6007e-05,-2.6281e-06,2.682e+25,-0.035061,-0.14214,272.23
1.6007e-05,-2.1502e-06,2.6827e+25,-0.46302,0.066962,272.27
1.6007e-05,-1.6724e-06,2.6834e+25,0.21536,-0.28945,272.66
1.6007e-05,-1.1946e-06,2.6807e+25,0.2195,-0.75526,272.98
1.6007e-05,-7.1675e-07,2.6695e+25,-0.59407,-1.0556,273.65
1.6007e-05,-2.3892e-07,2.6923e+25,-1.0591,-1.8247,272.15
1.6007e-05,2.3892e-07,2.6845e+25,-0.45048,-2.7352,272.35
1.6007e-05,7.1675e-07,2.6818e+25,0.13333,-3.4303,272.99
1.6007e-05,1.1946e-06,2.694e+25,-0.94481,-3.8701,272.26
1.6007e-05,1.6724e-06,2.6786e+25,0.20267,-4.1977,273.23
1.6007e-05,2.1502e-06,2.6697e+25,-0.15771,-4.3049,273.47
1.6007e-05,2.6281e-06,2.6778e+25,-1.1576,-4.2625,272.69
1.6007e-05,3.1059e-06,2.6801e+25,-0.51505,-4.2018,272.7
1.6007e-05,3.5838e-06,2.6843e+25,-0.17054,-4.2379,272.64
1.6007e-05,4.0616e-06,2.6854e+25,0.051691,-4.2604,272.19
1.6007e-05,4.5394e-06,2.6978e+25,-0.092963,-4.17,271.24
1.6007e-05,5.0173e-06,2.6862e+25,-1.0467,-4.854,272.13
1.6007e-05,5.4951e-06,2.6965e+25,-2.1518,-5.5328,272.29
1.6007e-05,5.9729e-06,2.6978e+25,-1.6383,-6.5393,272.15
1.6007e-05,6.4508e-06,2.6872e+25,-0.137,-7.8716,272.1
1.6007e-05,6.9286e-06,2.6896e+25,-0.30501,-7.944,272.54
1.6007e-05,7.4064e-06,2.6859e+25,-0.30173,-7.8472,272.75
1.6007e-05,7.8842e-06,2.6846e+25,-0.2705,-7.7509,273.27
1.6007e-05,8.3621e-06,2.6871e+25,-0.59812,-7.8456,273.16
1.6007e-05,8.8399e-06,2.6741e+25,-0.17513,-8.3762,273.1
1.6007e-05,9.3178e-06,2.6922e+25,-0.59024,-9.4756,273.08
1.6007e-05,9.7956e-06,2.6855e+25,-0.19508,-10.819,272.88
1.6007e-05,1.0273e-05,2.6912e+25,-0.60913,-11.719,272.41
1.6007e-05,1.0751e-05,2.6989e+25,-1.5561,-12.14,272.33
1.6007e-05,1.1229e-05,2.688e+25,-1.6862,-12.548,272.73
1.6007e-05,1.1707e-05,2.6926e+25,-1.7087,-12.837,272.66
1.6007e-05,1.2185e-05,2.6978e+25,-1.053,-13.698,272.37
1.6007e-05,1.2663e-05,2.6955e+25,-0.65073,-14.239,273.02
1.6007e-05,1.314e-05,2.6918e+25,-0.16148,-15.008,272.53
1.6007e-05,1.3618e-05,2.7067e+25,-1.9795,-15.45,271.42
1.6007e-05,1.4096e-05,2.719e+25,-2.1566,-15.966,271.4
1.6007e-05,1.4574e-05,2.7208e+25,-1.417,-16.248,271.94
1.6007e-05,1.5052e-05,2.7166e+25,-1.176,-16.002,272.22
1.6007e-05,1.553e-05,2.7284e+25,-0.62567,-14.994,272.23
1.6007e-05,1.6007e-05,2.7292e+25,1.821,-12.464,272.83
1.6007e-05,1.6485e-05,2.7256e+25,6.8694,-7.9492,273.63
1.6007e-05,1.6963e-05,2.7256e+25,19.293,-2.5985,273.88
1.6485e-05,-1.6963e-05,2.6762e+25,-0.030678,0.099001,273.15
1.6485e-05,-1.6485e-05,2.6894e+25,0.8123,0.097795,272.14
1.6485e-05,-1.6007e-05,2.6883e+25,-0.28537,-0.055738,272.72
1.6485e-05,-1.553e-05,2.696e+25,-0.49595,-0.0291,271.94
1.6485e-05,-1.5052e-05,2.7114e+25,-0.34675,-0.36325,270.13
1.6485e-05,-1.4574e-05,2.6863e+25,-0.11578,-0.091527,271.99
1.6485e-05,-1.4096e-05,2.6857e+25,-0.074992,-0.13187,272.34
1.6485e-05,-1.3618e-05,2.6761e+25,-0.65369,-0.41485,273.23
1.6485e-05,-1.314e-05,2.6772e+25,-0.76382,-1.0218,273.29
1.6485e-05,-1.2663e-05,2.6785e+25,-0.07075,-2.1199,272.55
1.6485e-05,-1.2185e-05,2.7021e+25,0.82698,-2.4901,271.61
1.6485e-05,-1.1707e-05,2.6833e+25,0.23306,-2.3013,272.7
1.6485e-05,-1.1229e-05,2.6838e+25,0.10512,-1.5807,272.36
1.6485e-05,-1.0751e-05,2.6936e+25,-0.061817,-0.97689,272.31
1.6485e-05,-1.0273e-05,2.6955e+25,0.4409,-0.67402,272.08
1.6485e-05,-9.7956e-06,2.6916e+25,0.33507,-0.43008,272.33
1.6485e-05,-9.3178e-06,2.6866e+25,0.21194,-0.30585,271.88
1.6485e-05,-8.8399e-06,2.6968e+25,-0.41605,-0.65864,271.15
1.6485e-05,-8.3621e-06,2.7001e+25,-0.17487,-0.69206,271.13
1.6485e-05,-7.8842e-06,2.6883e+25,-0.30398,-0.76194,272.41
1.6485e-05,-7.4064e-06,2.688e+25,-0.17383,-0.28092,272.45
1.6485e-05,-6.9286e-06,2.6958e+25,0.54555,-0.44896,271.87
1.6485e-05,-6.4508e-06,2.6974e+25,-0.34178,-0.56055,272.17
1.6485e-05,-5.9729e-06,2.6845e+25,0.20822,-0.54374,272.82
1.6485e-05,-5.4951e-06,2.6855e+25,-0.089098,-0.11958,272.2
1.6485e-05,-5.0173e-06,2.682e+25,0.59425,-0.2942,272.54
1.6485e-05,-4.5394e-06,2.6896e+25,0.0097198,-0.33278,272.31
1.6485e-05,-4.0616e-06,2.6865e+25,0.18645,-0.31999,272.23
1.6485e-05,-3.5838e-06,2.6841e+25,-0.28051,0.1819,272.93
1.6485e-05,-3.1059e-06,2.6961e+25,-0.7163,-0.23843,272.07
1.6485e-05,-2.6281e-06,2.6776e+25,-0.36888,-0.42172,272.89
1.6485e-05,-2.1502e-06,2.6766e+25,-0.31828,-0.64182,273.12
1.6485e-05,-1.6724e-06,2.6688e+25,0.76817,-0.81549,273.47
1.6485e-05,-1.1946e-06,2.6769e+25,0.20794,-0.75599,273.31
1.6485e-05,-7.1675e-07,2.6762e+25,-0.32043,-0.6709,273.56
1.6485e-05,-2.3892e-07,2.6786e+25,-0.39814,-1.0808,273.04
1.6485e-05,2.3892e-07,2.6848e+25,0.21622,-1.3121,272.94
1.6485e-05,7.1675e-07,2.6792e+25,0.13819,-1.5358,272.94
1.6485e-05,1.1946e-06,2.6841e+25,-0.55178,-1.5942,273.27
1.6485e-05,1.6724e-06,2.6803e+25,0.21308,-1.8228,273.07
1.6485e-05,2.1502e-06,2.6811e+25,-0.069136,-1.7708,272.97
1.6485e-05,2.6281e-06,2.6871e+25,-0.80316,-1.8437,272.64
1.6485e-05,3.1059e-06,2.6747e+25,-0.42342,-2.526,272.95
1.6485e-05,3.5838e-06,2.6838e+25,0.083148,-2.9097,272.75
1.6485e-05,4.0616e-06,2.6895e+25,-0.37687,-3.1623,272.44
1.6485e-05,4.5394e-06,2.6953e+25,-0.21365,-2.7039,270.94
1.6485e-05,5.0173e-06,2.6831e+25,-0.38347,-2.9242,272.44
1.6485e-05,5.4951e-06,2.683e+25,-0.9452,-3.8745,272.95
1.6485e-05,5.9729e-06,2.6777e+25,-0.46132,-5.0797,273.04
1.6485e-05,6.4508e-06,2.6844e+25,0.1704,-5.3841,272.71
1.6485e-05,6.9286e-06,2.6813e+25,-0.27111,-5.5995,272.42
1.6485e-05,7.4064e-06,2.6805e+25,-0.066886,-5.6211,272.57
1.6485e-05,7.8842e-06,2.6781e+25,-0.53744,-5.751,273.12
1.6485e-05,8.3621e-06,2.6818e+25,-0.26928,-5.9303,273.37
1.6485e-05,8.8399e-06,2.6699e+25,0.42683,-6.2449,273.57
1.6485e-05,9.3178e-06,2.6747e+25,0.099257,-6.1919,274.25
1.6485e-05,9.7956e-06,2.6819e+25,0.20186,-6.1727,273.4
1.6485e-05,1.0273e-05,2.6868e+25,0.016387,-6.2564,272.97
1.6485e-05,1.0751e-05,2.6967e+25,-1.1804,-6.7653,272.15
1.6485e-05,1.1229e-05,2.7002e+25,-0.87016,-7.5526,272.42
1.6485e-05,1.1707e-05,2.6948e+25,-1.0033,-8.5805,272.99
1.6485e-05,1.2185e-05,2.6842e+25,-0.60297,-9.1449,273.39
1.6485e-05,1.2663e-05,2.6919e+25,-0.23444,-9.4429,272.56
1.6485e-05,1.314e-05,2.7054e+25,0.28949,-9.3779,272.11
1.6485e-05,1.3618e-05,2.7188e+25,-1.0177,-10.076,271.08
1.6485e-05,1.4096e-05,2.7221e+25,-1.1693,-11.181,271.56
1.6485e-05,1.4574e-05,2.7197e+25,-1.1946,-11.995,272.02
1.6485e-05,1.5052e-05,2.7222e+25,-0.87007,-12.778,271.86
1.6485e-05,1.553e-05,2.7306e+25,-1.3903,-13.095,272.39
1.6485e-05,1.6007e-05,2.74e+25,-0.97452,-12.498,272.44
1.6485e-05,1.6485e-05,2.755e+25,2.1692,-10.047,272.67
1.6485e-05,1.6963e-05,2.7696e+25,12.417,-3.4039,273.37
1.6963e-05,-1.6963e-05,2.6846e+25,-0.13146,-0.11578,272.99
1.6963e-05,-1.6485e-05,2.6763e+25,0.38168,0.20527,273.8
1.6963e-05,-1.6007e-05,2.6766e+25,-0.040166,0.69165,273.62
1.6963e-05,-1.553e-05,2.6838e+25,-0.34706,0.13505,273.36
1.6963e-05,-1.5052e-05,2.6809e+25,-0.056888,-0.049684,273.38
1.6963e-05,-1.4574e-05,2.6774e+25,-0.089088,-0.47453,272.92
1.6963e-05,-1.4096e-05,2.6869e+25,0.12236,-0.41903,272.42
1.6963e-05,-1.3618e-05,2.6772e+25,-0.26838,-0.59598,273.5
1.6963e-05,-1.314e-05,2.6783e+25,-0.24094,-1.1097,273.26
1.6963e-05,-1.2663e-05,2.688e+25,0.42658,-1.082,272.78
1.6963e-05,-1.2185e-05,2.6935e+25,0.042819,-0.47158,271.9
1.6963e-05,-1.1707e-05,2.6883e+25,0.10053,-0.027907,272.46
1.6963e-05,-1.1229e-05,2.6848e+25,-0.24387,-0.28245,272.69
1.6963e-05,-1.0751e-05,2.6938e+25,0.068237,-0.4962,272
1.6963e-05,-1.0273e-05,2.6945e+25,0.13125,-0.29881,271.8
1.6963e-05,-9.7956e-06,2.6876e+25,-0.028149,-0.13455,272.28
1.6963e-05,-9.3178e-06,2.6872e+25,0.21482,0.10612,272.07
1.6963e-05,-8.8399e-06,2.6814e+25,-0.3314,0.07545,272.89
1.6963e-05,-8.3621e-06,2.6973e+25,0.050189,-0.18524,271.92
1.6963e-05,-7.8842e-06,2.693e+25,-0.24907,-0.2588,272.22
1.6963e-05,-7.4064e-06,2.6901e+25,-0.033793,-0.66097,272.78
1.6963e-05,-6.9286e-06,2.6851e+25,0.18099,-0.44597,272.26
1.6963e-05,-6.4508e-06,2.6871e+25,0.10559,-0.30702,272.65
1.6963e-05,-5.9729e-06,2.6868e+25,-0.18104,-0.39915,272.5
1.6963e-05,-5.4951e-06,2.6843e+25,-0.0056857,-0.50325,272.45
1.6963e-05,-5.0173e-06,2.6868e+25,0.22246,-0.12288,272.61
1.6963e-05,-4.5394e-06,2.6891e+25,0.26553,-0.038858,272.27
1.6963e-05,-4.0616e-06,2.6879e+25,-0.2442,0.26803,272.89
1.6963e-05,-3.5838e-06,2.6747e+25,-0.10409,-0.16657,273.12
1.6963e-05,-3.1059e-06,2.6791e+25,-0.20983,-0.46524,273.23
1.6963e-05,-2.6281e-06,2.6778e+25,0.11273,-0.68097,273.22
1.6963e-05,-2.1502e-06,2.6772e+25,-0.026367,-0.98239,272.92
1.6963e-05,-1.6724e-06,2.6813e+25,0.32009,-0.568,272.94
1.6963e-05,-1.1946e-06,2.6638e+25,0.21123,-0.17096,273.76
1.6963e-05,-7.1675e-07,2.6748e+25,-0.24469,-0.31957,273.42
1.6963e-05,-2.3892e-07,2.6814e+25,0.14743,-0.41915,273.03
1.6963e-05,2.3892e-07,2.6747e+25,-0.01003,-0.39218,273.27
1.6963e-05,7.1675e-07,2.6748e+25,0.11023,-0.23633,272.96
1.6963e-05,1.1946e-06,2.6778e+25,0.089326,-0.27675,273.37
1.6963e-05,1.6724e-06,2.6701e+25,-0.089701,-0.39807,273.68
1.6963e-05,2.1502e-06,2.6779e+25,-0.096844,-0.42048,273.12
1.6963e-05,2.6281e-06,2.6843e+25,-0.33522,-0.76041,272.77
1.6963e-05,3.1059e-06,2.678e+25,0.074547,-1.0393,272.93
1.6963e-05,3.5838e-06,2.6825e+25,0.30834,-0.9267,272.99
1.6963e-05,4.0616e-06,2.6933e+25,-0.27804,-0.96523,272.24
1.6963e-05,4.5394e-06,2.6894e+25,-0.048104,-1.389,272.66
1.6963e-05,5.0173e-06,2.6778e+25,-0.026278,-1.3643,272.3
1.6963e-05,5.4951e-06,2.6864e+25,0.0040751,-1.5776,273.03
1.6963e-05,5.9729e-06,2.6872e+25,-0.14803,-1.8903,273.38
1.6963e-05,6.4508e-06,2.682e+25,0.16251,-1.8436,272.8
1.6963e-05,6.9286e-06,2.6843e+25,-0.092388,-1.9222,272.62
1.6963e-05,7.4064e-06,2.6817e+25,-0.20066,-2.0122,273.37
1.6963e-05,7.8842e-06,2.6933e+25,-0.028125,-2.3807,272.68
1.6963e-05,8.3621e-06,2.6802e+25,-0.13985,-2.5449,273.65
1.6963e-05,8.8399e-06,2.6868e+25,0.043161,-2.45,272.73
1.6963e-05,9.3178e-06,2.6723e+25,0.20517,-2.3784,273.61
1.6963e-05,9.7956e-06,2.6842e+25,0.001699,-2.065,273.32
1.6963e-05,1.0273e-05,2.6779e+25,0.17141,-1.9735,273.25
1.6963e-05,1.0751e-05,2.6877e+25,-0.41081,-2.3269,272.74
1.6963e-05,1.1229e-05,2.6924e+25,-0.13495,-3.0356,273.17
1.6963e-05,1.1707e-05,2.6891e+25,-0.23484,-3.5305,273.31
1.6963e-05,1.2185e-05,2.6894e+25,-0.25349,-3.9359,273.42
1.6963e-05,1.2663e-05,2.6853e+25,0.027494,-4.1465,273.51
1.6963e-05,1.314e-05,2.6882e+25,0.13177,-4.1063,273.41
1.6963e-05,1.3618e-05,2.6969e+25,-0.2944,-4.0694,272.52
1.6963e-05,1.4096e-05,2.7008e+25,-0.3276,-4.8662,272.84
1.6963e-05,1.4574e-05,2.7112e+25,-0.2423,-5.4317,272.36
1.6963e-05,1.5052e-05,2.721e+25,-0.22529,-5.8899,272.71
1.6963e-05,1.553e-05,2.7283e+25,-0.73302,-6.8813,272.65
1.6963e-05,1.6007e-05,2.75e+25,-0.77885,-8.2367,272.61
1.6963e-05,1.6485e-05,2.7699e+25,0.022783,-8.9001,272.9
1.6963e-05,1.6963e-05,2.8449e+25,3.9089,-5.982,274.41
